year,month,day,day_of_year,sin_doy,cos_doy,Depth,Chl,Temp,Sal,O2,NO3,PO4,POC,PON,POP,BAC,PP
1993,2,9,40,0.6354323008901774,0.7721565844991642,1.0,0.273,20.22,36.67,217.4,0.0,0.0,23.45,5.07,0.013,4.5,2.91
1993,2,9,40,0.6354323008901774,0.7721565844991642,20.0,0.283,20.152,36.666,216.9,0.0,0.0,25.11,5.32,0.011,4.3,5.81
1993,2,9,40,0.6354323008901774,0.7721565844991642,40.0,0.283,20.151,36.668,216.9,0.0,0.0,25.94,5.52,0.011,4.3,5.99
1993,2,9,40,0.6354323008901774,0.7721565844991642,60.0,0.341,20.133,36.679,215.7,0.0,0.0,22.13,4.81,0.012,6.2,3.14
1993,2,9,40,0.6354323008901774,0.7721565844991642,80.0,0.312,20.144,36.679,214.6,0.0,0.0,21.24,4.62,0.012,5.8,1.13
1993,2,9,40,0.6354323008901774,0.7721565844991642,100.0,0.244,20.122,36.682,218.2,0.13,0.0,17.21,3.54,0.011,4.8,0.49
1993,2,9,40,0.6354323008901774,0.7721565844991642,120.0,0.097,19.982,36.669,209.5,0.83,0.0,8.87,2.02,0.011,4.7,0.12
1993,2,9,40,0.6354323008901774,0.7721565844991642,140.0,0.019,19.14,36.624,197.0,2.41,0.08,11.26,2.2,0.007,3.9,0.08
1993,3,30,89,0.9992500112396835,0.03872228089217446,1.0,0.068,20.335,36.703,224.2,0.0,0.0,26.46,4.93,0.011,5.2,4.53
1993,3,30,89,0.9992500112396835,0.03872228089217446,20.0,0.068,20.133,36.709,225.1,0.0,0.0,25.31,4.6,0.011,5.6,1.16
1993,3,30,89,0.9992500112396835,0.03872228089217446,40.0,0.097,19.968,36.71,225.4,0.0,0.0,26.23,4.73,0.011,5.8,2.11
1993,3,30,89,0.9992500112396835,0.03872228089217446,60.0,0.195,19.909,36.705,225.5,0.0,0.0,29.59,5.13,0.013,6.4,4.06
1993,3,30,89,0.9992500112396835,0.03872228089217446,80.0,0.244,19.794,36.696,224.0,0.0,0.0,24.88,5.5,0.013,5.5,6.66
1993,3,30,89,0.9992500112396835,0.03872228089217446,100.0,0.312,19.429,36.653,223.7,0.0,0.0,24.13,5.86,0.011,6.0,1.26
1993,3,30,89,0.9992500112396835,0.03872228089217446,120.0,0.175,19.055,36.62,198.5,1.75,0.0,15.85,3.66,0.011,3.3,1.15
1993,3,30,89,0.9992500112396835,0.03872228089217446,140.0,0.078,18.938,36.612,199.9,2.5,0.07,9.1,2.33,0.005,2.4,0.24
1993,4,14,104,0.9760105506323683,-0.21772323039653177,1.0,0.068,20.815,36.753,222.7,0.0,0.0,16.93,2.9,0.01,4.7,2.87
1993,4,14,104,0.9760105506323683,-0.21772323039653177,20.0,0.068,20.806,36.751,222.9,0.0,0.0,19.66,3.44,0.01,4.5,4.46
1993,4,14,104,0.9760105506323683,-0.21772323039653177,40.0,0.068,20.773,36.749,222.5,0.0,0.0,17.0,2.93,0.008,4.8,3.84
1993,4,14,104,0.9760105506323683,-0.21772323039653177,60.0,0.068,20.767,36.748,222.5,0.0,0.0,15.27,2.54,0.008,5.3,3.87
1993,4,14,104,0.9760105506323683,-0.21772323039653177,80.0,0.117,20.415,36.726,225.7,0.0,0.0,24.21,4.27,0.008,5.9,4.19
1993,4,14,104,0.9760105506323683,-0.21772323039653177,100.0,0.224,20.143,36.718,222.0,0.0,0.0,20.91,4.07,0.011,5.6,5.08
1993,4,14,104,0.9760105506323683,-0.21772323039653177,120.0,0.224,19.575,36.674,222.0,0.0,0.0,20.91,4.07,0.011,5.6,1.38
1993,4,14,104,0.9760105506323683,-0.21772323039653177,140.0,0.097,19.308,36.631,211.5,1.1,0.0,10.39,2.23,0.006,2.7,0.65
1993,5,9,129,0.7961828637826158,-0.6050560696488488,1.0,0.098,21.55,36.542,226.4,0.0,0.08,35.7,4.99,0.015,5.8,4.73
1993,5,9,129,0.7961828637826158,-0.6050560696488488,80.0,0.283,19.106,36.603,219.8,1.23,0.13,40.25,7.95,0.011,6.2,3.1
1993,5,9,129,0.7961828637826158,-0.6050560696488488,100.0,0.575,19.029,36.603,218.8,1.3,0.05,26.8,5.12,0.006,4.9,0.31
1993,5,9,129,0.7961828637826158,-0.6050560696488488,120.0,0.575,19.029,36.603,218.8,1.3,0.05,26.8,5.12,0.006,4.9,0.09
1993,5,9,129,0.7961828637826158,-0.6050560696488488,140.0,0.019,18.729,36.595,216.8,1.91,0.15,10.29,2.09,0.006,3.6,-0.02
1993,6,14,165,0.29671281927349075,-0.9549667548552551,1.0,0.049,23.619,36.697,209.7,0.0,0.0,22.79,3.51,0.017,4.6,2.69
1993,6,14,165,0.29671281927349075,-0.9549667548552551,20.0,0.049,23.9,36.759,209.9,0.0,0.0,27.29,3.71,0.016,4.5,2.56
1993,6,14,165,0.29671281927349075,-0.9549667548552551,40.0,0.068,22.339,36.67,220.8,0.0,0.0,27.83,4.16,0.016,6.1,2.13
1993,6,14,165,0.29671281927349075,-0.9549667548552551,60.0,0.136,20.798,36.649,227.9,0.0,0.0,35.39,5.87,0.023,6.6,1.31
1993,6,14,165,0.29671281927349075,-0.9549667548552551,80.0,0.253,20.107,36.62,226.7,0.0,0.0,28.0,5.14,0.023,6.7,1.04
1993,6,14,165,0.29671281927349075,-0.9549667548552551,100.0,0.283,19.485,36.618,222.8,0.0,0.0,29.0,4.95,0.019,4.6,0.83
1993,6,14,165,0.29671281927349075,-0.9549667548552551,120.0,0.185,19.283,36.611,210.5,0.88,0.0,29.0,4.95,0.019,3.4,0.39
1993,6,14,165,0.29671281927349075,-0.9549667548552551,140.0,0.185,19.089,36.611,209.3,1.58,0.05,17.23,2.24,0.01,2.5,0.13
1993,7,13,194,-0.19667288979357622,-0.9804691603616321,1.0,0.039,26.97,36.743,205.7,0.0,0.06,24.17,3.22,0.014,5.2,3.29
1993,7,13,194,-0.19667288979357622,-0.9804691603616321,20.0,0.039,25.421,36.693,215.5,0.0,0.06,25.3,3.42,0.014,5.7,2.83
1993,7,13,194,-0.19667288979357622,-0.9804691603616321,40.0,0.049,23.271,36.634,227.4,0.0,0.0,30.48,4.27,0.014,6.6,2.97
1993,7,13,194,-0.19667288979357622,-0.9804691603616321,60.0,0.078,20.756,36.694,234.3,0.0,0.06,26.39,3.67,0.013,6.6,3.11
1993,7,13,194,-0.19667288979357622,-0.9804691603616321,80.0,0.136,20.319,36.684,226.2,0.0,0.06,24.48,3.74,0.013,6.0,2.21
1993,7,13,194,-0.19667288979357622,-0.9804691603616321,100.0,0.205,19.727,36.665,217.4,0.0,0.0,25.1,4.41,0.011,5.1,1.33
1993,7,13,194,-0.19667288979357622,-0.9804691603616321,120.0,0.283,19.287,36.627,212.1,0.3,0.0,17.58,3.55,0.011,4.7,1.36
1993,7,13,194,-0.19667288979357622,-0.9804691603616321,140.0,0.097,19.075,36.611,198.7,1.42,0.08,17.46,3.15,0.008,4.0,0.46
1993,8,18,230,-0.7295575540864876,-0.6839194216246105,1.0,0.059,27.462,36.645,200.3,0.0,0.04,18.91,2.72,0.007,4.2,2.16
1993,8,18,230,-0.7295575540864876,-0.6839194216246105,20.0,0.068,27.218,36.676,210.6,0.0,0.0,20.84,3.05,0.004,4.6,1.19
1993,8,18,230,-0.7295575540864876,-0.6839194216246105,40.0,0.068,23.986,36.729,228.3,0.0,0.0,27.88,3.69,0.004,7.0,0.62
1993,8,18,230,-0.7295575540864876,-0.6839194216246105,60.0,0.117,21.882,36.702,236.8,0.0,0.0,28.38,3.88,0.01,8.0,1.2
1993,8,18,230,-0.7295575540864876,-0.6839194216246105,80.0,0.137,21.405,36.693,232.3,0.0,0.0,26.18,4.07,0.01,7.7,0.6
1993,8,18,230,-0.7295575540864876,-0.6839194216246105,100.0,0.156,20.505,36.691,216.4,0.0,0.0,17.81,3.24,0.009,6.3,0.38
1993,8,18,230,-0.7295575540864876,-0.6839194216246105,120.0,0.136,19.815,36.663,213.0,0.0,0.0,16.63,2.72,0.009,4.6,0.2
1993,8,18,230,-0.7295575540864876,-0.6839194216246105,140.0,0.078,19.253,36.632,198.4,0.43,0.0,11.76,1.82,0.006,3.7,0.16
1993,9,14,257,-0.9587178169872964,-0.2843591872810036,1.0,0.049,27.135,36.416,203.0,0.0,0.05,25.86,4.18,0.008,4.1,4.94
1993,9,14,257,-0.9587178169872964,-0.2843591872810036,20.0,0.078,27.134,36.416,201.9,0.0,0.0,23.48,3.99,0.008,3.8,4.43
1993,9,14,257,-0.9587178169872964,-0.2843591872810036,40.0,0.098,23.295,36.567,226.2,0.0,0.0,28.74,4.89,0.008,6.2,4.67
1993,9,14,257,-0.9587178169872964,-0.2843591872810036,60.0,0.127,22.437,36.601,225.0,0.0,0.0,28.89,4.89,0.011,6.5,4.64
1993,9,14,257,-0.9587178169872964,-0.2843591872810036,80.0,0.185,20.198,36.609,210.5,0.0,0.04,45.4,8.72,0.011,7.5,6.12
1993,9,14,257,-0.9587178169872964,-0.2843591872810036,100.0,0.283,20.364,36.64,206.4,0.63,0.0,22.29,4.32,0.011,5.1,1.27
1993,9,14,257,-0.9587178169872964,-0.2843591872810036,120.0,0.136,19.855,36.64,202.3,1.56,0.07,15.0,3.17,0.011,3.8,0.37
1993,9,14,257,-0.9587178169872964,-0.2843591872810036,140.0,0.088,18.855,36.597,203.4,1.88,0.1,10.31,1.72,0.004,2.6,0.07
1993,10,12,285,-0.9813064702716093,0.19245158197082995,1.0,0.078,25.955,36.438,204.1,0.0,0.0,21.54,3.86,0.007,4.8,4.29
1993,10,12,285,-0.9813064702716093,0.19245158197082995,20.0,0.098,25.944,36.433,203.0,0.0,0.0,22.77,4.58,0.007,6.4,4.21
1993,10,12,285,-0.9813064702716093,0.19245158197082995,40.0,0.137,23.627,36.586,227.4,0.0,0.0,31.25,5.55,0.007,5.9,5.16
1993,10,12,285,-0.9813064702716093,0.19245158197082995,60.0,0.185,21.731,36.63,220.9,0.0,0.0,28.14,5.48,0.01,7.6,2.37
1993,10,12,285,-0.9813064702716093,0.19245158197082995,80.0,0.214,20.055,36.637,226.6,0.0,0.0,15.04,3.0,0.01,7.0,1.32
1993,10,12,285,-0.9813064702716093,0.19245158197082995,100.0,0.175,19.336,36.629,208.7,0.28,0.0,22.74,4.57,0.006,4.1,0.81
1993,10,12,285,-0.9813064702716093,0.19245158197082995,120.0,0.049,19.139,36.624,202.3,1.63,0.05,14.43,3.0,0.006,2.9,0.19
1993,10,12,285,-0.9813064702716093,0.19245158197082995,140.0,0.049,18.88,36.613,203.2,2.16,0.08,14.18,2.03,0.005,2.4,0.04
1993,11,9,313,-0.780295851070776,0.6254105729852457,1.0,0.049,24.949,36.526,209.4,0.0,0.0,21.27,3.47,0.007,5.2,3.24
1993,11,9,313,-0.780295851070776,0.6254105729852457,20.0,0.059,24.823,36.502,207.8,0.0,0.0,19.28,3.73,0.007,6.0,4.29
1993,11,9,313,-0.780295851070776,0.6254105729852457,40.0,0.068,24.833,36.516,207.4,0.0,0.0,28.59,4.32,0.007,5.4,3.82
1993,11,9,313,-0.780295851070776,0.6254105729852457,60.0,0.117,22.975,36.598,241.8,0.0,0.0,28.82,5.04,0.009,7.9,3.19
1993,11,9,313,-0.780295851070776,0.6254105729852457,80.0,0.185,21.054,36.628,237.8,0.0,0.0,20.94,3.99,0.009,6.0,2.07
1993,11,9,313,-0.780295851070776,0.6254105729852457,100.0,0.185,19.966,36.626,228.6,0.0,0.0,16.54,3.66,0.008,5.0,1.1
1993,11,9,313,-0.780295851070776,0.6254105729852457,120.0,0.146,19.322,36.603,211.4,0.0,0.0,16.79,3.4,0.008,4.3,0.46
1993,11,9,313,-0.780295851070776,0.6254105729852457,140.0,0.078,18.878,36.587,200.3,0.83,0.0,7.82,1.89,0.005,3.7,0.17
1994,2,18,49,0.7469720876965552,0.6648553979642865,1.0,0.136,20.358,36.612,222.0,0.0,0.0,22.62,4.24,0.011,5.5,5.53
1994,2,18,49,0.7469720876965552,0.6648553979642865,20.0,0.166,20.387,36.616,222.5,0.0,0.0,33.95,7.23,0.009,5.3,5.51
1994,2,18,49,0.7469720876965552,0.6648553979642865,40.0,0.263,20.174,36.588,223.5,0.0,0.0,30.68,6.12,0.009,5.0,4.71
1994,2,18,49,0.7469720876965552,0.6648553979642865,60.0,0.282,20.17,36.589,222.8,0.0,0.0,38.36,7.78,0.011,5.8,3.27
1994,2,18,49,0.7469720876965552,0.6648553979642865,80.0,0.214,20.166,36.589,222.8,0.0,0.0,25.07,5.77,0.013,6.0,1.12
1994,2,18,49,0.7469720876965552,0.6648553979642865,100.0,0.214,20.122,36.578,222.3,0.06,0.0,26.68,5.56,0.013,6.0,0.39
1994,2,18,49,0.7469720876965552,0.6648553979642865,120.0,0.049,19.777,36.556,218.7,0.58,0.0,10.74,2.64,0.013,4.0,0.1
1994,2,18,49,0.7469720876965552,0.6648553979642865,140.0,0.039,19.673,36.553,218.8,0.85,0.0,12.13,2.92,0.006,4.5,0.05
1995,12,15,349,-0.27195815753410524,0.9623090774541487,1.0,0.134,21.846,36.588,214.9,0.0,0.0,35.69,6.16,0.013,3.5,3.15
1995,12,15,349,-0.27195815753410524,0.9623090774541487,20.0,0.124,21.721,36.576,215.3,0.0,0.0,24.43,4.35,0.015,5.2,5.36
1995,12,15,349,-0.27195815753410524,0.9623090774541487,40.0,0.154,21.665,36.582,215.6,0.0,0.0,25.49,4.35,0.012,4.8,4.06
1995,12,15,349,-0.27195815753410524,0.9623090774541487,60.0,0.178,21.635,36.572,215.7,0.0,0.0,25.46,4.56,0.011,5.3,2.06
1995,12,15,349,-0.27195815753410524,0.9623090774541487,80.0,0.232,21.636,36.573,215.6,0.0,0.0,22.01,4.7,0.012,5.0,1.53
1995,12,15,349,-0.27195815753410524,0.9623090774541487,100.0,0.106,21.473,36.594,213.7,0.11,0.0,15.84,3.25,0.011,3.4,0.37
1995,12,15,349,-0.27195815753410524,0.9623090774541487,120.0,0.077,20.896,36.636,211.4,0.37,0.0,13.61,3.11,0.008,2.6,0.29
1995,12,15,349,-0.27195815753410524,0.9623090774541487,140.0,0.057,20.152,36.643,207.7,0.85,0.04,10.64,2.21,0.004,2.4,0.03
1996,1,30,30,0.49377555015997715,0.869589389346611,1.0,0.293,19.333,36.66,224.8,0.24,0.0,35.3,6.09,0.018,2.9,11.2
1996,1,30,30,0.49377555015997715,0.869589389346611,20.0,0.354,19.209,36.652,224.8,0.24,0.0,34.99,5.9,0.024,3.8,13.06
1996,1,30,30,0.49377555015997715,0.869589389346611,40.0,0.366,19.274,36.659,224.1,0.31,0.0,39.35,6.7,0.022,3.8,6.44
1996,1,30,30,0.49377555015997715,0.869589389346611,60.0,0.305,19.246,36.655,223.6,0.41,0.0,25.6,4.97,0.022,3.8,2.17
1996,1,30,30,0.49377555015997715,0.869589389346611,80.0,0.257,19.241,36.655,223.1,0.45,0.0,23.72,4.63,0.015,3.2,0.74
1996,1,30,30,0.49377555015997715,0.869589389346611,100.0,0.139,19.22,36.659,222.1,0.6,0.04,18.15,3.76,0.012,2.3,0.17
1996,1,30,30,0.49377555015997715,0.869589389346611,120.0,0.12,19.211,36.662,221.1,0.66,0.0,15.95,3.17,0.016,3.2,0.02
1996,1,30,30,0.49377555015997715,0.869589389346611,140.0,0.163,19.217,36.664,221.7,0.66,0.0,18.97,3.5,0.013,3.3,0.0
1996,2,15,46,0.7116566222817746,0.7025274741691571,1.0,0.0,19.08,36.655,225.7,0.52,0.0,29.5,0.0,0.023,3.2,8.32
1996,2,15,46,0.7116566222817746,0.7025274741691571,20.0,0.342,19.435,36.75,225.3,0.49,0.0,32.86,5.82,0.017,4.2,12.11
1996,2,15,46,0.7116566222817746,0.7025274741691571,40.0,0.366,19.168,36.688,224.5,0.51,0.0,31.84,5.69,0.024,2.7,10.56
1996,2,15,46,0.7116566222817746,0.7025274741691571,60.0,0.33,19.003,36.644,223.9,0.56,0.0,28.02,4.66,0.015,3.5,3.57
1996,2,15,46,0.7116566222817746,0.7025274741691571,80.0,0.281,19.057,36.645,223.7,0.57,0.0,30.63,5.3,0.018,3.5,1.15
1996,2,15,46,0.7116566222817746,0.7025274741691571,100.0,0.33,19.059,36.645,223.6,0.56,0.0,26.77,5.17,0.013,2.9,0.3
1996,2,15,46,0.7116566222817746,0.7025274741691571,120.0,0.268,19.024,36.649,223.4,0.6,0.0,24.41,4.66,0.021,4.2,0.06
1996,2,15,46,0.7116566222817746,0.7025274741691571,140.0,0.305,19.047,36.646,223.7,0.49,0.0,24.19,4.85,0.01,4.5,-0.01
1996,2,28,59,0.8498170915275278,0.5270777086423722,1.0,0.281,19.463,36.723,222.8,0.22,0.0,26.43,4.84,0.015,3.6,4.93
1996,2,28,59,0.8498170915275278,0.5270777086423722,20.0,0.305,19.197,36.72,222.6,0.22,0.0,32.42,5.76,0.018,4.7,8.45
1996,2,28,59,0.8498170915275278,0.5270777086423722,40.0,0.366,19.203,36.719,222.5,0.23,0.0,31.95,5.3,0.012,3.3,6.89
1996,2,28,59,0.8498170915275278,0.5270777086423722,60.0,0.428,19.2,36.719,222.3,0.24,0.0,29.63,5.43,0.018,4.7,1.79
1996,2,28,59,0.8498170915275278,0.5270777086423722,80.0,0.342,19.201,36.719,221.9,0.27,0.0,23.62,3.12,0.015,5.0,0.32
1996,2,28,59,0.8498170915275278,0.5270777086423722,100.0,0.366,19.206,36.72,221.6,0.28,0.0,21.66,4.51,0.015,2.4,0.08
1996,2,28,59,0.8498170915275278,0.5270777086423722,120.0,0.305,19.205,36.718,221.4,0.28,0.0,25.88,5.48,0.013,4.7,2.2
1996,2,28,59,0.8498170915275278,0.5270777086423722,140.0,0.268,19.208,36.718,221.4,0.28,0.0,23.54,4.64,0.018,3.8,0.78
1996,3,15,75,0.9611297838723007,0.27609697309746883,1.0,0.087,20.065,36.716,222.0,0.0,0.0,24.59,4.38,0.009,4.1,4.41
1996,3,15,75,0.9611297838723007,0.27609697309746883,20.0,0.106,19.908,36.711,222.2,0.0,0.0,27.13,4.45,0.01,5.5,6.1
1996,3,15,75,0.9611297838723007,0.27609697309746883,40.0,0.144,19.883,36.71,221.2,0.0,0.0,32.21,5.77,0.011,4.2,5.26
1996,3,15,75,0.9611297838723007,0.27609697309746883,60.0,0.378,19.738,36.701,211.4,0.53,0.0,37.74,6.77,0.021,3.6,7.04
1996,3,15,75,0.9611297838723007,0.27609697309746883,80.0,0.232,19.269,36.662,210.7,0.83,0.0,18.59,3.4,0.012,3.1,4.12
1996,3,15,75,0.9611297838723007,0.27609697309746883,100.0,0.232,19.145,36.685,222.1,0.43,0.0,24.94,5.25,0.014,3.9,0.92
1996,3,15,75,0.9611297838723007,0.27609697309746883,120.0,0.087,19.098,36.675,220.9,0.58,0.0,13.23,2.61,0.015,4.0,0.12
1996,3,15,75,0.9611297838723007,0.27609697309746883,140.0,0.033,19.074,36.67,219.3,0.75,0.0,10.97,1.88,0.005,4.0,0.03
1996,3,28,88,0.9984354211555643,0.055916990100603484,1.0,0.163,20.025,36.728,222.4,0.0,0.0,28.88,4.53,0.008,4.3,12.61
1996,3,28,88,0.9984354211555643,0.055916990100603484,40.0,0.428,19.609,36.72,222.4,0.0,0.0,42.05,7.07,0.011,2.5,13.1
1996,3,28,88,0.9984354211555643,0.055916990100603484,60.0,0.378,19.297,36.687,223.4,0.0,0.0,37.62,6.94,0.015,3.6,12.6
1996,3,28,88,0.9984354211555643,0.055916990100603484,80.0,0.391,19.279,36.712,224.3,0.0,0.0,33.96,6.29,0.01,5.1,4.23
1996,3,28,88,0.9984354211555643,0.055916990100603484,100.0,0.268,19.252,36.704,222.0,0.19,0.0,22.1,4.79,0.006,4.5,1.2
1996,3,28,88,0.9984354211555643,0.055916990100603484,120.0,0.091,19.015,36.661,217.5,0.73,0.0,14.76,2.84,0.01,3.2,0.0
1996,3,28,88,0.9984354211555643,0.055916990100603484,140.0,0.091,19.042,36.673,216.6,0.91,0.0,9.57,2.32,0.011,4.1,0.01
1996,4,23,114,0.9242907221930933,-0.3816892202666588,1.0,0.065,20.507,36.665,232.1,0.0,0.0,41.33,6.17,0.022,6.1,9.52
1996,4,23,114,0.9242907221930933,-0.3816892202666588,80.0,0.467,18.539,36.594,223.7,0.86,0.0,26.76,5.56,0.018,8.0,0.85
1996,4,23,114,0.9242907221930933,-0.3816892202666588,100.0,0.147,18.438,36.584,222.9,0.99,0.0,15.87,3.31,0.011,6.5,0.02
1996,4,23,114,0.9242907221930933,-0.3816892202666588,120.0,0.091,18.413,36.584,220.6,1.34,0.04,15.2,3.11,0.009,6.0,0.1
1996,4,23,114,0.9242907221930933,-0.3816892202666588,140.0,0.052,18.288,36.552,215.9,1.93,0.07,12.34,2.77,0.01,4.7,-0.06
1996,5,7,128,0.8064799463209448,-0.5912614448635781,1.0,0.065,21.832,36.709,220.3,0.0,0.0,35.04,5.81,0.014,6.5,6.06
1996,5,7,128,0.8064799463209448,-0.5912614448635781,20.0,0.06,21.128,36.77,225.2,0.0,0.0,35.83,6.02,0.013,9.1,4.8
1996,5,7,128,0.8064799463209448,-0.5912614448635781,40.0,0.069,20.062,36.706,221.1,0.0,0.0,30.32,5.05,0.01,5.5,2.79
1996,5,7,128,0.8064799463209448,-0.5912614448635781,60.0,0.157,19.679,36.693,220.0,0.0,0.0,43.34,8.08,0.014,6.4,3.72
1996,5,7,128,0.8064799463209448,-0.5912614448635781,140.0,0.104,18.591,36.605,214.5,1.98,0.07,11.1,2.44,0.009,5.3,-0.04
1996,6,11,163,0.3294084822245304,-0.9441875088341993,1.0,0.036,24.648,36.499,209.1,0.0,0.0,29.21,4.87,0.009,4.3,4.88
1996,6,11,163,0.3294084822245304,-0.9441875088341993,20.0,0.049,23.019,36.551,220.5,0.0,0.0,32.97,5.51,0.009,6.6,4.48
1996,6,11,163,0.3294084822245304,-0.9441875088341993,40.0,0.061,21.158,36.747,225.3,0.0,0.0,35.24,5.65,0.012,5.3,4.22
1996,6,11,163,0.3294084822245304,-0.9441875088341993,60.0,0.091,20.317,36.718,223.2,0.0,0.0,35.74,5.94,0.012,5.7,3.7
1996,6,11,163,0.3294084822245304,-0.9441875088341993,80.0,0.148,19.673,36.644,221.8,0.0,0.0,36.97,6.65,0.014,7.1,3.25
1996,6,11,163,0.3294084822245304,-0.9441875088341993,100.0,0.272,19.263,36.653,215.4,0.38,0.0,31.48,6.65,0.012,5.4,2.76
1996,6,11,163,0.3294084822245304,-0.9441875088341993,120.0,0.158,18.854,36.639,209.7,1.26,0.0,20.13,4.59,0.01,4.7,0.72
1996,6,11,163,0.3294084822245304,-0.9441875088341993,140.0,0.074,18.752,36.61,204.7,2.32,0.09,12.01,2.81,0.005,3.0,0.13
1996,7,9,191,-0.14579919691987442,-0.9893142039703664,1.0,0.059,26.369,36.408,203.3,0.0,0.0,35.27,5.99,0.012,3.8,10.17
1996,7,9,191,-0.14579919691987442,-0.9893142039703664,21.0,0.065,24.55,36.407,205.0,0.0,0.0,44.76,6.57,0.013,5.0,8.51
1996,7,9,191,-0.14579919691987442,-0.9893142039703664,40.0,0.083,22.566,36.606,223.6,0.0,0.0,41.24,6.57,0.015,6.0,6.51
1996,7,9,191,-0.14579919691987442,-0.9893142039703664,60.0,0.134,20.695,36.682,220.8,0.0,0.0,35.25,6.38,0.013,5.3,6.29
1996,7,9,191,-0.14579919691987442,-0.9893142039703664,80.0,0.363,19.751,36.64,215.5,0.23,0.0,40.75,7.98,0.016,4.7,2.74
1996,7,9,191,-0.14579919691987442,-0.9893142039703664,100.0,0.117,19.124,36.634,193.4,2.63,0.14,23.62,5.47,0.012,2.4,2.51
1996,8,6,219,-0.5877852522924734,-0.8090169943749472,1.0,0.025,28.305,36.534,197.3,0.0,0.0,18.26,3.26,0.006,4.0,6.06
1996,8,6,219,-0.5877852522924734,-0.8090169943749472,20.0,0.033,27.95,36.518,195.8,0.0,0.0,22.13,3.65,0.01,5.1,4.16
1996,8,6,219,-0.5877852522924734,-0.8090169943749472,40.0,0.069,23.33,36.644,232.7,0.0,0.0,34.65,6.5,0.01,5.9,5.85
1996,8,6,219,-0.5877852522924734,-0.8090169943749472,60.0,0.095,21.506,36.646,230.6,0.0,0.0,29.56,4.88,0.012,4.9,4.4
1996,8,6,219,-0.5877852522924734,-0.8090169943749472,80.0,0.17,20.078,36.688,212.5,0.0,0.0,32.06,6.31,0.009,6.4,2.77
1996,8,6,219,-0.5877852522924734,-0.8090169943749472,100.0,0.158,19.392,36.653,211.5,0.11,0.0,17.87,4.17,0.011,4.3,2.41
1996,8,6,219,-0.5877852522924734,-0.8090169943749472,120.0,0.056,18.939,36.631,204.3,1.04,0.0,11.03,2.55,0.009,2.8,0.97
1996,8,6,219,-0.5877852522924734,-0.8090169943749472,140.0,0.042,18.789,36.616,203.0,1.88,0.06,5.85,1.57,0.004,2.4,0.13
1996,9,3,247,-0.8958392907349089,-0.4443781781046134,1.0,0.0,28.213,36.529,197.3,0.0,0.0,21.75,0.0,0.01,4.7,4.02
1996,9,3,247,-0.8958392907349089,-0.4443781781046134,20.0,0.036,27.846,36.5,197.2,0.0,0.0,24.32,3.74,0.018,4.7,4.82
1996,9,3,247,-0.8958392907349089,-0.4443781781046134,40.0,0.052,24.219,36.585,230.1,0.0,0.0,34.89,5.85,0.015,5.5,6.05
1996,9,3,247,-0.8958392907349089,-0.4443781781046134,60.0,0.083,21.755,36.659,231.8,0.0,0.0,33.26,5.06,0.012,6.3,4.58
1996,9,3,247,-0.8958392907349089,-0.4443781781046134,80.0,0.125,20.32,36.665,222.2,0.0,0.0,36.49,5.99,0.011,6.3,2.76
1996,9,3,247,-0.8958392907349089,-0.4443781781046134,100.0,0.147,19.406,36.635,214.7,0.06,0.0,22.93,4.53,0.009,4.2,1.4
1996,9,3,247,-0.8958392907349089,-0.4443781781046134,120.0,0.056,18.825,36.61,206.2,1.28,0.0,25.58,3.01,0.006,2.4,0.79
1996,9,3,247,-0.8958392907349089,-0.4443781781046134,140.0,0.039,18.645,36.598,204.6,2.34,0.1,11.93,2.49,0.003,2.4,0.25
1996,10,9,283,-0.9873494423939864,0.15855938510313475,1.0,0.044,26.331,36.631,201.4,0.0,0.0,22.43,3.58,0.008,3.6,4.81
1996,10,9,283,-0.9873494423939864,0.15855938510313475,21.0,0.046,26.3,36.669,201.4,0.0,0.0,25.76,4.32,0.01,4.2,4.99
1996,10,9,283,-0.9873494423939864,0.15855938510313475,40.0,0.055,26.308,36.774,202.2,0.0,0.0,25.36,4.11,0.011,4.5,5.27
1996,10,9,283,-0.9873494423939864,0.15855938510313475,60.0,0.109,22.482,36.715,243.4,0.0,0.0,26.35,4.58,0.01,6.6,5.23
1996,10,9,283,-0.9873494423939864,0.15855938510313475,80.0,0.139,20.153,36.673,227.9,0.0,0.0,21.76,3.91,0.011,6.8,3.27
1996,10,9,283,-0.9873494423939864,0.15855938510313475,100.0,0.102,19.183,36.632,213.2,0.0,0.0,19.35,3.65,0.007,3.5,1.43
1996,10,9,283,-0.9873494423939864,0.15855938510313475,120.0,0.048,18.929,36.622,202.0,1.29,0.04,13.74,2.11,0.006,2.5,0.43
1996,10,9,283,-0.9873494423939864,0.15855938510313475,140.0,0.039,18.703,36.599,204.7,1.87,0.09,16.62,2.37,0.002,2.6,0.28
1996,11,6,311,-0.801361088174677,0.5981809144059158,1.0,0.044,23.75,36.646,210.6,0.0,0.0,24.53,3.91,0.01,4.8,4.54
1996,11,6,311,-0.801361088174677,0.5981809144059158,21.0,0.055,23.675,36.645,211.1,0.0,0.0,26.95,4.04,0.008,4.0,4.24
1996,11,6,311,-0.801361088174677,0.5981809144059158,40.0,0.058,23.601,36.641,211.5,0.0,0.0,25.01,3.7,0.005,2.2,3.71
1996,11,6,311,-0.801361088174677,0.5981809144059158,60.0,0.1,20.61,36.649,234.5,0.0,0.0,27.8,4.32,0.008,5.9,2.53
1996,11,6,311,-0.801361088174677,0.5981809144059158,80.0,0.109,19.337,36.615,223.2,0.0,0.0,17.63,2.14,0.006,3.8,1.89
1996,11,6,311,-0.801361088174677,0.5981809144059158,100.0,0.06,18.757,36.598,208.2,0.71,0.0,20.26,2.89,0.011,3.4,0.67
1996,11,6,311,-0.801361088174677,0.5981809144059158,120.0,0.035,18.552,36.586,207.2,2.01,0.06,13.28,1.87,0.005,2.5,0.42
1996,11,6,311,-0.801361088174677,0.5981809144059158,140.0,0.029,18.459,36.577,207.9,2.53,0.09,17.5,1.59,0.01,2.1,0.11
1997,1,14,14,0.2386727660059501,0.9711000518829505,1.0,0.158,20.744,36.752,217.5,0.0,0.0,23.49,4.23,0.011,3.1,7.28
1997,1,14,14,0.2386727660059501,0.9711000518829505,20.0,0.17,20.747,36.752,217.8,0.0,0.0,24.37,4.09,0.012,2.8,5.25
1997,1,14,14,0.2386727660059501,0.9711000518829505,40.0,0.158,20.749,36.751,217.7,0.0,0.0,20.28,3.69,0.016,2.4,2.26
1997,1,14,14,0.2386727660059501,0.9711000518829505,60.0,0.158,20.747,36.751,218.0,0.0,0.0,22.04,3.35,0.012,2.4,0.91
1997,1,14,14,0.2386727660059501,0.9711000518829505,80.0,0.147,20.716,36.735,216.9,0.0,0.0,20.63,3.69,0.014,2.7,0.2
1997,1,14,14,0.2386727660059501,0.9711000518829505,100.0,0.125,20.722,36.736,216.4,0.07,0.0,19.93,3.63,0.013,2.0,0.03
1997,1,14,14,0.2386727660059501,0.9711000518829505,120.0,0.056,20.59,36.752,208.8,0.32,0.0,15.69,2.68,0.016,2.5,-0.03
1997,1,14,14,0.2386727660059501,0.9711000518829505,140.0,0.06,20.042,36.742,199.1,0.6,0.0,12.99,1.81,0.005,3.7,-0.08
1997,1,28,28,0.4635502709028509,0.886070621534138,1.0,0.249,20.379,36.813,217.6,0.07,0.0,27.61,5.22,0.011,4.1,12.16
1997,1,28,28,0.4635502709028509,0.886070621534138,20.0,0.226,20.36,36.812,217.9,0.09,0.0,33.11,5.74,0.011,5.0,12.9
1997,1,28,28,0.4635502709028509,0.886070621534138,40.0,0.192,20.363,36.813,217.8,0.09,0.0,36.36,5.61,0.012,4.1,8.66
1997,1,28,28,0.4635502709028509,0.886070621534138,60.0,0.238,20.371,36.813,217.5,0.09,0.0,35.85,5.35,0.013,5.3,3.12
1997,1,28,28,0.4635502709028509,0.886070621534138,80.0,0.226,20.358,36.81,217.2,0.11,0.0,32.7,5.93,0.013,4.9,0.96
1997,1,28,28,0.4635502709028509,0.886070621534138,100.0,0.215,20.346,36.805,216.8,0.12,0.0,26.59,5.08,0.015,5.3,0.24
1997,1,28,28,0.4635502709028509,0.886070621534138,120.0,0.044,19.4,36.663,205.3,1.2,0.0,21.12,3.08,0.007,3.5,-0.03
1997,1,28,28,0.4635502709028509,0.886070621534138,140.0,0.023,18.709,36.593,198.7,2.37,0.08,8.86,2.04,0.006,2.5,-0.08
1997,2,7,38,0.6084768701151261,0.7935716089521474,1.0,0.06,21.063,36.792,219.4,0.0,0.0,23.86,3.36,0.007,4.3,4.76
1997,2,7,38,0.6084768701151261,0.7935716089521474,20.0,0.065,20.966,36.794,219.2,0.0,0.0,23.55,3.94,0.011,4.3,3.92
1997,2,7,38,0.6084768701151261,0.7935716089521474,40.0,0.083,20.918,36.8,223.0,0.0,0.0,23.04,3.94,0.009,4.2,2.82
1997,2,7,38,0.6084768701151261,0.7935716089521474,60.0,0.139,20.548,36.792,217.7,0.0,0.0,23.83,4.26,0.016,4.8,3.24
1997,2,7,38,0.6084768701151261,0.7935716089521474,80.0,0.226,20.439,36.771,216.5,0.08,0.0,24.07,4.52,0.013,4.4,2.05
1997,2,7,38,0.6084768701151261,0.7935716089521474,100.0,0.158,20.316,36.766,218.4,0.07,0.0,17.7,3.49,0.012,5.0,0.5
1997,2,7,38,0.6084768701151261,0.7935716089521474,120.0,0.056,20.259,36.791,213.1,0.34,0.0,12.67,2.46,0.006,3.6,0.23
1997,2,7,38,0.6084768701151261,0.7935716089521474,140.0,0.023,19.269,36.644,199.5,1.74,0.06,9.51,1.62,0.006,2.4,0.11
1997,2,21,52,0.7802958510707755,0.6254105729852463,1.0,0.052,20.982,36.836,220.3,0.0,0.0,19.84,3.13,0.007,4.3,5.69
1997,2,21,52,0.7802958510707755,0.6254105729852463,20.0,0.058,20.652,36.821,220.1,0.0,0.0,20.06,3.39,0.008,4.8,6.32
1997,2,21,52,0.7802958510707755,0.6254105729852463,40.0,0.065,20.55,36.804,221.2,0.0,0.0,22.45,3.78,0.008,4.8,7.66
1997,2,21,52,0.7802958510707755,0.6254105729852463,60.0,0.1,20.378,36.777,222.1,0.0,0.0,19.38,3.53,0.017,5.0,9.07
1997,2,21,52,0.7802958510707755,0.6254105729852463,80.0,0.13,20.125,36.754,221.4,0.0,0.0,21.11,3.72,0.01,5.5,6.42
1997,2,21,52,0.7802958510707755,0.6254105729852463,100.0,0.181,19.905,36.728,217.9,0.2,0.0,18.25,3.78,0.012,4.7,1.76
1997,2,21,52,0.7802958510707755,0.6254105729852463,120.0,0.074,19.675,36.699,222.8,0.44,0.0,12.38,2.55,0.008,4.0,0.23
1997,2,21,52,0.7802958510707755,0.6254105729852463,140.0,0.03,19.521,36.681,203.0,1.21,0.05,9.37,1.84,0.005,3.1,0.15
1997,3,5,64,0.8919813464595485,0.45207220393230435,1.0,0.042,21.171,36.864,220.5,0.0,0.0,19.99,3.02,0.008,4.6,2.2
1997,3,5,64,0.8919813464595485,0.45207220393230435,20.0,0.042,21.082,36.868,220.7,0.0,0.0,19.83,2.83,0.007,3.4,2.26
1997,3,5,64,0.8919813464595485,0.45207220393230435,40.0,0.053,20.699,36.838,222.2,0.0,0.0,36.64,3.61,0.007,4.0,2.9
1997,3,5,64,0.8919813464595485,0.45207220393230435,60.0,0.083,20.316,36.78,223.7,0.0,0.0,27.35,3.74,0.008,4.1,2.63
1997,3,5,64,0.8919813464595485,0.45207220393230435,80.0,0.139,20.285,36.786,222.8,0.0,0.0,24.4,3.48,0.008,4.7,1.75
1997,3,5,64,0.8919813464595485,0.45207220393230435,100.0,0.17,20.252,36.778,222.3,0.0,0.0,20.61,3.67,0.011,4.9,1.27
1997,3,5,64,0.8919813464595485,0.45207220393230435,120.0,0.17,19.907,36.715,216.0,0.36,0.0,16.4,3.22,0.009,3.8,0.56
1997,3,5,64,0.8919813464595485,0.45207220393230435,140.0,0.065,19.386,36.641,210.0,1.22,0.04,14.65,2.44,0.005,3.2,0.16
1997,3,19,78,0.9741004551724205,0.22611568550828828,1.0,0.053,21.0,36.867,219.0,0.0,0.0,20.74,3.28,0.008,4.2,3.73
1997,3,19,78,0.9741004551724205,0.22611568550828828,20.0,0.06,20.824,36.86,219.2,0.0,0.04,26.74,3.86,0.008,4.4,4.79
1997,3,19,78,0.9741004551724205,0.22611568550828828,40.0,0.069,20.813,36.859,219.2,0.0,0.0,24.38,3.6,0.017,4.5,4.04
1997,3,19,78,0.9741004551724205,0.22611568550828828,60.0,0.078,20.809,36.859,219.2,0.0,0.0,23.63,3.6,0.009,3.8,3.14
1997,3,19,78,0.9741004551724205,0.22611568550828828,80.0,0.095,20.125,36.737,219.0,0.0,0.0,21.86,3.6,0.015,5.0,3.88
1997,3,19,78,0.9741004551724205,0.22611568550828828,100.0,0.238,19.918,36.725,197.5,0.69,0.0,23.7,4.32,0.009,3.5,2.07
1997,3,19,78,0.9741004551724205,0.22611568550828828,120.0,0.124,19.563,36.684,207.8,0.85,0.0,18.07,3.14,0.007,3.3,0.27
1997,3,19,78,0.9741004551724205,0.22611568550828828,140.0,0.065,19.312,36.665,203.8,1.41,0.05,13.35,2.36,0.005,2.7,0.05
1997,4,9,99,0.9911140639934547,-0.1330147065341959,1.0,0.122,20.5,36.888,221.0,0.0,0.0,27.42,3.97,0.009,4.1,8.57
1997,4,9,99,0.9911140639934547,-0.1330147065341959,20.0,0.125,20.536,36.914,221.1,0.0,0.0,29.53,5.05,0.013,4.1,8.17
1997,4,9,99,0.9911140639934547,-0.1330147065341959,40.0,0.139,20.477,36.908,221.0,0.0,0.0,29.87,4.31,0.01,3.8,7.12
1997,4,9,99,0.9911140639934547,-0.1330147065341959,80.0,0.192,20.374,36.895,220.8,0.0,0.0,27.98,4.24,0.01,4.7,2.53
1997,4,9,99,0.9911140639934547,-0.1330147065341959,100.0,0.215,20.344,36.888,220.8,0.0,0.0,24.75,4.37,0.01,3.9,0.87
1997,4,9,99,0.9911140639934547,-0.1330147065341959,120.0,0.192,20.316,36.881,220.6,0.0,0.0,28.61,4.44,0.01,2.9,0.24
1997,4,9,99,0.9911140639934547,-0.1330147065341959,140.0,0.204,20.277,36.87,220.4,0.0,0.0,20.1,3.97,0.009,3.6,0.06
1997,5,6,126,0.8263541987239096,-0.5631507242749186,1.0,0.063,20.822,36.864,222.0,0.0,0.0,25.97,4.69,0.014,5.1,2.62
1997,5,6,126,0.8263541987239096,-0.5631507242749186,20.0,0.069,20.715,36.86,222.0,0.0,0.0,27.66,4.24,0.012,5.6,4.93
1997,5,6,126,0.8263541987239096,-0.5631507242749186,40.0,0.083,20.54,36.867,222.5,0.0,0.0,28.83,3.61,0.017,6.3,5.61
1997,5,6,126,0.8263541987239096,-0.5631507242749186,60.0,0.091,20.376,36.878,222.5,0.0,0.0,26.18,3.73,0.017,6.8,3.93
1997,5,6,126,0.8263541987239096,-0.5631507242749186,80.0,0.181,20.229,36.882,220.8,0.0,0.0,37.16,5.06,0.014,6.9,2.74
1997,5,6,126,0.8263541987239096,-0.5631507242749186,100.0,0.17,20.166,36.874,218.1,0.15,0.0,27.02,3.16,0.013,5.3,1.98
1997,5,6,126,0.8263541987239096,-0.5631507242749186,120.0,0.124,20.128,36.865,217.8,0.21,0.0,20.26,3.41,0.01,5.2,0.56
1997,5,6,126,0.8263541987239096,-0.5631507242749186,140.0,0.056,19.878,36.811,218.4,0.28,0.0,12.11,1.96,0.01,4.9,0.08
1997,6,11,162,0.3456123126707335,-0.9383773917408641,1.0,0.05,23.205,36.589,215.7,0.0,0.0,45.71,5.72,0.014,5.6,2.56
1997,6,11,162,0.3456123126707335,-0.9383773917408641,20.0,0.061,22.955,36.592,215.4,0.0,0.0,33.5,4.8,0.014,6.6,7.13
1997,6,11,162,0.3456123126707335,-0.9383773917408641,40.0,0.069,22.34,36.648,220.4,0.0,0.0,37.58,5.45,0.013,5.6,6.49
1997,6,11,162,0.3456123126707335,-0.9383773917408641,60.0,0.134,20.311,36.749,224.7,0.0,0.0,30.53,4.61,0.021,6.9,5.8
1997,6,11,162,0.3456123126707335,-0.9383773917408641,80.0,0.249,19.608,36.7,212.9,0.0,0.0,28.68,4.54,0.017,5.6,6.97
1997,6,11,162,0.3456123126707335,-0.9383773917408641,100.0,0.158,19.212,36.673,208.9,1.14,0.0,18.9,3.5,0.011,2.9,1.33
1997,6,11,162,0.3456123126707335,-0.9383773917408641,120.0,0.042,18.892,36.638,205.2,2.01,0.07,7.35,1.55,0.012,2.1,0.1
1997,6,11,162,0.3456123126707335,-0.9383773917408641,140.0,0.069,18.596,36.603,214.1,1.98,0.07,9.71,1.88,0.007,4.0,0.01
1997,7,15,196,-0.23030567023061196,-0.973118337233262,1.0,0.028,28.023,36.567,203.1,0.0,0.0,26.27,3.28,0.006,5.0,2.75
1997,7,15,196,-0.23030567023061196,-0.973118337233262,20.0,0.033,25.195,36.615,212.0,0.0,0.0,17.75,2.09,0.007,4.6,4.64
1997,7,15,196,-0.23030567023061196,-0.973118337233262,40.0,0.047,21.662,36.668,228.6,0.0,0.0,39.74,4.8,0.012,6.0,4.43
1997,7,15,196,-0.23030567023061196,-0.973118337233262,60.0,0.078,20.7,36.721,226.5,0.0,0.0,35.45,4.8,0.011,5.8,4.56
1997,7,15,196,-0.23030567023061196,-0.973118337233262,80.0,0.125,19.983,36.798,220.3,0.0,0.0,28.95,4.26,0.011,6.3,5.96
1997,7,15,196,-0.23030567023061196,-0.973118337233262,100.0,0.215,19.335,36.691,213.7,0.37,0.0,30.66,4.94,0.01,5.1,2.46
1997,7,15,196,-0.23030567023061196,-0.973118337233262,120.0,0.087,19.119,36.671,208.9,1.36,0.0,19.82,2.57,0.008,3.1,0.62
1997,7,15,196,-0.23030567023061196,-0.973118337233262,140.0,0.06,18.958,36.653,209.9,1.67,0.06,16.53,2.23,0.004,2.2,0.15
1997,8,12,224,-0.655156357209085,-0.7554933140726804,1.0,0.033,28.428,36.843,197.8,0.0,0.0,29.31,3.62,0.009,3.6,4.91
1997,8,12,224,-0.655156357209085,-0.7554933140726804,20.0,0.03,28.199,36.893,199.7,0.0,0.0,29.21,3.29,0.006,4.6,3.72
1997,8,12,224,-0.655156357209085,-0.7554933140726804,40.0,0.04,24.078,36.985,226.5,0.0,0.0,31.02,3.75,0.01,5.0,3.05
1997,8,12,224,-0.655156357209085,-0.7554933140726804,60.0,0.054,22.453,36.846,226.9,0.0,0.0,30.83,4.14,0.009,4.5,3.07
1997,8,12,224,-0.655156357209085,-0.7554933140726804,80.0,0.083,21.602,36.915,232.7,0.0,0.0,30.03,3.88,0.01,6.7,2.25
1997,8,12,224,-0.655156357209085,-0.7554933140726804,100.0,0.122,20.806,36.876,221.7,0.0,0.0,28.44,3.62,0.01,2.6,1.3
1997,8,12,224,-0.655156357209085,-0.7554933140726804,120.0,0.147,20.386,36.835,218.1,0.0,0.0,27.53,4.08,0.008,2.5,0.86
1997,8,12,224,-0.655156357209085,-0.7554933140726804,140.0,0.08,19.711,36.753,212.3,0.06,0.0,19.38,2.96,0.008,4.0,0.28
1997,10,7,280,-0.994217906893952,0.10738134666416306,1.0,0.052,26.599,36.406,201.5,0.0,0.0,33.74,3.96,0.007,4.4,3.92
1997,10,7,280,-0.994217906893952,0.10738134666416306,20.0,0.044,26.571,36.406,200.7,0.0,0.0,30.44,3.96,0.007,4.9,0.99
1997,10,7,280,-0.994217906893952,0.10738134666416306,40.0,0.074,21.836,36.857,235.3,0.0,0.0,42.09,4.73,0.01,6.3,3.79
1997,10,7,280,-0.994217906893952,0.10738134666416306,60.0,0.113,21.3,36.851,228.1,0.0,0.0,50.46,7.22,0.009,5.6,3.35
1997,10,7,280,-0.994217906893952,0.10738134666416306,80.0,0.134,20.154,36.817,220.6,0.0,0.0,29.39,4.35,0.008,4.9,2.65
1997,10,7,280,-0.994217906893952,0.10738134666416306,100.0,0.104,19.756,36.776,215.2,0.0,0.0,24.13,3.82,0.008,3.2,1.79
1997,10,7,280,-0.994217906893952,0.10738134666416306,120.0,0.03,19.459,36.744,210.6,0.51,0.0,20.3,3.24,0.007,2.4,0.61
1997,10,7,280,-0.994217906893952,0.10738134666416306,140.0,0.03,19.291,36.722,210.4,0.99,0.0,18.32,3.36,0.005,2.4,0.17
1997,11,12,316,-0.7469720876965551,0.6648553979642866,1.0,0.078,24.158,36.599,209.1,0.0,0.0,26.16,4.14,0.006,4.8,4.85
1997,11,12,316,-0.7469720876965551,0.6648553979642866,20.0,0.068,23.909,36.595,209.2,0.0,0.0,15.05,2.43,0.005,5.6,2.71
1997,11,12,316,-0.7469720876965551,0.6648553979642866,40.0,0.082,23.884,36.588,209.3,0.0,0.0,28.32,5.17,0.005,4.9,3.76
1997,11,12,316,-0.7469720876965551,0.6648553979642866,60.0,0.119,23.73,36.531,210.3,0.0,0.0,27.76,4.55,0.006,5.0,4.75
1997,11,12,316,-0.7469720876965551,0.6648553979642866,80.0,0.327,21.748,36.783,211.4,0.45,0.0,29.82,5.51,0.01,4.7,2.44
1997,11,12,316,-0.7469720876965551,0.6648553979642866,100.0,0.127,20.993,36.762,213.6,0.15,0.0,17.57,3.46,0.007,3.1,0.51
1997,11,12,316,-0.7469720876965551,0.6648553979642866,120.0,0.059,19.938,36.742,204.9,0.42,0.0,10.6,2.02,0.004,2.3,0.2
1997,11,12,316,-0.7469720876965551,0.6648553979642866,140.0,0.027,19.299,36.683,198.8,1.02,0.0,27.83,5.17,0.002,2.1,0.07
1997,12,9,343,-0.3697245428906732,0.9291414114031743,1.0,0.213,22.061,36.526,212.9,0.0,0.0,22.69,3.47,0.01,5.1,10.81
1997,12,9,343,-0.3697245428906732,0.9291414114031743,20.0,0.241,22.036,36.536,212.9,0.0,0.0,24.24,3.92,0.01,4.9,10.37
1997,12,9,343,-0.3697245428906732,0.9291414114031743,40.0,0.269,22.039,36.524,212.3,0.0,0.0,22.37,3.47,0.01,4.8,6.45
1997,12,9,343,-0.3697245428906732,0.9291414114031743,60.0,0.256,22.046,36.536,212.3,0.0,0.0,20.52,3.72,0.012,4.4,2.73
1997,12,9,343,-0.3697245428906732,0.9291414114031743,80.0,0.256,22.045,36.535,212.4,0.0,0.0,26.07,4.74,0.01,5.9,0.85
1997,12,9,343,-0.3697245428906732,0.9291414114031743,100.0,0.198,22.049,36.525,211.9,0.0,0.0,20.32,3.47,0.01,5.3,0.29
1997,12,9,343,-0.3697245428906732,0.9291414114031743,120.0,0.046,20.31,36.663,203.0,1.04,0.05,38.53,2.7,0.006,3.3,0.11
1997,12,9,343,-0.3697245428906732,0.9291414114031743,140.0,0.025,19.618,36.661,203.0,1.04,0.05,13.31,1.62,0.003,2.3,0.03
2003,11,4,308,-0.8311706263658079,0.5560174366570446,1.0,0.134,25.141,36.383,205.4,0.0,0.0,19.95,4.91,0.009,4.3,5.8
2003,11,4,308,-0.8311706263658079,0.5560174366570446,20.0,0.118,25.162,36.38,204.7,0.0,0.0,24.76,5.95,0.013,5.2,6.14
2003,11,4,308,-0.8311706263658079,0.5560174366570446,40.0,0.115,25.153,36.385,204.9,0.0,0.04,18.22,4.98,0.01,5.8,4.73
2003,11,4,308,-0.8311706263658079,0.5560174366570446,60.0,0.082,25.144,36.385,207.0,0.0,0.04,18.67,5.17,0.01,4.1,3.46
2003,11,4,308,-0.8311706263658079,0.5560174366570446,80.0,0.47,23.874,36.621,197.1,0.46,0.05,28.2,7.25,0.006,4.0,4.37
2003,11,4,308,-0.8311706263658079,0.5560174366570446,100.0,0.064,22.167,36.697,191.1,1.48,0.07,9.29,3.22,0.007,2.7,0.74
2003,11,4,308,-0.8311706263658079,0.5560174366570446,120.0,0.055,20.978,36.686,198.2,1.51,0.09,8.88,3.28,0.004,2.3,0.21
2003,11,4,308,-0.8311706263658079,0.5560174366570446,140.0,0.017,20.187,36.662,196.3,1.92,0.11,8.65,3.08,0.003,2.0,-0.02
2003,12,2,336,-0.4787338401157883,0.8779600847008883,1.0,0.143,24.207,36.801,208.9,0.0,0.0,23.05,4.85,0.008,4.3,4.6
2003,12,2,336,-0.4787338401157883,0.8779600847008883,20.0,0.149,24.209,36.796,208.6,0.0,0.0,19.06,3.14,0.007,4.6,5.38
2003,12,2,336,-0.4787338401157883,0.8779600847008883,40.0,0.163,24.206,36.794,216.4,0.0,0.0,18.42,3.65,0.008,4.8,4.05
2003,12,2,336,-0.4787338401157883,0.8779600847008883,60.0,0.146,24.229,36.8,208.5,0.0,0.0,17.52,3.07,0.009,4.6,3.13
2003,12,2,336,-0.4787338401157883,0.8779600847008883,80.0,0.19,24.019,36.765,209.8,0.0,0.0,16.07,3.4,0.01,4.4,2.14
2003,12,2,336,-0.4787338401157883,0.8779600847008883,100.0,0.368,21.66,36.688,218.2,0.09,0.0,18.32,4.05,0.009,6.6,1.75
2003,12,2,336,-0.4787338401157883,0.8779600847008883,120.0,0.224,20.044,36.6,215.2,0.3,0.0,13.53,2.61,0.005,2.7,0.36
2003,12,2,336,-0.4787338401157883,0.8779600847008883,140.0,0.129,19.465,36.624,203.0,1.32,0.04,7.48,2.1,0.004,2.1,-0.17
2004,1,27,27,0.4482293417404106,0.893918596519257,20.0,0.373,20.337,36.694,220.1,0.1,0.0,27.11,5.29,0.016,3.6,14.52
2004,1,27,27,0.4482293417404106,0.893918596519257,40.0,0.348,20.305,36.693,219.8,0.1,0.0,20.91,5.29,0.017,4.2,8.31
2004,1,27,27,0.4482293417404106,0.893918596519257,60.0,0.291,20.301,36.693,219.5,0.11,0.0,25.01,4.37,0.017,3.9,3.09
2004,1,27,27,0.4482293417404106,0.893918596519257,80.0,0.331,20.296,36.693,220.1,0.15,0.0,26.92,5.78,0.018,3.3,0.97
2004,1,27,27,0.4482293417404106,0.893918596519257,100.0,0.283,20.276,36.693,218.8,0.17,0.0,21.12,4.58,0.013,3.9,0.12
2004,1,27,27,0.4482293417404106,0.893918596519257,120.0,0.214,20.199,36.687,216.5,0.3,0.0,19.6,3.27,0.013,3.5,-0.03
2004,1,27,27,0.4482293417404106,0.893918596519257,140.0,0.149,20.042,36.675,212.3,0.59,0.0,13.69,3.07,0.014,3.0,-0.18
2004,3,10,70,0.9338372288229252,0.35769823883312546,1.0,0.185,20.039,36.73,224.4,0.0,0.03,41.15,6.67,0.017,3.1,8.61
2004,3,10,70,0.9338372288229252,0.35769823883312546,20.0,0.185,20.192,36.742,226.0,0.0,0.0,49.1,7.45,0.013,3.8,1.34
2004,3,10,70,0.9338372288229252,0.35769823883312546,40.0,0.214,20.159,36.738,224.5,0.0,0.0,44.55,6.41,0.013,3.8,2.24
2004,3,10,70,0.9338372288229252,0.35769823883312546,60.0,0.214,20.069,36.724,224.0,0.0,0.0,40.85,6.99,0.014,4.0,1.21
2004,3,10,70,0.9338372288229252,0.35769823883312546,80.0,0.253,19.723,36.673,223.9,0.0,0.0,39.18,7.26,0.017,4.3,0.45
2004,3,10,70,0.9338372288229252,0.35769823883312546,100.0,0.107,19.856,36.698,223.0,0.34,0.0,22.6,3.88,0.02,4.2,0.35
2004,3,10,70,0.9338372288229252,0.35769823883312546,120.0,0.146,19.683,36.666,222.9,0.35,0.0,28.59,5.11,0.01,3.8,0.16
2004,3,10,70,0.9338372288229252,0.35769823883312546,140.0,0.039,19.647,36.659,222.4,0.38,0.0,16.97,3.29,0.007,3.2,0.12
2004,4,21,112,0.9368813462954315,-0.3496474552512284,140.0,0.646,19.472,36.696,221.3,0.24,0.0,9.29,2.43,0.015,3.6,0.18
2004,6,15,167,0.26366549272800704,-0.9646141756912435,1.0,0.074,24.417,36.741,210.8,0.0,0.0,32.8,4.42,0.012,5.0,5.74
2004,6,15,167,0.26366549272800704,-0.9646141756912435,20.0,0.052,24.257,36.624,213.7,0.0,0.0,34.2,4.65,0.014,4.9,5.94
2004,6,15,167,0.26366549272800704,-0.9646141756912435,40.0,0.056,22.568,36.818,222.3,0.0,0.0,30.94,4.31,0.011,6.2,5.86
2004,6,15,167,0.26366549272800704,-0.9646141756912435,60.0,0.142,20.484,36.731,228.5,0.0,0.0,29.94,4.76,0.015,6.5,3.81
2004,6,15,167,0.26366549272800704,-0.9646141756912435,80.0,0.257,20.193,36.723,232.2,0.0,0.0,27.72,4.76,0.014,5.9,2.65
2004,6,15,167,0.26366549272800704,-0.9646141756912435,120.0,0.122,19.352,36.661,210.7,1.23,0.0,20.6,2.5,0.009,2.9,1.37
2004,6,15,167,0.26366549272800704,-0.9646141756912435,140.0,0.041,19.042,36.639,211.4,1.8,0.07,12.66,2.04,0.016,3.2,0.63
2004,7,14,196,-0.23030567023061196,-0.973118337233262,1.0,0.391,27.135,36.655,202.0,0.0,0.0,26.49,3.86,0.011,4.8,0.7
2004,7,14,196,-0.23030567023061196,-0.973118337233262,20.0,0.373,25.45,36.773,208.8,0.0,0.0,36.91,6.09,0.012,5.2,4.95
2004,7,14,196,-0.23030567023061196,-0.973118337233262,40.0,0.348,23.198,36.815,227.5,0.0,0.0,40.06,5.25,0.01,5.3,3.03
2004,7,14,196,-0.23030567023061196,-0.973118337233262,60.0,0.291,21.477,36.786,226.8,0.0,0.0,40.53,5.65,0.012,5.2,1.46
2004,7,14,196,-0.23030567023061196,-0.973118337233262,80.0,0.321,20.651,36.733,221.5,0.0,0.0,38.08,4.98,0.014,5.6,2.23
2004,7,14,196,-0.23030567023061196,-0.973118337233262,100.0,0.275,19.651,36.674,212.0,0.2,0.0,33.8,5.03,0.014,4.9,1.23
2004,7,14,196,-0.23030567023061196,-0.973118337233262,120.0,0.214,19.671,36.674,215.7,0.0,0.0,22.45,3.12,0.014,3.6,1.15
2004,7,14,196,-0.23030567023061196,-0.973118337233262,140.0,0.149,19.29,36.635,212.5,0.45,0.0,21.77,3.18,0.014,3.2,0.39
2004,8,17,230,-0.7295575540864876,-0.6839194216246105,1.0,0.042,28.48,36.845,204.5,0.0,0.0,24.57,3.74,0.011,4.4,3.44
2004,8,17,230,-0.7295575540864876,-0.6839194216246105,20.0,0.045,27.475,36.911,205.4,0.0,0.0,24.74,4.13,0.009,4.8,4.35
2004,8,17,230,-0.7295575540864876,-0.6839194216246105,40.0,0.05,27.109,36.915,203.7,0.0,0.0,17.36,3.12,0.011,4.3,4.91
2004,8,17,230,-0.7295575540864876,-0.6839194216246105,60.0,0.093,24.413,36.922,223.8,0.0,0.0,25.81,3.91,0.011,3.6,2.0
2004,8,17,230,-0.7295575540864876,-0.6839194216246105,80.0,0.157,23.107,36.838,228.1,0.0,0.0,29.69,4.13,0.013,6.2,3.66
2004,8,17,230,-0.7295575540864876,-0.6839194216246105,100.0,0.237,21.354,36.802,219.3,0.0,0.0,20.94,4.13,0.01,6.2,2.47
2004,8,17,230,-0.7295575540864876,-0.6839194216246105,120.0,0.343,20.791,36.776,215.6,0.0,0.0,17.81,3.35,0.01,4.8,1.95
2004,8,17,230,-0.7295575540864876,-0.6839194216246105,140.0,0.08,20.116,36.699,212.6,0.09,0.0,18.75,3.3,0.008,3.5,0.65
2004,9,14,258,-0.9634705485641486,-0.26781430516217486,1.0,0.0,28.109,36.496,201.7,0.0,0.0,29.69,0.0,0.006,4.9,5.22
2004,9,14,258,-0.9634705485641486,-0.26781430516217486,20.0,0.046,28.049,36.537,199.0,0.0,0.0,28.46,2.77,0.008,5.7,5.33
2004,9,14,258,-0.9634705485641486,-0.26781430516217486,40.0,0.082,24.499,36.659,226.5,0.0,0.0,36.54,3.95,0.008,7.6,5.04
2004,9,14,258,-0.9634705485641486,-0.26781430516217486,60.0,0.06,22.346,36.635,227.0,0.0,0.0,34.21,4.56,0.008,7.2,3.7
2004,9,14,258,-0.9634705485641486,-0.26781430516217486,80.0,0.196,20.396,36.661,230.1,0.0,0.0,35.95,4.95,0.008,6.3,2.96
2004,9,14,258,-0.9634705485641486,-0.26781430516217486,100.0,0.224,19.507,36.636,210.3,0.96,0.0,27.93,3.66,0.008,4.8,2.47
2004,9,14,258,-0.9634705485641486,-0.26781430516217486,120.0,0.142,19.141,36.618,207.8,1.45,0.04,18.86,1.76,0.008,2.7,0.59
2004,9,14,258,-0.9634705485641486,-0.26781430516217486,140.0,0.077,18.888,36.609,204.0,2.42,0.09,16.37,0.91,0.008,2.6,0.12
2007,8,17,229,-0.7176769136759615,-0.6963762255968726,1.0,0.059,27.618,36.416,207.6,0.0,0.0,21.26,4.79,0.005,4.7,4.28
2007,8,17,229,-0.7176769136759615,-0.6963762255968726,100.0,0.175,19.497,36.681,209.8,0.06,0.0,20.05,4.84,0.007,5.0,0.79
2007,8,17,229,-0.7176769136759615,-0.6963762255968726,120.0,0.156,19.303,36.669,202.8,1.12,0.0,13.68,4.09,0.008,4.1,1.15
2007,8,17,229,-0.7176769136759615,-0.6963762255968726,140.0,0.078,19.012,36.652,205.4,2.09,0.05,9.05,3.86,0.004,3.0,0.09
2007,8,17,229,-0.7176769136759615,-0.6963762255968726,20.0,0.029,25.687,36.613,205.0,0.0,0.0,26.54,4.85,0.006,5.3,5.32
2007,8,17,229,-0.7176769136759615,-0.6963762255968726,40.0,0.02,22.251,36.764,229.3,0.0,0.0,25.33,5.02,0.009,6.2,3.38
2007,8,17,229,-0.7176769136759615,-0.6963762255968726,60.0,0.068,20.875,36.741,233.2,0.0,0.0,26.94,5.98,0.009,9.2,3.21
2007,8,17,229,-0.7176769136759615,-0.6963762255968726,80.0,0.156,20.137,36.736,220.7,0.0,0.0,26.43,5.58,0.008,5.1,2.41
2007,9,8,251,-0.9242907221930934,-0.3816892202666586,5.0,0.078,26.778,36.332,202.4,0.0,0.04,20.17,5.24,0.003,6.2,7.09
2007,9,8,251,-0.9242907221930934,-0.3816892202666586,19.5,0.078,26.784,36.332,201.6,0.0,0.0,25.16,6.58,0.01,5.2,6.77
2007,9,8,251,-0.9242907221930934,-0.3816892202666586,40.1,0.127,25.569,36.523,207.5,0.0,0.0,24.86,6.97,0.011,5.5,8.18
2007,9,8,251,-0.9242907221930934,-0.3816892202666586,60.1,0.195,22.77,36.682,210.3,0.0,0.0,29.79,7.4,0.01,6.0,6.74
2007,9,8,251,-0.9242907221930934,-0.3816892202666586,80.5,0.234,21.727,36.719,229.5,0.0,0.0,19.57,6.24,0.014,4.9,2.67
2007,9,8,251,-0.9242907221930934,-0.3816892202666586,101.3,0.175,20.435,36.696,219.1,0.08,0.0,19.28,5.9,0.008,4.3,1.37
2007,9,8,251,-0.9242907221930934,-0.3816892202666586,121.1,0.088,19.751,36.665,196.5,2.37,0.09,10.66,4.45,0.005,2.9,0.3
2007,9,8,251,-0.9242907221930934,-0.3816892202666586,139.8,0.058,19.314,36.674,204.5,1.67,0.07,10.05,4.17,0.003,3.6,0.12
2007,10,6,279,-0.9959189961471792,0.0902516100310407,1.0,0.049,26.953,36.466,201.9,0.0,0.0,21.58,4.66,0.006,5.1,5.63
2007,10,6,279,-0.9959189961471792,0.0902516100310407,40.0,0.049,26.711,36.458,203.6,0.0,0.0,21.35,4.88,0.002,5.2,5.08
2007,10,6,279,-0.9959189961471792,0.0902516100310407,60.0,0.127,23.57,36.666,217.2,0.0,0.0,26.12,6.15,0.011,6.5,6.06
2007,10,6,279,-0.9959189961471792,0.0902516100310407,80.0,0.205,22.292,36.701,215.6,0.0,0.0,24.92,6.5,0.009,4.9,0.6
2007,10,6,279,-0.9959189961471792,0.0902516100310407,100.0,0.205,20.591,36.692,207.8,0.31,0.0,17.87,4.48,0.013,4.3,0.46
2007,10,6,279,-0.9959189961471792,0.0902516100310407,120.0,0.068,20.105,36.698,200.8,1.53,0.04,10.22,3.61,0.004,2.7,0.39
2007,10,6,279,-0.9959189961471792,0.0902516100310407,140.0,0.039,19.471,36.683,195.4,2.52,0.09,9.17,3.27,0.003,2.4,0.12
2007,11,14,318,-0.7236440382959124,0.690173388242972,1.0,0.117,24.21,36.484,208.0,0.0,0.0,20.14,4.0,0.008,4.7,5.13
2007,11,14,318,-0.7236440382959124,0.690173388242972,20.0,0.117,24.207,36.489,206.4,0.0,0.0,19.76,4.06,0.008,5.1,5.6
2007,11,14,318,-0.7236440382959124,0.690173388242972,40.0,0.098,24.241,36.483,208.2,0.0,0.0,13.5,3.13,0.007,4.9,4.15
2007,11,14,318,-0.7236440382959124,0.690173388242972,60.0,0.195,24.017,36.496,206.9,0.0,0.0,23.84,5.03,0.01,4.1,2.2
2007,11,14,318,-0.7236440382959124,0.690173388242972,80.0,0.205,23.002,36.72,196.4,0.16,0.0,21.45,4.22,0.007,2.7,1.96
2007,11,14,318,-0.7236440382959124,0.690173388242972,100.0,0.068,21.736,36.759,198.6,1.22,0.04,11.31,3.07,0.004,2.5,0.3
2007,11,14,318,-0.7236440382959124,0.690173388242972,120.0,0.029,19.771,36.671,200.2,1.58,0.06,11.2,3.19,0.004,2.4,0.06
2007,11,14,318,-0.7236440382959124,0.690173388242972,140.0,0.01,19.87,36.69,188.9,1.4,0.06,6.31,2.1,0.002,1.3,0.06
2007,12,6,340,-0.41719360261231697,0.9088176373395028,80.0,0.253,22.74,36.612,211.1,0.17,0.0,21.32,5.65,0.014,4.9,0.65
2007,12,6,340,-0.41719360261231697,0.9088176373395028,100.0,0.088,20.005,36.67,203.0,1.01,0.04,11.98,3.91,0.006,3.2,0.2
2007,12,6,340,-0.41719360261231697,0.9088176373395028,120.0,0.049,19.363,36.656,197.9,1.96,0.06,4.21,2.27,0.004,2.6,0.02
2007,12,6,340,-0.41719360261231697,0.9088176373395028,140.0,0.019,19.077,36.644,198.2,2.52,0.09,4.62,2.62,0.004,2.0,0.14
2007,12,6,340,-0.41719360261231697,0.9088176373395028,1.0,0.107,22.741,36.627,213.6,0.0,0.0,16.34,4.26,0.009,5.3,4.82
2007,12,6,340,-0.41719360261231697,0.9088176373395028,20.0,0.059,22.747,36.619,213.2,0.0,0.0,16.41,4.89,0.009,5.3,4.68
2007,12,6,340,-0.41719360261231697,0.9088176373395028,40.0,0.117,22.747,36.615,213.2,0.0,0.0,16.78,5.01,0.011,6.7,3.37
2007,12,6,340,-0.41719360261231697,0.9088176373395028,60.0,0.127,22.705,36.61,213.1,0.0,0.0,8.22,2.53,0.008,5.0,1.75
2008,1,17,17,0.288482432880609,0.9574851883550393,4.2,0.127,20.707,36.6,219.7,0.23,0.0,17.2,0.0,0.013,6.9,13.61
2008,1,17,17,0.288482432880609,0.9574851883550393,19.9,0.175,20.721,36.6,218.8,0.23,0.0,19.43,0.7,0.013,6.5,11.45
2008,1,17,17,0.288482432880609,0.9574851883550393,40.0,0.166,20.73,36.6,218.5,0.23,0.0,26.58,1.61,0.013,5.8,5.86
2008,1,17,17,0.288482432880609,0.9574851883550393,61.3,0.175,20.718,36.599,218.3,0.22,0.0,16.31,0.0,0.013,5.5,2.09
2008,1,17,17,0.288482432880609,0.9574851883550393,79.9,0.146,20.723,36.599,217.8,0.24,0.0,22.44,2.0,0.015,4.1,0.42
2008,1,17,17,0.288482432880609,0.9574851883550393,102.2,0.136,20.728,36.598,217.6,0.26,0.0,8.81,0.0,0.011,3.8,0.1
2008,1,17,17,0.288482432880609,0.9574851883550393,120.0,0.058,20.666,36.586,214.7,0.54,0.0,15.77,0.89,0.01,3.6,-0.01
2008,1,17,17,0.288482432880609,0.9574851883550393,141.3,0.01,20.141,36.627,201.2,1.61,0.06,8.4,0.95,0.004,3.0,-0.03
2008,2,12,43,0.6744436188329455,0.7383263540031065,5.5,0.088,20.651,36.694,220.8,0.0,0.0,20.19,4.35,0.011,4.2,5.18
2008,2,12,43,0.6744436188329455,0.7383263540031065,19.7,0.078,20.653,36.693,220.6,0.0,0.0,23.03,5.59,0.01,3.5,5.99
2008,2,12,43,0.6744436188329455,0.7383263540031065,39.4,0.097,20.724,36.723,220.6,0.0,0.0,19.51,5.53,0.009,3.6,4.83
2008,2,12,43,0.6744436188329455,0.7383263540031065,60.1,0.195,20.624,36.689,220.9,0.0,0.0,17.93,4.35,0.011,4.0,2.58
2008,2,12,43,0.6744436188329455,0.7383263540031065,80.4,0.195,20.554,36.682,220.8,0.0,0.0,17.93,4.35,0.011,4.0,1.45
2008,2,12,43,0.6744436188329455,0.7383263540031065,99.2,0.156,20.349,36.654,218.4,0.11,0.0,17.8,4.74,0.009,4.3,0.72
2008,2,12,43,0.6744436188329455,0.7383263540031065,119.5,0.088,19.431,36.64,210.1,0.68,0.0,15.85,3.84,0.009,2.7,0.32
2008,2,12,43,0.6744436188329455,0.7383263540031065,139.6,0.039,18.889,36.624,195.2,2.14,0.04,6.79,2.54,0.005,2.5,-0.13
2008,3,13,73,0.9510565162951535,0.30901699437494745,4.7,0.058,20.384,36.706,221.2,0.0,0.0,35.0,6.47,0.008,5.6,4.19
2008,3,13,73,0.9510565162951535,0.30901699437494745,19.9,0.058,20.385,36.706,222.0,0.0,0.0,32.82,3.71,0.009,4.9,4.81
2008,3,13,73,0.9510565162951535,0.30901699437494745,39.8,0.068,20.383,36.706,222.9,0.0,0.0,24.26,4.31,0.008,4.4,3.35
2008,3,13,73,0.9510565162951535,0.30901699437494745,59.7,0.088,20.386,36.706,223.8,0.0,0.0,20.55,4.25,0.011,4.5,2.65
2008,3,13,73,0.9510565162951535,0.30901699437494745,81.1,0.097,20.391,36.706,224.6,0.0,0.0,20.48,3.98,0.009,4.0,1.41
2008,3,13,73,0.9510565162951535,0.30901699437494745,99.1,0.195,19.71,36.649,224.1,0.0,0.0,14.13,1.77,0.012,4.0,3.35
2008,3,13,73,0.9510565162951535,0.30901699437494745,121.5,0.185,19.292,36.615,217.0,0.65,0.0,22.04,3.55,0.008,3.4,0.25
2008,3,13,73,0.9510565162951535,0.30901699437494745,139.4,0.049,19.087,36.62,211.6,1.42,0.0,14.09,2.01,0.005,2.9,0.14
2008,4,15,106,0.9679377830240642,-0.25119006388481935,4.9,0.039,21.376,36.776,219.1,0.0,0.0,18.88,4.0,0.006,4.8,2.61
2008,4,15,106,0.9679377830240642,-0.25119006388481935,19.9,0.039,21.383,36.777,219.3,0.0,0.0,19.25,4.88,0.006,4.2,1.84
2008,4,15,106,0.9679377830240642,-0.25119006388481935,36.9,0.058,21.059,36.758,220.1,0.0,0.0,19.72,5.71,0.008,4.5,0.61
2008,4,15,106,0.9679377830240642,-0.25119006388481935,60.9,0.049,20.692,36.73,220.8,0.0,0.0,22.57,5.65,0.009,4.1,1.12
2008,4,15,106,0.9679377830240642,-0.25119006388481935,78.8,0.117,20.44,36.711,219.9,0.0,0.0,18.24,4.6,0.007,4.4,0.66
2008,4,15,106,0.9679377830240642,-0.25119006388481935,98.4,0.156,20.302,36.717,226.1,0.0,0.0,34.57,6.82,0.011,4.6,0.55
2008,5,30,151,0.5160623910158528,-0.8565509959010036,21.8,0.029,20.969,36.567,222.0,0.0,0.0,35.86,1.08,0.01,5.3,9.46
2008,5,30,151,0.5160623910158528,-0.8565509959010036,1.0,0.029,21.04,36.501,222.0,0.0,0.0,31.47,5.14,0.011,4.6,6.73
2008,5,30,151,0.5160623910158528,-0.8565509959010036,41.1,0.068,20.37,36.602,224.8,0.0,0.0,36.56,0.65,0.01,3.9,4.17
2008,5,30,151,0.5160623910158528,-0.8565509959010036,60.6,0.214,19.212,36.639,228.8,0.0,0.0,38.3,2.06,0.015,7.2,5.45
2008,5,30,151,0.5160623910158528,-0.8565509959010036,80.8,0.341,18.903,36.46,222.4,0.0,0.0,22.84,5.76,0.012,4.8,3.07
2008,5,30,151,0.5160623910158528,-0.8565509959010036,100.9,0.185,18.749,36.621,216.6,0.68,0.04,22.84,5.76,0.009,3.5,0.86
2008,5,30,151,0.5160623910158528,-0.8565509959010036,119.9,0.097,18.669,36.614,215.1,1.54,0.05,11.66,3.2,0.006,3.5,0.19
2008,5,30,151,0.5160623910158528,-0.8565509959010036,140.6,0.039,18.551,36.607,215.8,1.97,0.06,10.08,3.04,0.004,3.5,-0.01
2008,8,14,227,-0.6932812268869771,-0.7206671495538615,3.4,0.02,26.988,36.523,199.4,0.05,0.0,20.75,4.35,0.007,3.0,4.31
2008,8,14,227,-0.6932812268869771,-0.7206671495538615,19.0,0.01,26.303,36.544,199.2,0.05,0.0,20.32,5.19,0.006,2.2,5.22
2008,8,14,227,-0.6932812268869771,-0.7206671495538615,39.9,0.039,23.082,36.55,220.7,0.05,0.0,21.92,5.18,0.009,4.0,4.66
2008,8,14,227,-0.6932812268869771,-0.7206671495538615,59.5,0.068,20.132,36.599,228.1,0.06,0.0,25.31,4.95,0.007,3.3,6.13
2008,8,14,227,-0.6932812268869771,-0.7206671495538615,79.4,0.137,19.625,36.595,219.8,0.1,0.0,26.01,6.22,0.014,3.3,4.07
2008,8,14,227,-0.6932812268869771,-0.7206671495538615,100.2,0.059,19.57,36.597,207.2,1.39,0.0,16.2,4.49,0.005,3.9,0.83
2008,8,14,227,-0.6932812268869771,-0.7206671495538615,119.3,0.029,19.177,36.628,204.1,2.0,0.04,10.18,2.98,0.005,1.8,0.15
2008,8,14,227,-0.6932812268869771,-0.7206671495538615,140.7,0.019,18.953,36.623,204.7,2.09,0.04,13.07,3.68,0.003,2.9,0.04
2008,9,12,256,-0.9536809966304455,-0.300819807635668,3.5,0.029,28.617,36.293,198.7,0.06,0.0,6.34,1.49,0.007,3.5,3.9
2008,9,12,256,-0.9536809966304455,-0.300819807635668,19.7,0.02,27.768,36.462,208.6,0.06,0.0,20.59,3.97,0.005,4.2,3.59
2008,9,12,256,-0.9536809966304455,-0.300819807635668,40.0,0.02,23.659,36.59,225.4,0.06,0.0,22.11,4.37,0.009,4.3,4.17
2008,9,12,256,-0.9536809966304455,-0.300819807635668,58.9,0.059,21.279,36.721,225.7,0.06,0.0,24.11,5.06,0.008,4.1,2.95
2008,9,12,256,-0.9536809966304455,-0.300819807635668,79.7,0.059,19.886,36.606,220.1,0.06,0.0,24.72,5.0,0.007,4.5,4.18
2008,9,12,256,-0.9536809966304455,-0.300819807635668,100.1,0.078,19.32,36.612,207.4,1.28,0.0,21.12,5.12,0.009,3.5,2.06
2008,9,12,256,-0.9536809966304455,-0.300819807635668,119.4,0.195,19.141,36.62,203.0,2.12,0.0,21.12,5.12,0.005,2.2,0.52
2008,9,12,256,-0.9536809966304455,-0.300819807635668,139.6,0.039,18.852,36.615,204.3,2.72,0.06,7.13,2.12,0.003,2.0,-0.07
2009,8,15,227,-0.6932812268869771,-0.7206671495538615,3.8,0.977,28.517,36.324,206.6,0.0,0.0,20.5,5.26,0.011,4.1,5.64
2009,8,15,227,-0.6932812268869771,-0.7206671495538615,20.3,0.977,28.141,36.305,206.6,0.0,0.0,20.37,4.56,0.009,4.6,3.67
2009,8,15,227,-0.6932812268869771,-0.7206671495538615,39.5,0.977,25.233,36.511,206.6,0.0,0.0,31.06,6.07,0.011,9.3,4.19
2009,8,15,227,-0.6932812268869771,-0.7206671495538615,61.5,0.976,23.28,36.652,209.4,0.0,0.0,24.76,5.9,0.012,8.9,4.53
2009,8,15,227,-0.6932812268869771,-0.7206671495538615,80.0,0.976,21.67,36.692,208.7,0.0,0.04,23.48,5.48,0.012,4.3,4.4
2009,8,15,227,-0.6932812268869771,-0.7206671495538615,101.4,0.976,20.797,36.688,194.0,1.45,0.0,20.53,5.36,0.009,2.8,1.71
2009,8,15,227,-0.6932812268869771,-0.7206671495538615,120.2,0.976,20.198,36.67,196.7,1.89,0.06,12.29,3.74,0.006,3.3,0.31
2009,8,15,227,-0.6932812268869771,-0.7206671495538615,141.3,0.976,19.586,36.633,208.4,1.46,0.04,12.91,3.03,0.005,3.6,0.05
2009,11,8,312,-0.7909456567567774,0.6118864012687242,5.2,0.098,24.516,36.387,206.1,0.0,0.0,24.17,5.02,0.009,6.1,1.95
2009,11,8,312,-0.7909456567567774,0.6118864012687242,19.6,0.107,24.529,36.387,205.7,0.0,0.0,19.95,4.26,0.009,6.2,2.38
2009,11,8,312,-0.7909456567567774,0.6118864012687242,39.5,0.127,24.534,36.387,207.2,0.0,0.0,19.22,4.09,0.01,5.6,2.74
2009,11,8,312,-0.7909456567567774,0.6118864012687242,60.3,0.146,24.537,36.387,206.8,0.0,0.0,22.0,4.97,0.011,4.3,1.47
2009,11,8,312,-0.7909456567567774,0.6118864012687242,78.9,0.185,24.268,36.535,206.3,0.0,0.0,17.44,4.2,0.011,4.7,1.76
2009,11,8,312,-0.7909456567567774,0.6118864012687242,100.5,0.312,22.848,36.707,198.7,0.23,0.0,22.29,5.55,0.015,6.0,1.15
2009,11,8,312,-0.7909456567567774,0.6118864012687242,121.0,0.117,21.518,36.718,197.5,1.22,0.0,24.14,3.56,0.007,3.1,0.15
2009,11,8,312,-0.7909456567567774,0.6118864012687242,141.4,0.049,20.57,36.685,201.4,1.33,0.0,6.61,2.51,0.004,2.4,-0.07
2009,12,9,343,-0.3697245428906732,0.9291414114031743,4.6,0.195,23.004,36.52,211.2,0.0,0.0,28.4,4.66,0.011,5.2,4.32
2009,12,9,343,-0.3697245428906732,0.9291414114031743,20.1,0.176,22.898,36.519,212.0,0.0,0.0,21.95,3.79,0.012,8.4,5.61
2009,12,9,343,-0.3697245428906732,0.9291414114031743,39.7,0.195,22.895,36.517,212.5,0.0,0.0,22.27,4.03,0.008,5.4,4.28
2009,12,9,343,-0.3697245428906732,0.9291414114031743,60.2,0.234,22.745,36.499,211.5,0.0,0.0,25.05,5.12,0.01,4.6,2.53
2009,12,9,343,-0.3697245428906732,0.9291414114031743,80.9,0.205,22.604,36.517,208.6,0.13,0.0,15.86,3.1,0.012,4.4,0.49
2009,12,9,343,-0.3697245428906732,0.9291414114031743,99.3,0.127,21.972,36.681,206.1,0.49,0.0,15.7,3.05,0.013,4.4,0.52
2009,12,9,343,-0.3697245428906732,0.9291414114031743,120.3,0.078,20.593,36.687,194.8,1.44,0.0,8.95,1.61,0.006,2.7,-0.06
2009,12,9,343,-0.3697245428906732,0.9291414114031743,141.3,0.039,19.794,36.651,202.7,1.63,0.04,6.91,1.71,0.005,3.1,-0.1
2010,2,24,55,0.8115390590073611,0.5842981736283684,79.6,0.243,18.471,36.606,220.5,1.78,0.04,16.87,4.16,0.009,3.8,3.29
2010,2,24,55,0.8115390590073611,0.5842981736283684,119.9,0.175,18.507,36.607,220.9,2.01,0.05,13.16,3.4,0.009,5.0,0.44
2010,2,24,55,0.8115390590073611,0.5842981736283684,139.8,0.156,18.481,36.606,220.6,2.05,0.04,23.49,5.28,0.011,3.5,0.06
2010,3,25,84,0.9922222094179323,0.12447926388678915,100.9,0.166,18.486,36.609,222.4,1.64,0.04,15.94,4.51,0.013,5.0,1.51
2010,3,25,84,0.9922222094179323,0.12447926388678915,119.9,0.078,18.46,36.607,220.0,1.64,0.05,13.94,3.72,0.011,4.8,0.09
2010,3,25,84,0.9922222094179323,0.12447926388678915,140.8,0.058,18.407,36.601,217.6,2.0,0.06,10.06,3.18,0.011,4.4,0.42
2010,4,22,112,0.9368813462954315,-0.3496474552512284,4.0,0.068,20.086,36.747,225.5,0.2,0.0,23.34,5.06,0.011,5.0,2.45
2010,4,22,112,0.9368813462954315,-0.3496474552512284,21.0,0.068,20.09,36.747,225.7,0.19,0.0,26.18,5.59,0.013,6.0,2.83
2010,4,22,112,0.9368813462954315,-0.3496474552512284,40.3,0.078,20.086,36.746,227.0,0.19,0.0,20.54,4.65,0.011,6.0,4.06
2010,4,22,112,0.9368813462954315,-0.3496474552512284,59.6,0.166,20.055,36.745,225.6,0.2,0.0,25.16,5.82,0.012,7.2,3.77
2010,4,22,112,0.9368813462954315,-0.3496474552512284,101.4,0.224,19.033,36.649,211.0,1.78,0.04,11.58,3.7,0.011,5.1,0.97
2010,4,22,112,0.9368813462954315,-0.3496474552512284,121.0,0.068,18.912,36.641,211.1,2.22,0.04,7.14,2.23,0.006,3.9,0.24
2010,4,22,112,0.9368813462954315,-0.3496474552512284,139.1,0.039,18.76,36.632,210.6,2.41,0.04,5.0,2.17,0.005,2.5,0.07
2010,5,14,134,0.7412220108485958,-0.6712599575675313,4.9,0.078,20.3,36.684,228.8,0.2,0.0,52.9,7.04,0.014,8.5,9.73
2010,5,14,134,0.7412220108485958,-0.6712599575675313,79.9,0.38,18.763,36.621,221.6,1.32,0.0,25.29,6.27,0.012,6.3,2.74
2010,5,14,134,0.7412220108485958,-0.6712599575675313,100.5,0.175,18.498,36.611,215.0,2.58,0.09,16.17,4.4,0.01,5.8,0.36
2010,5,14,134,0.7412220108485958,-0.6712599575675313,120.8,0.029,18.409,36.605,215.5,2.81,0.1,8.12,2.58,0.004,3.2,-0.11
2010,5,14,134,0.7412220108485958,-0.6712599575675313,140.7,0.01,18.36,36.601,215.7,2.9,0.09,8.36,2.35,0.005,3.4,0.01
2010,6,23,174,0.1457991969198751,-0.9893142039703663,2.4,0.059,27.176,36.769,208.7,0.2,0.0,24.54,5.1,0.009,6.5,9.17
2010,6,23,174,0.1457991969198751,-0.9893142039703663,99.9,0.292,18.531,36.609,217.2,1.88,0.0,17.14,4.64,0.011,6.6,0.75
2010,6,23,174,0.1457991969198751,-0.9893142039703663,120.0,0.117,18.417,36.602,214.1,2.67,0.0,9.91,3.12,0.004,3.3,0.06
2010,7,24,205,-0.37770796520396466,-0.9259247771938499,5.1,0.039,28.419,36.923,200.5,0.0,0.0,21.53,3.71,0.005,3.7,3.9
2010,7,24,205,-0.37770796520396466,-0.9259247771938499,21.6,0.029,27.324,36.85,205.0,0.0,0.0,31.09,4.68,0.005,3.9,4.06
2010,7,24,205,-0.37770796520396466,-0.9259247771938499,39.8,0.039,23.08,36.761,238.1,0.0,0.0,33.88,4.41,0.007,5.4,4.21
2010,7,24,205,-0.37770796520396466,-0.9259247771938499,60.7,0.039,21.529,36.737,228.3,0.0,0.0,38.42,6.21,0.009,5.7,3.79
2010,7,24,205,-0.37770796520396466,-0.9259247771938499,81.1,0.098,20.284,36.699,227.9,0.0,0.0,33.61,6.67,0.005,4.5,2.66
2010,7,24,205,-0.37770796520396466,-0.9259247771938499,100.4,0.273,19.644,36.671,216.6,0.0,0.0,30.04,5.96,0.006,4.0,2.09
2010,7,24,205,-0.37770796520396466,-0.9259247771938499,120.2,0.117,19.268,36.651,203.7,1.06,0.0,17.85,3.9,0.003,3.6,0.59
2010,7,24,205,-0.37770796520396466,-0.9259247771938499,140.1,0.068,19.08,36.675,200.7,1.94,0.04,12.29,2.74,0.004,2.5,0.12
2010,8,21,233,-0.7638886127905429,-0.64534811322955,4.6,0.039,28.721,36.672,196.1,0.19,0.04,24.74,3.51,0.006,4.1,4.92
2010,8,21,233,-0.7638886127905429,-0.64534811322955,19.7,0.049,28.206,36.683,198.9,0.19,0.0,21.42,3.69,0.008,6.2,6.22
2010,8,21,233,-0.7638886127905429,-0.64534811322955,39.4,0.078,23.674,36.781,230.1,0.22,0.0,26.71,4.25,0.009,6.8,4.96
2010,8,21,233,-0.7638886127905429,-0.64534811322955,60.0,0.137,21.492,36.725,222.6,0.21,0.0,25.04,4.31,0.01,7.1,4.62
2010,8,21,233,-0.7638886127905429,-0.64534811322955,79.3,0.205,19.919,36.662,220.1,0.45,0.0,24.41,4.69,0.012,4.7,5.72
2010,8,21,233,-0.7638886127905429,-0.64534811322955,99.7,0.195,19.498,36.682,198.0,0.21,0.0,15.53,3.37,0.007,3.2,1.39
2010,8,21,233,-0.7638886127905429,-0.64534811322955,120.1,0.049,19.172,36.651,199.4,0.38,0.0,12.13,1.8,0.003,2.5,0.23
2010,8,21,233,-0.7638886127905429,-0.64534811322955,140.5,0.029,18.876,36.63,206.7,1.53,0.0,7.61,2.05,0.003,2.3,0.14
2010,9,6,249,-0.9106046300942162,-0.41327860778290443,4.3,0.059,27.902,36.24,199.2,0.07,0.0,33.81,4.55,0.009,5.8,-2.3
2010,9,6,249,-0.9106046300942162,-0.41327860778290443,20.8,0.059,27.459,36.241,200.5,0.07,0.0,30.24,3.42,0.009,4.4,4.73
2010,9,6,249,-0.9106046300942162,-0.41327860778290443,39.8,0.078,24.504,36.679,210.7,0.08,0.0,33.27,4.42,0.01,4.1,2.94
2010,9,6,249,-0.9106046300942162,-0.41327860778290443,59.7,0.156,22.416,36.739,213.0,0.06,0.0,36.49,5.3,0.008,4.0,6.33
2010,9,6,249,-0.9106046300942162,-0.41327860778290443,79.9,0.322,21.345,36.733,210.3,0.36,0.0,34.87,5.11,0.009,3.1,4.02
2010,9,6,249,-0.9106046300942162,-0.41327860778290443,98.2,0.117,20.143,36.692,205.2,1.18,0.0,24.41,2.97,0.005,2.7,0.48
2010,9,6,249,-0.9106046300942162,-0.41327860778290443,120.0,0.039,19.572,36.671,204.9,1.59,0.09,18.21,2.15,0.003,2.5,0.06
2010,10,7,280,-0.994217906893952,0.10738134666416306,4.9,0.059,25.901,36.558,204.1,0.08,0.0,24.59,3.66,0.008,6.2,2.37
2010,10,7,280,-0.994217906893952,0.10738134666416306,19.9,0.059,25.94,36.52,204.2,0.09,0.0,23.56,3.84,0.007,6.2,2.08
2010,10,7,280,-0.994217906893952,0.10738134666416306,39.9,0.049,25.961,36.614,205.2,0.09,0.0,35.33,4.88,0.01,7.1,0.46
2010,10,7,280,-0.994217906893952,0.10738134666416306,59.4,0.107,24.902,36.531,204.2,0.09,0.0,30.92,4.88,0.008,5.8,4.3
2010,10,7,280,-0.994217906893952,0.10738134666416306,79.4,0.361,23.011,36.664,207.6,0.23,0.0,31.41,5.78,0.014,5.8,4.7
2010,10,7,280,-0.994217906893952,0.10738134666416306,100.5,0.234,21.285,36.711,195.9,1.35,0.05,24.53,4.29,0.009,4.8,1.36
2010,10,7,280,-0.994217906893952,0.10738134666416306,120.7,0.146,20.601,36.698,194.1,1.8,0.05,38.1,5.59,0.005,3.8,0.22
2010,10,7,280,-0.994217906893952,0.10738134666416306,137.7,0.019,20.058,36.677,194.9,2.39,0.06,17.54,1.71,0.002,2.3,0.13
2010,11,11,315,-0.7583058084785625,0.6518989958787125,9.2,0.117,24.254,36.782,207.2,0.09,0.0,32.91,4.79,0.008,6.0,4.62
2010,11,11,315,-0.7583058084785625,0.6518989958787125,20.0,0.127,24.254,36.781,207.4,0.08,0.0,27.81,3.04,0.007,6.0,2.45
2010,11,11,315,-0.7583058084785625,0.6518989958787125,40.1,0.127,24.257,36.781,209.6,0.08,0.0,33.54,4.47,0.007,5.9,2.22
2010,11,11,315,-0.7583058084785625,0.6518989958787125,60.6,0.127,24.259,36.78,207.2,0.08,0.0,35.49,3.3,0.008,5.6,1.92
2010,11,11,315,-0.7583058084785625,0.6518989958787125,78.6,0.137,24.169,36.776,207.2,0.12,0.0,30.04,4.01,0.008,4.7,0.43
2010,11,11,315,-0.7583058084785625,0.6518989958787125,98.2,0.205,20.573,36.698,199.0,1.18,0.04,26.92,3.17,0.007,4.6,4.39
2010,11,11,315,-0.7583058084785625,0.6518989958787125,118.0,0.088,19.754,36.672,197.3,2.62,0.08,14.13,2.01,0.005,2.8,0.01
2010,11,11,315,-0.7583058084785625,0.6518989958787125,140.3,0.039,19.285,36.646,196.9,2.64,0.06,14.46,1.55,0.005,2.8,0.09
2010,12,9,343,-0.3697245428906732,0.9291414114031743,3.8,0.283,22.185,36.643,210.3,0.13,0.0,22.33,4.38,0.011,4.5,4.36
2010,12,9,343,-0.3697245428906732,0.9291414114031743,17.7,0.292,22.191,36.643,213.4,0.13,0.0,23.43,4.63,0.012,5.9,5.93
2010,12,9,343,-0.3697245428906732,0.9291414114031743,38.3,0.312,22.196,36.641,209.6,0.13,0.0,22.9,4.37,0.01,6.0,3.12
2010,12,9,343,-0.3697245428906732,0.9291414114031743,60.0,0.283,22.195,36.639,214.3,0.14,0.0,22.98,5.35,0.011,6.3,1.85
2010,12,9,343,-0.3697245428906732,0.9291414114031743,78.0,0.312,22.189,36.637,210.3,0.14,0.0,18.91,4.12,0.011,5.8,-0.78
2010,12,9,343,-0.3697245428906732,0.9291414114031743,97.1,0.263,22.144,36.632,212.6,0.2,0.0,21.57,4.83,0.005,5.7,0.06
2010,12,9,343,-0.3697245428906732,0.9291414114031743,120.9,0.058,20.504,36.687,192.2,1.99,0.06,10.89,2.54,0.005,2.9,0.95
2010,12,9,343,-0.3697245428906732,0.9291414114031743,139.5,0.029,19.671,36.647,192.2,2.41,0.06,9.91,2.28,0.002,2.8,1.27
2011,3,6,65,0.8996308696522433,0.43665123195606403,4.9,0.322,18.905,36.665,226.3,1.09,0.0,20.29,3.98,0.015,8.1,15.71
2011,3,6,65,0.8996308696522433,0.43665123195606403,19.1,0.331,18.909,36.665,226.0,1.1,0.04,21.58,3.85,0.015,6.9,13.58
2011,3,6,65,0.8996308696522433,0.43665123195606403,40.3,0.322,18.916,36.665,227.5,1.09,0.04,21.23,3.43,0.007,6.4,6.03
2011,3,6,65,0.8996308696522433,0.43665123195606403,58.8,0.322,18.921,36.665,224.3,1.07,0.04,21.2,3.9,0.014,6.9,4.12
2011,3,6,65,0.8996308696522433,0.43665123195606403,79.6,0.322,18.931,36.665,225.9,1.04,0.04,17.93,3.81,0.015,6.7,1.31
2011,3,6,65,0.8996308696522433,0.43665123195606403,100.1,0.312,18.934,36.665,226.0,1.08,0.04,20.76,3.98,0.016,6.3,0.44
2011,3,6,65,0.8996308696522433,0.43665123195606403,119.1,0.302,18.934,36.665,225.5,1.11,0.04,17.43,3.64,0.017,5.9,0.13
2011,3,6,65,0.8996308696522433,0.43665123195606403,139.3,0.253,18.937,36.665,227.2,1.14,0.04,16.74,3.98,0.017,5.9,-0.12
2011,3,27,86,0.995918996147179,0.09025161003104117,19.0,0.361,18.79,36.675,232.4,0.12,0.0,39.5,8.06,0.008,7.7,15.49
2011,3,27,86,0.995918996147179,0.09025161003104117,59.7,0.361,18.779,36.675,229.0,0.39,0.0,32.28,7.56,0.004,7.0,6.08
2011,3,27,86,0.995918996147179,0.09025161003104117,79.7,0.205,18.753,36.673,224.8,0.87,0.0,21.34,4.85,0.001,7.4,2.01
2011,3,27,86,0.995918996147179,0.09025161003104117,99.2,0.214,18.662,36.663,224.0,1.06,0.0,29.4,7.12,0.008,6.8,0.17
2011,3,27,86,0.995918996147179,0.09025161003104117,120.0,0.127,18.497,36.636,224.0,1.39,0.05,21.54,5.48,0.001,4.8,0.08
2011,3,27,86,0.995918996147179,0.09025161003104117,140.0,0.049,18.453,36.628,218.3,1.85,0.07,14.1,3.34,0.013,4.5,0.08
2011,4,7,97,0.9951053111006976,-0.09882013873287143,100.7,0.146,18.458,36.65,222.5,1.52,0.06,19.73,4.5,0.01,7.1,0.03
2011,4,7,97,0.9951053111006976,-0.09882013873287143,118.7,0.029,18.384,36.643,217.2,2.3,0.12,11.95,2.75,0.008,6.7,0.01
2011,4,7,97,0.9951053111006976,-0.09882013873287143,138.8,0.029,18.326,36.632,220.8,2.07,0.1,15.72,2.03,0.008,6.1,-0.02
2011,4,27,117,0.9033558023246845,-0.4288919379124835,5.1,0.059,20.974,36.74,225.1,0.0,0.0,24.56,4.39,0.01,7.1,5.54
2011,4,27,117,0.9033558023246845,-0.4288919379124835,20.2,0.078,20.495,36.73,229.3,0.0,0.0,33.55,6.08,0.01,7.6,4.02
2011,4,27,117,0.9033558023246845,-0.4288919379124835,79.1,0.244,18.567,36.648,223.4,1.62,0.0,18.83,4.27,0.016,6.1,4.05
2011,4,27,117,0.9033558023246845,-0.4288919379124835,99.3,0.058,18.472,36.64,216.8,1.73,0.05,10.3,2.44,0.007,4.7,4.1
2011,4,27,117,0.9033558023246845,-0.4288919379124835,120.2,0.01,18.358,36.623,216.8,2.63,0.08,8.21,2.38,0.005,3.7,0.06
2011,4,27,117,0.9033558023246845,-0.4288919379124835,140.6,0.01,18.285,36.62,218.5,2.82,0.09,9.5,1.86,0.003,3.8,0.04
2011,5,18,138,0.6932812268869777,-0.7206671495538609,3.5,0.068,21.441,36.818,222.6,0.0,0.0,27.63,5.21,0.01,6.9,2.83
2011,5,18,138,0.6932812268869777,-0.7206671495538609,20.9,0.088,20.425,36.719,226.5,0.0,0.0,36.49,6.16,0.01,6.8,6.25
2011,5,18,138,0.6932812268869777,-0.7206671495538609,39.1,0.127,20.277,36.71,228.0,0.0,0.0,43.37,6.93,0.013,7.4,4.61
2011,5,18,138,0.6932812268869777,-0.7206671495538609,79.7,0.419,18.809,36.652,217.7,1.67,0.06,19.95,5.01,0.016,5.8,1.64
2011,5,18,138,0.6932812268869777,-0.7206671495538609,101.1,0.156,18.613,36.639,216.0,2.17,0.06,14.22,3.34,0.007,4.3,0.41
2011,5,18,138,0.6932812268869777,-0.7206671495538609,120.1,0.078,18.468,36.632,213.3,2.39,0.08,9.38,2.25,0.005,3.5,-0.02
2011,5,18,138,0.6932812268869777,-0.7206671495538609,139.9,0.01,18.346,36.621,213.3,2.68,0.12,4.64,1.54,0.003,2.9,-0.04
2011,6,16,167,0.26366549272800704,-0.9646141756912435,4.3,0.078,23.739,36.694,213.3,0.11,0.04,31.07,4.85,0.013,8.5,4.66
2011,6,16,167,0.26366549272800704,-0.9646141756912435,19.3,0.088,23.237,36.792,214.2,0.11,0.04,36.09,5.48,0.015,7.4,4.56
2011,6,16,167,0.26366549272800704,-0.9646141756912435,41.1,0.166,21.031,36.738,229.3,0.11,0.0,50.74,7.92,0.011,7.6,6.86
2011,6,16,167,0.26366549272800704,-0.9646141756912435,80.4,0.322,19.616,36.697,221.6,0.31,0.0,28.22,5.35,0.018,6.6,2.73
2011,6,16,167,0.26366549272800704,-0.9646141756912435,99.9,0.253,19.268,36.687,214.7,0.65,0.0,25.66,5.29,0.013,6.8,1.2
2011,6,16,167,0.26366549272800704,-0.9646141756912435,119.3,0.146,18.974,36.669,216.2,1.35,0.06,14.87,2.75,0.01,5.4,0.18
2011,6,16,167,0.26366549272800704,-0.9646141756912435,141.0,0.107,18.779,36.653,212.7,1.86,0.07,10.22,2.49,0.007,3.8,0.06
2011,7,7,188,-0.09453674981719933,-0.9955213724144752,4.9,0.039,27.485,36.902,201.3,0.11,0.0,19.77,3.75,0.009,6.9,1.97
2011,7,7,188,-0.09453674981719933,-0.9955213724144752,19.6,0.059,24.221,36.709,215.4,0.11,0.0,31.9,5.15,0.013,8.4,3.06
2011,7,7,188,-0.09453674981719933,-0.9955213724144752,40.3,0.078,21.567,36.738,234.1,0.11,0.0,40.23,6.42,0.015,7.7,4.88
2011,7,7,188,-0.09453674981719933,-0.9955213724144752,60.9,0.195,20.459,36.713,227.8,0.11,0.04,43.44,7.56,0.017,7.5,4.18
2011,7,7,188,-0.09453674981719933,-0.9955213724144752,80.0,0.361,19.521,36.67,223.7,0.18,0.04,31.13,5.97,0.013,6.8,2.35
2011,7,7,188,-0.09453674981719933,-0.9955213724144752,99.3,0.244,18.99,36.653,211.2,1.36,0.06,25.03,5.71,0.006,6.3,1.54
2011,7,7,188,-0.09453674981719933,-0.9955213724144752,120.8,0.136,18.696,36.643,210.0,2.25,0.1,14.91,3.68,0.008,5.4,0.31
2011,7,7,188,-0.09453674981719933,-0.9955213724144752,139.5,0.078,18.484,36.624,209.5,2.84,0.14,9.75,2.79,0.012,4.0,-0.12
2011,9,13,256,-0.9536809966304455,-0.300819807635668,5.6,0.059,28.295,36.713,201.8,0.0,0.0,25.3,3.15,0.01,5.4,2.01
2011,9,13,256,-0.9536809966304455,-0.300819807635668,19.6,0.059,28.114,36.703,199.8,0.0,0.0,37.55,0.0,0.009,5.5,1.98
2011,9,13,256,-0.9536809966304455,-0.300819807635668,39.3,0.078,25.566,36.855,232.0,0.0,0.0,40.61,2.44,0.012,5.7,2.11
2011,9,13,256,-0.9536809966304455,-0.300819807635668,59.5,0.098,22.836,36.889,231.7,0.0,0.0,24.26,0.72,0.012,5.9,1.14
2011,9,13,256,-0.9536809966304455,-0.300819807635668,80.0,0.166,21.272,36.79,224.3,0.0,0.0,17.45,1.28,0.013,6.1,1.03
2011,9,13,256,-0.9536809966304455,-0.300819807635668,99.5,0.214,20.842,36.794,211.8,0.0,0.0,11.77,0.94,0.011,5.1,0.76
2011,9,13,256,-0.9536809966304455,-0.300819807635668,119.8,0.224,19.593,36.701,200.4,0.49,0.0,11.69,0.56,0.015,4.7,0.31
2011,9,13,256,-0.9536809966304455,-0.300819807635668,139.0,0.117,19.166,36.671,207.1,0.64,0.05,3.25,0.59,0.019,3.2,0.05
2011,11,1,305,-0.858763958275803,0.5123714121284235,81.5,0.283,26.017,36.365,196.0,0.0,0.0,25.57,4.22,0.013,6.0,2.08
2011,11,1,305,-0.858763958275803,0.5123714121284235,98.7,0.176,23.785,36.693,195.0,0.33,0.0,18.23,3.49,0.009,5.6,0.74
2011,11,1,305,-0.858763958275803,0.5123714121284235,119.0,0.098,22.011,36.763,188.7,1.42,0.0,15.15,2.76,0.006,3.2,0.15
2011,11,1,305,-0.858763958275803,0.5123714121284235,139.5,0.059,20.929,36.752,188.4,1.88,0.06,8.45,1.84,0.005,3.5,0.0
2011,11,18,322,-0.6744436188329457,0.7383263540031063,4.0,0.166,24.245,36.483,207.8,0.0,0.0,28.14,5.83,0.014,5.7,4.31
2011,11,18,322,-0.6744436188329457,0.7383263540031063,19.8,0.156,24.254,36.482,207.7,0.0,0.0,29.96,5.56,0.011,6.9,4.54
2011,11,18,322,-0.6744436188329457,0.7383263540031063,40.2,0.166,24.264,36.49,207.6,0.0,0.0,23.13,5.49,0.014,6.2,2.45
2011,11,18,322,-0.6744436188329457,0.7383263540031063,60.3,0.166,24.281,36.522,208.1,0.0,0.0,23.99,5.1,0.011,7.1,0.96
2011,11,18,322,-0.6744436188329457,0.7383263540031063,80.2,0.234,24.359,36.574,208.1,0.06,0.0,31.21,6.81,0.016,5.4,0.55
2011,11,18,322,-0.6744436188329457,0.7383263540031063,99.3,0.137,21.589,36.75,196.5,1.41,0.06,13.79,4.17,0.008,4.5,0.2
2011,11,18,322,-0.6744436188329457,0.7383263540031063,119.9,0.078,20.318,36.719,192.6,2.13,0.09,10.48,3.26,0.007,3.0,0.01
2011,11,18,322,-0.6744436188329457,0.7383263540031063,139.5,0.019,19.474,36.686,191.2,2.72,0.11,11.07,2.6,0.006,2.6,-0.13
2011,12,9,343,-0.3697245428906732,0.9291414114031743,4.7,0.146,22.871,36.587,212.3,0.0,0.0,21.79,3.85,0.011,6.2,5.55
2011,12,9,343,-0.3697245428906732,0.9291414114031743,19.7,0.166,22.867,36.588,212.2,0.0,0.0,24.98,3.73,0.011,6.4,4.72
2011,12,9,343,-0.3697245428906732,0.9291414114031743,39.7,0.205,22.781,36.557,212.3,0.0,0.0,46.98,3.85,0.011,5.8,4.18
2011,12,9,343,-0.3697245428906732,0.9291414114031743,60.3,0.254,22.795,36.564,212.1,0.0,0.0,30.98,6.91,0.011,5.6,1.85
2011,12,9,343,-0.3697245428906732,0.9291414114031743,81.2,0.185,22.707,36.547,210.1,0.14,0.0,21.25,8.94,0.011,5.7,0.65
2011,12,9,343,-0.3697245428906732,0.9291414114031743,100.4,0.068,21.508,36.736,187.6,2.14,0.1,9.06,2.74,0.011,3.3,0.36
2011,12,9,343,-0.3697245428906732,0.9291414114031743,120.6,0.029,20.764,36.734,187.9,2.52,0.11,8.69,2.19,0.011,2.9,0.09
2011,12,9,343,-0.3697245428906732,0.9291414114031743,139.3,0.019,19.962,36.695,191.3,2.54,0.11,7.95,2.07,0.011,2.4,-0.07
2012,2,10,41,0.6486295610349814,0.7611042586607747,19.2,0.341,20.721,36.564,224.6,0.05,0.0,32.52,6.13,0.023,7.9,3.94
2012,2,10,41,0.6486295610349814,0.7611042586607747,39.5,0.361,20.692,36.557,224.3,0.05,0.0,33.15,6.2,0.024,6.7,2.85
2012,2,10,41,0.6486295610349814,0.7611042586607747,59.6,0.283,20.635,36.561,220.9,0.29,0.0,16.23,3.92,0.024,6.6,1.4
2012,2,10,41,0.6486295610349814,0.7611042586607747,79.4,0.234,20.611,36.566,220.2,0.33,0.0,14.14,2.76,0.024,6.3,0.25
2012,2,10,41,0.6486295610349814,0.7611042586607747,100.1,0.234,20.61,36.565,221.2,0.23,0.0,19.52,4.18,0.023,6.4,0.86
2012,2,10,41,0.6486295610349814,0.7611042586607747,119.7,0.058,20.581,36.561,213.0,0.93,0.05,13.03,2.88,0.015,5.1,0.08
2012,2,10,41,0.6486295610349814,0.7611042586607747,139.4,0.01,19.742,36.692,189.9,2.9,0.13,6.78,2.43,0.009,3.5,-0.35
2012,4,12,103,0.9796136916454901,-0.20089055513063506,5.5,0.127,20.431,36.651,225.2,0.13,0.0,33.55,5.38,0.018,6.3,2.23
2012,4,12,103,0.9796136916454901,-0.20089055513063506,19.4,0.127,20.276,36.663,225.1,0.08,0.0,34.2,5.63,0.021,5.8,3.21
2012,4,12,103,0.9796136916454901,-0.20089055513063506,39.4,0.146,20.229,36.658,225.4,0.07,0.0,31.89,5.31,0.017,5.2,3.26
2012,4,12,103,0.9796136916454901,-0.20089055513063506,78.8,0.273,20.179,36.648,223.7,0.08,0.0,35.25,6.15,0.019,6.3,1.77
2012,4,12,103,0.9796136916454901,-0.20089055513063506,100.1,0.302,20.177,36.649,225.0,0.1,0.0,20.88,4.48,0.021,5.1,0.94
2012,4,12,103,0.9796136916454901,-0.20089055513063506,120.2,0.214,20.096,36.647,224.3,0.17,0.0,19.5,4.42,0.023,5.2,0.35
2012,4,12,103,0.9796136916454901,-0.20089055513063506,139.2,0.146,19.98,36.621,223.1,0.27,0.0,15.9,3.53,0.019,5.6,0.13
2012,6,19,171,0.19667288979357647,-0.980469160361632,4.4,0.059,22.875,36.331,217.5,0.07,0.0,24.35,3.95,0.011,6.6,5.51
2012,6,19,171,0.19667288979357647,-0.980469160361632,21.1,0.078,22.863,36.36,218.0,0.07,0.0,31.53,4.98,0.009,6.7,3.7
2012,6,19,171,0.19667288979357647,-0.980469160361632,40.4,0.098,20.485,36.587,231.5,0.07,0.0,28.81,4.65,0.011,6.3,2.6
2012,6,19,171,0.19667288979357647,-0.980469160361632,60.5,0.146,19.738,36.586,234.2,0.07,0.05,34.45,5.66,0.015,6.3,5.14
2012,6,19,171,0.19667288979357647,-0.980469160361632,78.7,0.214,19.532,36.586,231.7,0.07,0.0,26.06,4.71,0.015,6.6,3.75
2012,6,19,171,0.19667288979357647,-0.980469160361632,100.3,0.37,19.508,36.585,220.4,0.6,0.0,24.68,4.71,0.015,7.7,0.99
2012,6,19,171,0.19667288979357647,-0.980469160361632,119.9,0.146,19.362,36.575,218.5,1.16,0.0,11.62,2.49,0.007,3.8,0.13
2012,6,19,171,0.19667288979357647,-0.980469160361632,140.8,0.049,19.329,36.573,218.5,1.18,0.0,7.94,2.04,0.007,3.8,0.01
2012,7,13,195,-0.2135209154397959,-0.9769384927771817,4.3,0.049,26.851,36.408,205.0,0.0,0.0,20.57,7.67,0.008,0.7,5.63
2012,7,13,195,-0.2135209154397959,-0.9769384927771817,19.7,0.049,24.815,36.39,216.4,0.0,0.0,29.69,6.45,0.011,0.7,2.31
2012,7,13,195,-0.2135209154397959,-0.9769384927771817,39.2,0.078,22.271,36.556,230.7,0.0,0.0,29.33,6.64,0.011,0.9,5.33
2012,7,13,195,-0.2135209154397959,-0.9769384927771817,60.0,0.156,20.299,36.592,227.5,0.0,0.0,34.89,7.21,0.013,0.7,4.32
2012,7,13,195,-0.2135209154397959,-0.9769384927771817,81.6,0.41,19.654,36.587,220.3,0.16,0.0,36.54,9.23,0.019,0.9,4.99
2012,7,13,195,-0.2135209154397959,-0.9769384927771817,119.2,0.049,19.259,36.569,215.6,1.2,0.04,12.65,7.58,0.008,0.5,0.13
2012,7,13,195,-0.2135209154397959,-0.9769384927771817,140.2,0.01,19.166,36.57,213.3,1.62,0.05,9.71,4.99,0.006,0.6,-0.04
2012,8,21,234,-0.7748840413670406,-0.6321034111873488,4.5,0.147,28.549,36.296,197.4,0.0,0.0,24.14,6.02,0.007,5.1,4.74
2012,8,21,234,-0.7748840413670406,-0.6321034111873488,18.1,0.059,28.573,36.338,198.3,0.0,0.0,19.77,5.33,0.007,5.6,3.58
2012,8,21,234,-0.7748840413670406,-0.6321034111873488,38.4,0.078,24.929,36.498,225.4,0.0,0.0,28.57,6.71,0.009,6.4,2.18
2012,8,21,234,-0.7748840413670406,-0.6321034111873488,60.2,0.176,22.32,36.654,231.6,0.0,0.0,29.0,6.7,0.013,7.2,2.78
2012,8,21,234,-0.7748840413670406,-0.6321034111873488,78.4,0.254,20.759,36.644,225.3,0.0,0.0,28.68,7.02,0.014,6.5,2.67
2012,8,21,234,-0.7748840413670406,-0.6321034111873488,99.3,0.244,19.955,36.62,216.7,0.17,0.0,21.13,5.44,0.011,6.5,2.12
2012,8,21,234,-0.7748840413670406,-0.6321034111873488,120.2,0.137,19.506,36.599,209.5,1.28,0.05,18.65,4.87,0.007,3.5,0.43
2012,8,21,234,-0.7748840413670406,-0.6321034111873488,139.3,0.078,19.279,36.578,208.9,1.68,0.07,13.12,3.61,0.004,3.5,0.1
2012,9,13,257,-0.9587178169872964,-0.2843591872810036,7.1,0.078,27.564,36.444,200.6,0.0,0.0,22.37,4.79,0.006,5.8,4.17
2012,9,13,257,-0.9587178169872964,-0.2843591872810036,20.4,0.088,27.57,36.442,200.5,0.0,0.0,31.3,5.24,0.008,6.2,3.33
2012,9,13,257,-0.9587178169872964,-0.2843591872810036,40.7,0.088,27.443,36.44,224.9,0.0,0.0,37.42,6.47,0.007,6.5,2.08
2012,9,13,257,-0.9587178169872964,-0.2843591872810036,60.1,0.127,22.597,36.692,238.0,0.0,0.0,32.58,5.23,0.009,7.0,1.55
2012,9,13,257,-0.9587178169872964,-0.2843591872810036,80.5,0.205,21.329,36.679,230.4,0.0,0.0,36.04,6.47,0.008,6.6,1.01
2012,9,13,257,-0.9587178169872964,-0.2843591872810036,99.8,0.263,20.531,36.672,223.0,0.0,0.0,28.95,5.42,0.008,5.1,0.68
2012,9,13,257,-0.9587178169872964,-0.2843591872810036,121.2,0.175,20.053,36.643,216.6,0.05,0.0,24.0,3.86,0.006,3.7,0.29
2012,9,13,257,-0.9587178169872964,-0.2843591872810036,140.6,0.097,19.65,36.621,206.5,0.66,0.0,21.08,4.12,0.007,3.8,0.43
2012,10,20,294,-0.9398560579418953,0.341570769167856,5.8,0.068,25.743,36.377,204.0,0.0,0.0,20.47,4.01,0.007,4.8,3.52
2012,10,20,294,-0.9398560579418953,0.341570769167856,20.8,0.068,25.739,36.377,204.3,0.0,0.0,19.75,3.43,0.007,6.2,2.66
2012,10,20,294,-0.9398560579418953,0.341570769167856,39.7,0.068,25.692,36.38,204.3,0.0,0.0,27.64,5.19,0.005,6.0,3.2
2012,10,20,294,-0.9398560579418953,0.341570769167856,60.5,0.156,22.62,36.654,206.7,0.0,0.0,26.02,4.72,0.011,6.0,3.24
2012,10,20,294,-0.9398560579418953,0.341570769167856,79.9,0.254,20.846,36.646,230.2,0.0,0.0,15.98,2.77,0.009,5.1,1.75
2012,10,20,294,-0.9398560579418953,0.341570769167856,100.5,0.195,20.331,36.621,225.0,0.0,0.0,16.59,3.1,0.008,5.6,0.6
2012,10,20,294,-0.9398560579418953,0.341570769167856,120.2,0.146,20.06,36.605,218.6,0.31,0.0,15.93,3.03,0.006,4.5,0.23
2012,10,20,294,-0.9398560579418953,0.341570769167856,140.7,0.098,19.886,36.603,209.9,0.63,0.0,11.42,1.79,0.005,3.3,0.18
2012,11,15,320,-0.6994583270516471,0.7146733860429608,6.1,0.176,24.121,36.284,208.8,0.0,0.0,49.75,5.19,0.01,6.6,6.33
2012,11,15,320,-0.6994583270516471,0.7146733860429608,19.9,0.185,24.133,36.286,208.4,0.0,0.0,47.62,5.13,0.012,7.3,7.7
2012,11,15,320,-0.6994583270516471,0.7146733860429608,39.0,0.264,23.856,36.32,207.9,0.0,0.0,46.98,4.5,0.012,7.0,5.58
2012,11,15,320,-0.6994583270516471,0.7146733860429608,60.7,0.224,23.093,36.377,198.9,0.62,0.0,46.7,4.12,0.013,5.0,1.59
2012,11,15,320,-0.6994583270516471,0.7146733860429608,80.2,0.068,23.103,36.713,189.4,1.68,0.07,25.3,2.84,0.005,3.8,0.47
2012,11,15,320,-0.6994583270516471,0.7146733860429608,99.2,0.049,21.202,36.637,186.5,2.37,0.09,39.0,2.46,0.006,3.7,0.18
2012,11,15,320,-0.6994583270516471,0.7146733860429608,120.2,0.01,20.342,36.62,191.6,1.95,0.06,30.54,1.89,0.004,2.9,-0.02
2012,11,15,320,-0.6994583270516471,0.7146733860429608,139.4,0.029,19.848,36.609,197.9,1.82,0.07,32.62,2.4,0.003,2.9,-0.23
2012,12,12,347,-0.3049212246562894,0.9523775757303973,5.3,0.137,22.586,36.432,213.7,0.0,0.0,29.59,4.55,0.011,7.0,3.5
2012,12,12,347,-0.3049212246562894,0.9523775757303973,19.9,0.137,22.589,36.432,213.5,0.0,0.0,40.12,5.01,0.011,7.8,4.38
2012,12,12,347,-0.3049212246562894,0.9523775757303973,40.2,0.283,22.479,36.438,211.3,0.0,0.0,37.9,5.99,0.013,6.4,3.69
2012,12,12,347,-0.3049212246562894,0.9523775757303973,59.5,0.254,22.433,36.461,210.6,0.1,0.0,43.73,5.01,0.012,4.6,3.12
2012,12,12,347,-0.3049212246562894,0.9523775757303973,80.7,0.195,21.982,36.659,209.7,0.29,0.0,37.26,3.38,0.011,4.8,1.24
2012,12,12,347,-0.3049212246562894,0.9523775757303973,100.3,0.088,21.161,36.708,212.6,0.38,0.0,26.22,3.06,0.005,4.7,-0.12
2012,12,12,347,-0.3049212246562894,0.9523775757303973,119.7,0.049,20.418,36.672,207.9,0.39,0.0,33.27,2.14,0.0,3.2,-0.07
2012,12,12,347,-0.3049212246562894,0.9523775757303973,140.7,0.01,19.89,36.612,197.9,1.73,0.05,34.31,2.34,0.004,3.1,0.17
2013,1,23,23,0.38566340624360707,0.9226395488404876,6.6,0.254,20.892,36.512,218.5,0.0,0.0,13.99,3.63,0.015,8.6,10.34
2013,1,23,23,0.38566340624360707,0.9226395488404876,21.0,0.273,20.895,36.511,218.5,0.0,0.0,22.19,5.62,0.019,7.2,9.24
2013,1,23,23,0.38566340624360707,0.9226395488404876,41.2,0.273,20.901,36.511,218.5,0.0,0.0,15.92,3.95,0.015,6.9,5.5
2013,1,23,23,0.38566340624360707,0.9226395488404876,60.0,0.273,20.909,36.511,218.4,0.0,0.0,19.41,4.46,0.015,7.1,2.26
2013,1,23,23,0.38566340624360707,0.9226395488404876,80.7,0.283,20.494,36.507,218.5,0.0,0.0,17.16,4.21,0.013,5.0,0.83
2013,1,23,23,0.38566340624360707,0.9226395488404876,99.8,0.273,20.908,36.51,218.6,0.07,0.0,17.41,4.14,0.017,5.5,0.17
2013,1,23,23,0.38566340624360707,0.9226395488404876,119.8,0.107,20.695,36.499,213.4,0.33,0.0,27.18,3.37,0.011,5.0,0.11
2013,1,23,23,0.38566340624360707,0.9226395488404876,140.8,0.019,20.382,36.596,199.4,1.35,0.04,2.86,2.28,0.007,4.9,0.01
2013,2,13,44,0.6870527672236669,0.7266075247685656,6.5,0.273,19.599,36.547,222.6,0.15,0.0,24.2,4.45,0.011,6.3,15.11
2013,2,13,44,0.6870527672236669,0.7266075247685656,20.6,0.322,19.612,36.547,222.6,0.16,0.0,24.04,4.26,0.01,6.4,14.9
2013,2,13,44,0.6870527672236669,0.7266075247685656,39.9,0.37,19.615,36.547,222.4,0.15,0.0,24.13,3.97,0.001,6.5,10.05
2013,2,13,44,0.6870527672236669,0.7266075247685656,59.9,0.37,19.616,36.547,222.2,0.16,0.0,25.18,4.97,0.01,6.6,4.13
2013,2,13,44,0.6870527672236669,0.7266075247685656,79.6,0.263,19.619,36.547,222.0,0.2,0.0,22.55,4.77,0.009,6.1,1.48
2013,2,13,44,0.6870527672236669,0.7266075247685656,99.5,0.283,19.623,36.547,221.9,0.22,0.0,47.5,4.77,0.011,6.6,0.32
2013,2,13,44,0.6870527672236669,0.7266075247685656,120.5,0.253,19.609,36.546,221.3,0.25,0.0,22.4,4.58,0.01,6.2,0.1
2013,2,13,44,0.6870527672236669,0.7266075247685656,139.4,0.244,19.398,36.567,201.4,1.88,0.06,8.67,2.97,0.009,3.0,0.39
2013,4,7,97,0.9951053111006976,-0.09882013873287143,20.6,0.273,19.65,36.609,226.5,0.0,0.05,45.93,8.47,0.013,7.6,9.95
2013,4,7,97,0.9951053111006976,-0.09882013873287143,40.6,0.322,19.598,36.622,226.3,0.0,0.05,45.37,9.04,0.014,7.8,7.8
2013,4,7,97,0.9951053111006976,-0.09882013873287143,79.9,0.302,19.337,36.6,225.1,0.06,0.04,32.22,7.06,0.014,6.9,1.22
2013,4,7,97,0.9951053111006976,-0.09882013873287143,99.6,0.312,19.31,36.604,221.6,0.5,0.05,32.22,7.06,0.014,5.5,0.24
2013,4,7,97,0.9951053111006976,-0.09882013873287143,120.9,0.097,19.297,36.606,220.9,0.73,0.06,16.35,3.24,0.002,5.2,0.15
2013,4,7,97,0.9951053111006976,-0.09882013873287143,140.6,0.049,19.272,36.601,216.6,1.5,0.09,16.35,3.24,0.004,3.7,0.03
2013,4,24,114,0.9242907221930933,-0.3816892202666588,20.0,0.059,20.995,36.672,223.0,0.0,0.05,10.95,7.82,0.006,7.2,2.6
2013,4,24,114,0.9242907221930933,-0.3816892202666588,39.9,0.059,20.896,36.671,223.0,0.0,0.05,10.62,6.62,0.006,5.9,1.92
2013,4,24,114,0.9242907221930933,-0.3816892202666588,81.0,0.292,19.828,36.631,217.0,0.0,0.04,15.55,8.15,0.009,6.9,1.53
2013,4,24,114,0.9242907221930933,-0.3816892202666588,100.0,0.244,19.567,36.616,208.2,0.84,0.05,6.43,6.55,0.006,6.0,1.22
2013,4,24,114,0.9242907221930933,-0.3816892202666588,120.8,0.078,19.316,36.588,202.1,1.85,0.09,6.43,6.55,0.006,3.5,0.25
2013,4,24,114,0.9242907221930933,-0.3816892202666588,140.3,0.156,19.136,36.569,193.7,2.71,0.12,3.72,6.48,0.004,3.2,0.1
2013,6,16,167,0.26366549272800704,-0.9646141756912435,4.6,0.049,23.777,36.668,213.8,0.0,0.0,44.58,4.15,0.007,7.5,4.47
2013,6,16,167,0.26366549272800704,-0.9646141756912435,20.4,0.049,22.795,36.659,214.8,0.0,0.0,43.42,4.48,0.007,6.7,4.55
2013,6,16,167,0.26366549272800704,-0.9646141756912435,39.4,0.049,20.917,36.644,229.5,0.0,0.0,46.33,5.26,0.008,6.3,5.88
2013,6,16,167,0.26366549272800704,-0.9646141756912435,78.3,0.195,19.344,36.586,231.0,0.0,0.0,45.33,5.46,0.013,7.4,4.23
2013,6,16,167,0.26366549272800704,-0.9646141756912435,100.0,0.351,19.055,36.579,218.7,0.28,0.0,57.5,6.58,0.013,7.0,2.72
2013,6,16,167,0.26366549272800704,-0.9646141756912435,120.1,0.136,18.854,36.564,211.1,1.42,0.06,41.66,7.5,0.01,3.9,0.52
2013,6,16,167,0.26366549272800704,-0.9646141756912435,140.1,0.117,18.718,36.552,213.7,1.7,0.06,35.05,3.16,0.006,3.7,0.11
2013,7,6,187,-0.07738647923346322,-0.9970011699250151,4.5,0.029,26.975,36.725,204.3,0.0,0.0,29.83,8.82,0.008,7.1,2.2
2013,7,6,187,-0.07738647923346322,-0.9970011699250151,20.7,0.039,24.746,36.629,212.4,0.0,0.0,34.51,10.02,0.007,6.8,2.26
2013,7,6,187,-0.07738647923346322,-0.9970011699250151,41.1,0.049,21.936,36.635,232.1,0.0,0.0,35.48,9.57,0.009,7.1,2.15
2013,7,6,187,-0.07738647923346322,-0.9970011699250151,59.8,0.088,20.71,36.612,237.5,0.0,0.0,33.67,9.82,0.011,8.0,2.03
2013,7,6,187,-0.07738647923346322,-0.9970011699250151,79.7,0.312,19.77,36.603,227.0,0.0,0.0,34.77,8.48,0.009,7.5,1.66
2013,7,6,187,-0.07738647923346322,-0.9970011699250151,100.0,0.312,19.348,36.585,222.0,0.0,0.0,30.4,9.37,0.01,6.9,0.84
2013,7,6,187,-0.07738647923346322,-0.9970011699250151,119.7,0.185,19.019,36.572,208.9,0.87,0.0,21.36,9.94,0.007,4.7,0.33
2013,7,6,187,-0.07738647923346322,-0.9970011699250151,140.4,0.088,18.862,36.565,207.6,1.76,0.06,13.62,8.3,0.005,3.4,0.08
2013,9,18,261,-0.9760105506323682,-0.21772323039653224,3.7,0.059,27.677,36.449,220.7,0.0,0.0,19.33,3.4,0.005,4.5,1.35
2013,9,18,261,-0.9760105506323682,-0.21772323039653224,20.0,0.059,27.742,36.491,219.2,0.0,0.0,21.79,4.04,0.005,4.3,1.83
2013,9,18,261,-0.9760105506323682,-0.21772323039653224,40.2,0.059,25.073,36.707,246.1,0.0,0.0,23.52,4.81,0.007,6.4,2.05
2013,9,18,261,-0.9760105506323682,-0.21772323039653224,59.6,0.166,22.159,36.667,232.9,0.0,0.0,26.5,5.2,0.008,6.1,3.16
2013,9,18,261,-0.9760105506323682,-0.21772323039653224,79.7,0.205,20.923,36.646,224.0,0.0,0.0,25.44,5.39,0.013,5.7,1.99
2013,9,18,261,-0.9760105506323682,-0.21772323039653224,99.5,0.224,19.812,36.622,213.5,0.0,0.0,14.96,3.65,0.007,4.3,0.76
2013,9,18,261,-0.9760105506323682,-0.21772323039653224,119.8,0.156,19.281,36.594,207.9,0.14,0.0,17.25,3.97,0.003,3.3,0.29
2013,9,18,261,-0.9760105506323682,-0.21772323039653224,140.2,0.058,18.889,36.573,205.0,0.69,0.0,9.23,2.49,0.009,3.3,0.12
2013,10,20,293,-0.9455963874271428,0.3253420847119795,60.0,0.137,24.142,36.504,207.6,0.07,0.0,18.54,3.98,0.011,5.9,3.16
2013,10,20,293,-0.9455963874271428,0.3253420847119795,79.5,0.302,22.827,36.596,193.4,1.18,0.06,19.57,3.91,0.008,6.6,2.27
2013,10,20,293,-0.9455963874271428,0.3253420847119795,99.8,0.029,21.559,36.641,191.9,1.95,0.11,9.47,2.83,0.005,3.2,1.02
2013,10,20,293,-0.9455963874271428,0.3253420847119795,119.9,0.107,20.471,36.632,197.2,1.93,0.1,8.79,2.21,0.004,2.5,0.23
2013,10,20,293,-0.9455963874271428,0.3253420847119795,140.9,0.01,19.819,36.625,200.8,1.92,0.1,6.13,2.28,0.003,2.8,-0.06
2013,11,15,319,-0.711656622281775,0.7025274741691566,2.9,0.117,23.799,36.332,212.9,0.0,0.0,19.54,3.73,0.008,5.2,3.84
2013,11,15,319,-0.711656622281775,0.7025274741691566,20.3,0.117,23.818,36.331,211.6,0.0,0.0,17.54,3.53,0.006,5.0,4.77
2013,11,15,319,-0.711656622281775,0.7025274741691566,40.8,0.127,23.817,36.331,211.7,0.0,0.0,18.37,3.73,0.004,5.6,2.32
2013,11,15,319,-0.711656622281775,0.7025274741691566,59.7,0.166,23.802,36.333,234.5,0.0,0.0,23.92,4.95,0.011,6.1,4.25
2013,11,15,319,-0.711656622281775,0.7025274741691566,80.2,0.292,20.931,36.59,221.5,0.0,0.0,19.1,4.37,0.008,5.5,1.02
2013,11,15,319,-0.711656622281775,0.7025274741691566,99.1,0.136,19.67,36.587,208.1,0.68,0.0,9.69,2.49,0.005,4.8,2.72
2013,11,15,319,-0.711656622281775,0.7025274741691566,120.8,0.049,19.118,36.58,201.1,1.94,0.06,6.17,2.17,0.004,3.1,0.19
2013,11,15,319,-0.711656622281775,0.7025274741691566,142.0,0.01,18.821,36.573,200.4,2.87,0.11,7.25,2.44,0.003,2.7,-0.01
2013,12,10,344,-0.3536761221763721,0.935367949313148,3.6,0.107,22.52,36.476,218.8,0.0,0.0,19.23,3.97,0.007,7.7,4.16
2013,12,10,344,-0.3536761221763721,0.935367949313148,20.2,0.107,22.525,36.476,216.8,0.0,0.0,20.14,4.15,0.007,6.8,8.31
2013,12,10,344,-0.3536761221763721,0.935367949313148,40.1,0.107,22.53,36.477,216.5,0.0,0.0,16.39,3.52,0.007,6.5,2.23
2013,12,10,344,-0.3536761221763721,0.935367949313148,61.4,0.127,22.531,36.475,216.3,0.0,0.0,19.75,4.15,0.008,6.7,2.47
2013,12,10,344,-0.3536761221763721,0.935367949313148,81.1,0.137,22.526,36.474,216.9,0.0,0.0,13.85,3.46,0.007,5.9,5.26
2013,12,10,344,-0.3536761221763721,0.935367949313148,101.1,0.156,20.083,36.568,226.3,0.07,0.0,11.54,3.14,0.006,6.3,2.71
2013,12,10,344,-0.3536761221763721,0.935367949313148,121.6,0.214,19.298,36.573,211.8,0.55,0.0,7.95,2.45,0.004,5.5,1.04
2014,3,6,65,0.8996308696522433,0.43665123195606403,20.0,0.332,20.812,36.464,223.0,0.0,0.0,29.26,3.86,0.009,5.2,7.14
2014,3,6,65,0.8996308696522433,0.43665123195606403,40.0,0.439,20.797,36.464,222.8,0.0,0.0,26.16,4.64,0.011,5.0,5.01
2014,3,6,65,0.8996308696522433,0.43665123195606403,60.0,0.093,20.797,36.464,222.0,0.0,0.0,12.65,2.0,0.011,2.1,4.92
2014,3,6,65,0.8996308696522433,0.43665123195606403,80.0,0.234,20.778,36.464,222.0,0.0,0.0,18.44,3.08,0.009,5.0,3.58
2014,3,6,65,0.8996308696522433,0.43665123195606403,100.0,0.12,20.779,36.464,222.0,0.07,0.03,7.96,1.28,0.01,1.9,5.07
2014,3,6,65,0.8996308696522433,0.43665123195606403,120.0,0.02,20.783,36.502,214.6,0.6,0.04,8.36,0.87,0.004,3.9,0.0
2014,4,12,102,0.9829265519799822,-0.18399835165768005,4.3,0.039,20.78,36.55,222.7,0.0,0.0,28.17,4.59,0.009,6.6,5.11
2014,4,12,102,0.9829265519799822,-0.18399835165768005,19.7,0.107,20.754,36.552,223.1,0.0,0.0,28.72,5.6,0.012,5.9,6.17
2014,4,12,102,0.9829265519799822,-0.18399835165768005,41.1,0.127,20.762,36.551,222.7,0.0,0.0,27.44,5.07,0.009,6.1,4.07
2014,4,12,102,0.9829265519799822,-0.18399835165768005,59.8,0.166,20.491,36.545,222.2,0.0,0.0,26.52,5.6,0.011,5.8,7.33
2014,4,12,102,0.9829265519799822,-0.18399835165768005,79.6,0.331,20.355,36.532,222.4,0.0,0.0,20.56,5.33,0.011,6.5,2.52
2014,4,12,102,0.9829265519799822,-0.18399835165768005,100.0,0.283,20.234,36.533,220.5,0.09,0.0,21.83,4.93,0.02,6.1,0.83
2014,4,12,102,0.9829265519799822,-0.18399835165768005,119.8,0.185,20.136,36.529,221.2,0.12,0.0,16.58,4.86,0.01,5.7,1.53
2014,4,12,102,0.9829265519799822,-0.18399835165768005,140.4,0.107,20.006,36.521,218.8,0.41,0.0,12.18,3.31,0.007,4.2,0.54
2014,4,30,120,0.8800122039735357,-0.47495107206704995,3.8,0.088,21.068,36.612,222.3,0.0,0.0,18.88,4.54,0.007,6.3,7.18
2014,4,30,120,0.8800122039735357,-0.47495107206704995,19.5,0.088,21.088,36.612,221.9,0.0,0.0,21.68,4.93,0.009,5.6,14.09
2014,4,30,120,0.8800122039735357,-0.47495107206704995,39.4,0.088,21.096,36.612,221.3,0.0,0.0,21.68,4.93,0.009,5.6,8.34
2014,4,30,120,0.8800122039735357,-0.47495107206704995,60.8,0.098,21.085,36.61,221.3,0.0,0.0,19.37,5.0,0.008,5.6,12.82
2014,4,30,120,0.8800122039735357,-0.47495107206704995,79.8,0.136,20.896,36.584,221.6,0.0,0.0,17.54,5.19,0.009,5.5,7.42
2014,4,30,120,0.8800122039735357,-0.47495107206704995,100.8,0.292,20.614,36.547,219.6,0.0,0.0,16.71,5.19,0.009,5.1,4.02
2014,4,30,120,0.8800122039735357,-0.47495107206704995,121.2,0.185,20.319,36.535,217.6,0.34,0.0,10.57,3.76,0.009,4.8,0.76
2014,4,30,120,0.8800122039735357,-0.47495107206704995,160.7,0.039,19.974,36.555,205.1,1.16,0.04,7.21,2.98,0.006,3.8,-0.61
2014,6,13,164,0.3131070409358269,-0.9497178427914316,3.7,0.088,23.39,36.533,213.3,0.0,0.0,19.63,3.22,0.009,6.4,7.5
2014,6,13,164,0.3131070409358269,-0.9497178427914316,19.1,0.059,22.577,36.515,217.1,0.0,0.0,18.89,3.5,0.011,5.4,4.83
2014,6,13,164,0.3131070409358269,-0.9497178427914316,39.3,0.02,21.602,36.568,223.5,0.0,0.0,19.23,3.29,0.008,4.8,3.55
2014,6,13,164,0.3131070409358269,-0.9497178427914316,58.9,0.185,20.554,36.529,227.0,0.0,0.0,23.1,3.84,0.011,4.1,3.47
2014,6,13,164,0.3131070409358269,-0.9497178427914316,79.9,0.439,20.053,36.546,221.7,0.12,0.0,21.81,4.05,0.013,4.6,4.73
2014,6,13,164,0.3131070409358269,-0.9497178427914316,98.9,0.254,19.685,36.542,215.6,0.8,0.0,14.91,2.6,0.009,3.6,1.65
2014,6,13,164,0.3131070409358269,-0.9497178427914316,119.5,0.127,19.463,36.527,212.8,1.32,0.0,8.46,0.88,0.005,3.1,0.38
2014,6,13,164,0.3131070409358269,-0.9497178427914316,139.5,0.029,19.279,36.533,212.9,1.47,0.04,6.26,1.35,0.005,2.9,0.07
2014,7,11,192,-0.16280701293851646,-0.9866579328916572,3.1,0.098,27.334,36.385,203.2,0.0,0.0,31.12,5.03,0.008,5.9,6.89
2014,7,11,192,-0.16280701293851646,-0.9866579328916572,20.9,0.049,25.83,36.342,204.2,0.0,0.0,25.91,4.77,0.008,5.9,6.28
2014,7,11,192,-0.16280701293851646,-0.9866579328916572,40.0,0.059,22.629,36.494,222.5,0.0,0.0,27.88,4.63,0.009,6.5,4.5
2014,7,11,192,-0.16280701293851646,-0.9866579328916572,60.0,0.107,21.09,36.538,223.9,0.0,0.0,25.24,4.23,0.01,6.4,4.43
2014,7,11,192,-0.16280701293851646,-0.9866579328916572,80.5,0.234,20.451,36.562,215.4,0.0,0.0,30.43,5.74,0.012,6.6,6.37
2014,7,11,192,-0.16280701293851646,-0.9866579328916572,99.9,0.419,20.069,36.553,209.5,0.65,0.0,24.68,5.35,0.013,6.2,2.11
2014,7,11,192,-0.16280701293851646,-0.9866579328916572,120.1,0.146,19.687,36.55,218.8,0.69,0.04,8.35,2.01,0.005,4.0,0.5
2014,7,11,192,-0.16280701293851646,-0.9866579328916572,140.5,0.068,19.317,36.529,212.6,1.21,0.07,5.49,1.88,0.004,3.6,-0.27
2014,8,22,234,-0.7748840413670406,-0.6321034111873488,2.5,0.068,27.685,36.289,199.7,0.0,0.0,24.55,4.71,0.008,6.0,4.18
2014,8,22,234,-0.7748840413670406,-0.6321034111873488,18.9,0.068,27.681,36.294,199.2,0.0,0.0,21.83,3.93,0.008,6.3,2.73
2014,8,22,234,-0.7748840413670406,-0.6321034111873488,39.8,0.059,23.3,36.548,226.1,0.0,0.0,34.23,4.77,0.012,6.1,3.93
2014,8,22,234,-0.7748840413670406,-0.6321034111873488,60.5,0.098,21.592,36.543,231.7,0.0,0.0,22.3,3.73,0.009,6.0,2.9
2014,8,22,234,-0.7748840413670406,-0.6321034111873488,79.2,0.185,20.668,36.543,230.4,0.0,0.0,19.42,3.46,0.01,7.6,2.39
2014,8,22,234,-0.7748840413670406,-0.6321034111873488,100.0,0.293,19.988,36.538,225.7,0.0,0.0,21.97,3.99,0.011,6.9,1.25
2014,8,22,234,-0.7748840413670406,-0.6321034111873488,120.1,0.263,19.547,36.533,219.6,0.09,0.0,19.83,4.31,0.008,5.7,0.71
2014,8,22,234,-0.7748840413670406,-0.6321034111873488,140.5,0.195,19.287,36.533,212.8,0.69,0.0,12.4,2.42,0.007,5.1,0.21
2014,9,14,257,-0.9587178169872964,-0.2843591872810036,3.4,0.039,27.961,36.452,198.9,0.0,0.0,14.06,2.12,0.005,5.9,3.45
2014,9,14,257,-0.9587178169872964,-0.2843591872810036,19.8,0.039,28.003,36.42,199.3,0.0,0.0,17.29,2.93,0.006,5.6,1.7
2014,9,14,257,-0.9587178169872964,-0.2843591872810036,38.8,0.068,24.205,36.597,229.9,0.0,0.0,21.79,3.47,0.01,6.9,5.27
2014,9,14,257,-0.9587178169872964,-0.2843591872810036,59.4,0.088,22.083,36.594,230.6,0.0,0.0,24.92,4.49,0.01,7.4,3.16
2014,9,14,257,-0.9587178169872964,-0.2843591872810036,79.7,0.146,20.742,36.554,227.3,0.0,0.0,19.88,3.94,0.009,8.4,2.46
2014,9,14,257,-0.9587178169872964,-0.2843591872810036,99.7,0.215,20.1,36.545,221.9,0.0,0.0,19.08,3.87,0.007,6.3,1.77
2014,9,14,257,-0.9587178169872964,-0.2843591872810036,118.9,0.263,19.681,36.543,215.3,0.09,0.0,16.85,4.14,0.008,6.0,0.91
2014,9,14,257,-0.9587178169872964,-0.2843591872810036,140.7,0.137,19.345,36.539,208.0,0.73,0.0,6.75,1.72,0.005,4.0,0.05
2014,10,29,302,-0.8840675099433637,0.46735921715800205,4.0,0.098,24.741,36.371,210.1,0.0,0.0,15.28,2.99,0.008,6.7,2.69
2014,10,29,302,-0.8840675099433637,0.46735921715800205,20.7,0.088,24.71,36.367,209.9,0.0,0.0,15.35,3.25,0.009,6.3,4.05
2014,10,29,302,-0.8840675099433637,0.46735921715800205,40.7,0.176,24.292,36.346,210.6,0.0,0.0,14.54,2.99,0.009,6.6,2.36
2014,10,29,302,-0.8840675099433637,0.46735921715800205,60.9,0.176,23.543,36.476,211.0,0.0,0.0,16.3,3.77,0.01,5.9,2.51
2014,10,29,302,-0.8840675099433637,0.46735921715800205,80.0,0.254,22.891,36.486,214.3,0.0,0.0,14.0,3.64,0.01,5.0,1.74
2014,10,29,302,-0.8840675099433637,0.46735921715800205,99.0,0.137,21.282,36.537,195.4,0.0,0.0,8.95,2.21,0.004,3.2,0.78
2014,10,29,302,-0.8840675099433637,0.46735921715800205,121.4,0.097,19.542,36.545,187.7,0.0,0.0,5.96,2.14,0.004,3.3,-0.08
2014,10,29,302,-0.8840675099433637,0.46735921715800205,139.3,0.058,19.342,36.543,188.5,0.07,0.0,4.92,1.89,0.003,3.3,0.03
2014,11,21,325,-0.6354323008901775,0.7721565844991641,3.9,0.156,24.173,36.48,210.5,0.0,0.0,16.95,2.7,0.009,6.7,4.55
2014,11,21,325,-0.6354323008901775,0.7721565844991641,20.3,0.156,24.146,36.474,210.5,0.0,0.0,15.05,2.91,0.009,6.1,3.49
2014,11,21,325,-0.6354323008901775,0.7721565844991641,41.7,0.156,23.991,36.453,210.6,0.0,0.0,17.5,2.97,0.008,5.0,2.82
2014,11,21,325,-0.6354323008901775,0.7721565844991641,61.3,0.156,23.923,36.453,210.8,0.0,0.0,14.87,2.91,0.008,4.9,1.06
2014,11,21,325,-0.6354323008901775,0.7721565844991641,79.7,0.156,23.79,36.458,211.6,0.0,0.0,15.97,3.03,0.007,5.1,0.39
2014,11,21,325,-0.6354323008901775,0.7721565844991641,100.8,0.293,22.525,36.659,229.3,0.0,0.0,14.06,2.91,0.008,5.0,0.2
2014,11,21,325,-0.6354323008901775,0.7721565844991641,120.2,0.195,21.348,36.653,216.8,0.0,0.0,9.74,1.73,0.005,4.1,0.21
2014,11,21,325,-0.6354323008901775,0.7721565844991641,140.5,0.136,20.355,36.636,205.6,0.11,0.0,6.64,1.71,0.004,4.0,0.14
2014,12,11,345,-0.33752289959411347,0.941317317512847,3.7,0.137,23.449,36.613,213.2,0.0,0.04,13.52,1.98,0.009,4.6,3.57
2014,12,11,345,-0.33752289959411347,0.941317317512847,21.0,0.137,23.456,36.613,212.6,0.0,0.04,13.01,2.25,0.007,4.7,3.97
2014,12,11,345,-0.33752289959411347,0.941317317512847,40.7,0.146,23.456,36.613,212.8,0.0,0.0,19.18,3.57,0.008,5.3,3.0
2014,12,11,345,-0.33752289959411347,0.941317317512847,59.0,0.146,23.459,36.613,212.5,0.0,0.0,14.44,2.18,0.008,5.5,2.21
2014,12,11,345,-0.33752289959411347,0.941317317512847,80.6,0.176,23.457,36.613,213.5,0.0,0.0,14.4,2.38,0.009,5.2,0.86
2014,12,11,345,-0.33752289959411347,0.941317317512847,99.4,0.263,22.157,36.625,220.4,0.39,0.0,14.72,2.85,0.01,4.5,1.04
2014,12,11,345,-0.33752289959411347,0.941317317512847,120.4,0.166,20.587,36.589,210.5,0.67,0.0,8.31,1.33,0.005,4.2,0.25
2014,12,11,345,-0.33752289959411347,0.941317317512847,138.9,0.088,20.174,36.596,201.3,1.02,0.0,4.45,0.99,0.004,3.7,0.08
2015,2,4,35,0.5667017562911176,0.8239230057575542,4.3,0.263,20.907,36.347,220.3,0.18,0.07,15.81,4.09,0.013,6.6,7.76
2015,2,4,35,0.5667017562911176,0.8239230057575542,20.8,0.283,20.914,36.309,220.3,0.0,0.0,18.82,4.6,0.013,7.0,9.19
2015,2,4,35,0.5667017562911176,0.8239230057575542,40.0,0.263,20.915,36.276,220.3,0.0,0.0,16.62,3.97,0.013,6.5,5.34
2015,2,4,35,0.5667017562911176,0.8239230057575542,60.7,0.244,20.915,36.238,220.2,0.0,0.0,16.86,4.09,0.013,4.2,2.44
2015,3,13,72,0.9455963874271426,0.3253420847119801,5.1,0.263,20.093,36.531,228.0,0.0,0.0,20.81,3.85,0.013,7.4,8.25
2015,3,13,72,0.9455963874271426,0.3253420847119801,19.7,0.234,20.089,36.529,227.6,0.0,0.0,16.76,3.91,0.013,7.9,9.51
2015,3,13,72,0.9455963874271426,0.3253420847119801,41.4,0.273,19.963,36.52,227.6,0.0,0.04,17.11,3.35,0.01,7.0,14.59
2015,3,13,72,0.9455963874271426,0.3253420847119801,60.1,0.253,19.905,36.517,227.4,0.0,0.0,19.25,3.66,0.01,7.5,5.24
2015,3,13,72,0.9455963874271426,0.3253420847119801,80.1,0.273,19.897,36.517,227.1,0.0,0.0,26.43,6.08,0.012,7.0,1.42
2015,3,13,72,0.9455963874271426,0.3253420847119801,100.3,0.283,19.899,36.518,223.1,0.34,0.0,16.76,3.79,0.018,7.0,1.19
2015,3,13,72,0.9455963874271426,0.3253420847119801,120.3,0.195,19.9,36.519,222.3,0.43,0.0,13.47,2.98,0.015,6.3,0.27
2015,3,13,72,0.9455963874271426,0.3253420847119801,142.5,0.224,19.901,36.519,222.7,0.47,0.0,31.94,7.7,0.007,6.2,-0.06
2015,4,9,99,0.9911140639934547,-0.1330147065341959,3.3,0.068,21.435,36.668,221.6,0.0,0.0,18.41,4.52,0.008,6.3,6.44
2015,4,9,99,0.9911140639934547,-0.1330147065341959,20.2,0.059,21.352,36.669,219.9,0.0,0.0,22.78,4.84,0.013,4.8,4.81
2015,4,9,99,0.9911140639934547,-0.1330147065341959,40.1,0.098,21.179,36.657,222.9,0.0,0.0,26.56,6.21,0.01,4.5,4.33
2015,4,9,99,0.9911140639934547,-0.1330147065341959,60.3,0.136,20.181,36.585,225.1,0.0,0.0,26.89,6.99,0.012,5.9,5.39
2015,4,9,99,0.9911140639934547,-0.1330147065341959,79.7,0.331,20.006,36.569,225.9,0.0,0.0,26.58,7.11,0.013,6.5,7.26
2015,4,9,99,0.9911140639934547,-0.1330147065341959,99.9,0.263,19.876,36.579,223.9,0.09,0.0,20.38,8.03,0.01,5.6,2.51
2015,4,9,99,0.9911140639934547,-0.1330147065341959,119.5,0.127,19.799,36.569,222.8,0.2,0.0,11.17,6.28,0.008,4.3,0.36
2015,4,9,99,0.9911140639934547,-0.1330147065341959,141.3,0.029,19.765,36.571,219.3,0.37,0.0,8.09,5.04,0.006,3.8,-0.15
2015,4,24,114,0.9242907221930933,-0.3816892202666588,5.2,0.039,22.689,36.72,216.3,0.0,0.0,19.22,2.95,0.006,6.5,0.56
2015,4,24,114,0.9242907221930933,-0.3816892202666588,20.8,0.049,22.551,36.745,216.7,0.0,0.0,19.62,3.54,0.007,5.7,2.87
2015,4,24,114,0.9242907221930933,-0.3816892202666588,40.2,0.059,22.398,36.742,217.4,0.0,0.0,19.93,3.67,0.009,4.7,2.23
2015,4,24,114,0.9242907221930933,-0.3816892202666588,61.6,0.088,22.063,36.712,217.4,0.0,0.0,23.95,3.41,0.009,5.5,3.78
2015,4,24,114,0.9242907221930933,-0.3816892202666588,80.4,0.078,21.841,36.694,221.3,0.0,0.0,19.36,2.24,0.008,5.9,1.48
2015,4,24,114,0.9242907221930933,-0.3816892202666588,98.9,0.195,21.534,36.673,218.4,0.0,0.0,20.46,3.61,0.008,6.4,1.3
2015,4,24,114,0.9242907221930933,-0.3816892202666588,119.5,0.312,21.004,36.615,212.6,0.05,0.0,18.02,3.73,0.009,5.8,0.74
2015,4,24,114,0.9242907221930933,-0.3816892202666588,140.5,0.292,20.383,36.562,213.3,0.14,0.0,15.63,3.15,0.007,5.2,0.05
2015,5,13,133,0.7526668275320085,-0.6584015846980488,3.2,0.059,22.281,36.589,221.2,0.09,0.05,27.17,4.64,0.014,5.9,9.74
2015,5,13,133,0.7526668275320085,-0.6584015846980488,21.0,0.059,20.754,36.613,225.5,0.08,0.08,24.85,4.45,0.011,6.0,7.4
2015,5,13,133,0.7526668275320085,-0.6584015846980488,40.6,0.068,20.209,36.592,227.3,0.08,0.11,23.23,4.5,0.009,5.8,6.9
2015,5,13,133,0.7526668275320085,-0.6584015846980488,60.1,0.107,19.926,36.587,226.9,0.08,0.08,20.55,3.02,0.014,6.4,6.76
2015,5,13,133,0.7526668275320085,-0.6584015846980488,79.3,0.302,19.805,36.585,223.7,0.14,0.08,28.01,4.32,0.013,6.6,10.03
2015,5,13,133,0.7526668275320085,-0.6584015846980488,100.0,0.312,19.744,36.582,216.4,0.51,0.08,15.11,3.66,0.014,5.3,-1.06
2015,6,24,175,0.12874817745258132,-0.99167731989929,4.5,0.02,26.481,36.63,204.5,0.06,0.09,17.77,2.45,0.008,7.1,0.94
2015,6,24,175,0.12874817745258132,-0.99167731989929,19.2,0.029,24.543,36.644,217.9,0.05,0.04,22.93,3.21,0.008,2.8,3.81
2015,6,24,175,0.12874817745258132,-0.99167731989929,39.8,0.039,21.557,36.599,226.2,0.05,0.04,23.7,2.01,0.012,7.3,4.09
2015,6,24,175,0.12874817745258132,-0.99167731989929,59.3,0.068,20.37,36.578,230.3,0.05,0.08,29.95,4.78,0.013,7.5,2.71
2015,6,24,175,0.12874817745258132,-0.99167731989929,80.1,0.137,19.767,36.575,225.5,0.05,0.06,26.31,2.95,0.013,7.1,1.74
2015,6,24,175,0.12874817745258132,-0.99167731989929,100.0,0.293,19.494,36.567,217.9,0.2,0.06,23.85,5.02,0.014,6.4,2.68
2015,6,24,175,0.12874817745258132,-0.99167731989929,119.7,0.166,19.327,36.56,209.5,0.94,0.09,13.11,2.89,0.01,3.6,0.61
2015,6,24,175,0.12874817745258132,-0.99167731989929,139.2,0.078,19.221,36.561,208.6,1.44,0.13,6.83,0.31,0.013,3.5,-0.83
2015,7,17,198,-0.2636654927280072,-0.9646141756912435,4.2,0.039,27.59,36.396,200.4,0.09,0.05,17.99,3.09,0.008,7.3,3.98
2015,7,17,198,-0.2636654927280072,-0.9646141756912435,19.8,0.039,27.592,36.395,201.3,0.08,0.08,21.53,3.4,0.011,5.9,3.21
2015,7,17,198,-0.2636654927280072,-0.9646141756912435,40.4,0.039,23.516,36.698,222.4,0.08,0.11,24.81,3.84,0.011,6.8,2.94
2015,7,17,198,-0.2636654927280072,-0.9646141756912435,59.7,0.088,22.337,36.644,225.5,0.08,0.11,24.16,3.9,0.013,8.3,2.86
2015,7,17,198,-0.2636654927280072,-0.9646141756912435,79.2,0.166,21.414,36.637,223.7,0.14,0.08,20.31,3.9,0.017,8.5,2.0
2015,7,17,198,-0.2636654927280072,-0.9646141756912435,101.0,0.185,20.464,36.59,220.0,0.51,0.08,18.82,3.96,0.013,4.9,-0.69
2015,8,20,232,-0.7526668275320083,-0.6584015846980489,40.6,0.098,23.943,36.57,213.9,0.0,0.0,22.3,4.2,0.011,7.9,8.02
2015,8,20,232,-0.7526668275320083,-0.6584015846980489,60.0,0.146,22.216,36.647,216.9,0.0,0.0,18.12,5.09,0.011,7.4,5.5
2015,8,20,232,-0.7526668275320083,-0.6584015846980489,80.8,0.273,20.963,36.618,208.2,0.1,0.0,22.96,6.05,0.012,7.2,5.45
2015,8,20,232,-0.7526668275320083,-0.6584015846980489,101.6,0.185,20.73,36.617,204.3,0.6,0.0,16.49,4.84,0.009,6.5,1.44
2015,8,20,232,-0.7526668275320083,-0.6584015846980489,122.7,0.107,20.005,36.599,206.5,0.98,0.0,11.79,4.0,0.006,5.4,0.25
2015,8,20,232,-0.7526668275320083,-0.6584015846980489,139.9,0.068,19.863,36.598,207.4,0.97,0.0,7.38,3.87,0.005,5.1,0.25
2015,9,13,256,-0.9536809966304455,-0.300819807635668,4.2,0.029,28.426,36.68,197.8,0.0,0.0,19.23,2.74,0.009,5.3,2.34
2015,9,13,256,-0.9536809966304455,-0.300819807635668,21.2,0.039,28.438,36.678,197.2,0.0,0.0,19.42,3.74,0.009,6.1,2.2
2015,9,13,256,-0.9536809966304455,-0.300819807635668,40.1,0.068,24.846,36.639,226.0,0.0,0.0,23.65,3.6,0.014,6.8,3.31
2015,9,13,256,-0.9536809966304455,-0.300819807635668,61.2,0.088,22.294,36.612,235.7,0.0,0.0,21.78,4.67,0.015,7.0,3.21
2015,9,13,256,-0.9536809966304455,-0.300819807635668,80.4,0.107,20.804,36.589,225.6,0.0,0.0,17.92,3.74,0.012,7.0,2.89
2015,9,13,256,-0.9536809966304455,-0.300819807635668,101.5,0.156,20.084,36.586,214.4,0.07,0.0,13.48,3.2,0.008,5.6,1.79
2015,9,13,256,-0.9536809966304455,-0.300819807635668,120.6,0.01,19.999,36.594,201.4,0.9,0.0,10.39,2.32,0.007,3.7,0.62
2015,9,13,256,-0.9536809966304455,-0.300819807635668,140.4,0.039,19.414,36.581,199.7,2.17,0.07,10.39,2.32,0.005,3.0,0.21
2015,11,29,333,-0.5234156073655503,0.8520775211013093,4.0,0.068,23.449,36.503,212.1,0.0,0.0,19.96,4.55,0.007,6.2,1.35
2015,11,29,333,-0.5234156073655503,0.8520775211013093,19.3,0.068,23.456,36.503,212.2,0.0,0.0,18.8,3.49,0.008,6.0,1.22
2015,11,29,333,-0.5234156073655503,0.8520775211013093,39.9,0.107,23.464,36.503,212.1,0.0,0.0,17.17,4.87,0.006,5.8,0.85
2015,11,29,333,-0.5234156073655503,0.8520775211013093,60.4,0.127,23.463,36.505,211.8,0.0,0.0,12.46,4.28,0.006,5.7,1.15
2015,11,29,333,-0.5234156073655503,0.8520775211013093,79.6,0.088,22.285,36.578,206.9,0.49,0.0,14.15,3.81,0.005,5.0,0.82
2015,11,29,333,-0.5234156073655503,0.8520775211013093,99.7,0.049,20.379,36.58,205.2,0.82,0.0,10.46,3.81,0.004,4.1,0.19
2015,11,29,333,-0.5234156073655503,0.8520775211013093,142.5,0.01,19.437,36.572,201.4,1.77,0.05,5.94,2.44,0.003,4.2,-0.04
2015,12,13,347,-0.3049212246562894,0.9523775757303973,3.0,0.059,23.082,36.468,210.8,0.0,0.0,29.45,3.9,0.007,7.4,3.03
2015,12,13,347,-0.3049212246562894,0.9523775757303973,19.7,0.068,23.094,36.468,213.6,0.0,0.0,22.0,4.95,0.007,7.0,3.89
2015,12,13,347,-0.3049212246562894,0.9523775757303973,40.8,0.068,23.095,36.468,213.4,0.0,0.0,21.13,3.58,0.009,6.9,2.38
2015,12,13,347,-0.3049212246562894,0.9523775757303973,61.3,0.078,23.1,36.468,213.4,0.0,0.0,19.85,4.23,0.007,6.8,1.85
2015,12,13,347,-0.3049212246562894,0.9523775757303973,80.8,0.059,23.1,36.48,214.1,0.0,0.0,18.24,4.68,0.009,5.9,1.13
2015,12,13,347,-0.3049212246562894,0.9523775757303973,99.8,0.127,21.716,36.535,231.0,0.0,0.0,18.68,5.65,0.008,6.5,0.86
2015,12,13,347,-0.3049212246562894,0.9523775757303973,119.8,0.068,20.097,36.53,230.1,0.0,0.0,12.83,4.29,0.005,4.6,0.31
2015,12,13,347,-0.3049212246562894,0.9523775757303973,142.0,0.029,19.696,36.528,221.0,0.17,0.0,10.64,3.77,0.004,4.6,0.02
2016,3,24,84,0.9922222094179323,0.12447926388678915,5.4,0.098,20.833,36.622,222.2,0.0,0.04,29.26,5.22,0.008,7.5,3.22
2016,3,24,84,0.9922222094179323,0.12447926388678915,18.6,0.097,20.832,36.621,222.5,0.0,0.0,28.39,5.36,0.012,7.2,2.32
2016,3,24,84,0.9922222094179323,0.12447926388678915,38.7,0.156,20.767,36.613,222.1,0.0,0.0,28.86,5.36,0.009,7.2,3.01
2016,3,24,84,0.9922222094179323,0.12447926388678915,60.8,0.146,20.755,36.616,222.2,0.0,0.0,28.44,6.81,0.012,6.2,2.52
2016,3,24,84,0.9922222094179323,0.12447926388678915,80.7,0.292,20.536,36.612,218.8,0.17,0.05,30.98,6.61,0.015,6.2,3.19
2016,3,24,84,0.9922222094179323,0.12447926388678915,100.3,0.156,20.507,36.611,217.2,0.41,0.08,17.63,3.64,0.009,6.0,1.72
2016,3,24,84,0.9922222094179323,0.12447926388678915,120.7,0.107,20.499,36.611,218.1,0.41,0.0,14.11,5.49,0.006,6.0,0.1
2016,3,24,84,0.9922222094179323,0.12447926388678915,140.5,0.068,20.458,36.604,218.1,0.41,0.0,12.49,2.59,0.004,6.0,0.43
2016,4,16,107,0.9634705485641488,-0.2678143051621742,4.3,0.059,21.443,36.706,221.1,0.0,0.0,25.1,2.77,0.007,6.8,2.87
2016,4,16,107,0.9634705485641488,-0.2678143051621742,20.2,0.049,21.454,36.705,220.4,0.0,0.0,26.61,3.71,0.007,6.7,1.72
2016,4,16,107,0.9634705485641488,-0.2678143051621742,39.7,0.058,21.442,36.702,220.3,0.0,0.0,23.74,1.63,0.007,6.9,2.38
2016,4,16,107,0.9634705485641488,-0.2678143051621742,59.4,0.068,21.086,36.662,220.6,0.0,0.0,22.53,3.15,0.006,6.7,2.11
2016,4,16,107,0.9634705485641488,-0.2678143051621742,79.5,0.127,20.738,36.647,222.2,0.0,0.0,24.88,2.39,0.012,6.8,1.67
2016,4,16,107,0.9634705485641488,-0.2678143051621742,99.2,0.156,20.705,36.646,221.7,0.0,0.0,28.05,6.94,0.019,7.6,1.39
2016,4,16,107,0.9634705485641488,-0.2678143051621742,119.2,0.361,20.575,36.636,220.3,0.06,0.0,22.25,4.98,0.008,7.1,1.02
2016,4,16,107,0.9634705485641488,-0.2678143051621742,141.9,0.37,20.124,36.614,217.9,0.33,0.0,23.44,4.09,0.01,6.7,0.51
2016,5,5,126,0.8263541987239096,-0.5631507242749186,5.0,0.078,21.914,36.691,220.9,0.0,0.05,19.77,5.64,0.008,6.4,4.08
2016,5,5,126,0.8263541987239096,-0.5631507242749186,19.6,0.059,21.293,36.671,221.7,0.0,0.07,24.08,2.91,0.008,6.7,3.03
2016,5,5,126,0.8263541987239096,-0.5631507242749186,40.2,0.088,20.775,36.645,221.4,0.0,0.07,19.77,5.25,0.008,6.5,2.5
2016,5,5,126,0.8263541987239096,-0.5631507242749186,60.4,0.127,20.521,36.608,223.8,0.0,0.07,20.81,6.77,0.008,6.7,3.23
2016,5,5,126,0.8263541987239096,-0.5631507242749186,80.7,0.195,20.369,36.592,221.8,0.0,0.08,17.14,3.73,0.006,7.0,2.05
2016,5,5,126,0.8263541987239096,-0.5631507242749186,143.4,0.224,20.059,36.591,214.1,0.77,0.12,10.83,4.77,0.005,6.2,0.13
2016,6,15,167,0.26366549272800704,-0.9646141756912435,4.2,0.02,25.159,36.517,208.7,0.0,0.07,17.47,2.32,0.004,4.9,4.75
2016,6,15,167,0.26366549272800704,-0.9646141756912435,20.5,0.02,25.164,36.516,207.4,0.0,0.07,11.74,1.34,0.005,4.7,2.56
2016,6,15,167,0.26366549272800704,-0.9646141756912435,39.7,0.029,22.393,36.683,227.0,0.0,0.07,22.44,2.58,0.005,5.5,2.23
2016,6,15,167,0.26366549272800704,-0.9646141756912435,60.2,0.039,21.493,36.692,228.4,0.0,0.06,9.22,0.0,0.005,5.1,1.43
2016,6,15,167,0.26366549272800704,-0.9646141756912435,78.8,0.059,21.226,36.686,224.9,0.0,0.06,19.3,3.18,0.005,5.1,2.97
2016,6,15,167,0.26366549272800704,-0.9646141756912435,101.0,0.098,20.863,36.657,222.6,0.0,0.06,20.77,2.72,0.007,5.1,2.2
2016,6,15,167,0.26366549272800704,-0.9646141756912435,119.1,0.176,20.273,36.61,214.6,0.0,0.06,17.54,1.6,0.004,4.8,1.57
2016,6,15,167,0.26366549272800704,-0.9646141756912435,140.8,0.215,19.676,36.574,207.3,0.36,0.09,9.44,1.5,0.004,5.0,0.92
2016,7,23,205,-0.37770796520396466,-0.9259247771938499,3.2,0.039,28.606,36.482,202.2,0.0,0.06,19.8,10.06,0.005,3.3,5.91
2016,7,23,205,-0.37770796520396466,-0.9259247771938499,20.4,0.039,26.386,36.489,212.4,0.0,0.08,20.18,2.87,0.006,4.5,3.47
2016,7,23,205,-0.37770796520396466,-0.9259247771938499,60.0,0.078,21.913,36.665,229.3,0.0,0.06,23.06,6.27,0.008,5.9,3.85
2016,7,23,205,-0.37770796520396466,-0.9259247771938499,80.7,0.107,21.358,36.663,226.1,0.0,0.07,19.56,9.48,0.008,6.0,2.63
2016,7,23,205,-0.37770796520396466,-0.9259247771938499,100.3,0.185,20.903,36.639,216.9,0.0,0.08,17.54,5.83,0.008,5.3,1.5
2016,7,23,205,-0.37770796520396466,-0.9259247771938499,120.4,0.293,20.384,36.619,214.5,0.0,0.07,16.74,5.72,0.006,5.3,1.18
2016,7,23,205,-0.37770796520396466,-0.9259247771938499,142.3,0.273,20.055,36.639,208.5,0.22,0.06,8.21,4.02,0.006,5.3,0.4
2016,8,19,232,-0.7526668275320083,-0.6584015846980489,4.8,0.029,29.425,36.51,196.6,0.0,0.0,21.88,2.33,0.004,3.3,3.6
2016,8,19,232,-0.7526668275320083,-0.6584015846980489,19.8,0.029,28.901,36.468,197.7,0.0,0.0,18.52,4.24,0.006,3.7,2.45
2016,8,19,232,-0.7526668275320083,-0.6584015846980489,39.6,0.059,24.878,36.522,222.9,0.0,0.0,27.97,5.26,0.001,6.9,2.66
2016,8,19,232,-0.7526668275320083,-0.6584015846980489,59.8,0.078,23.198,36.587,228.4,0.0,0.0,28.7,5.01,0.005,6.3,3.39
2016,8,19,232,-0.7526668275320083,-0.6584015846980489,79.7,0.127,21.61,36.637,229.3,0.0,0.0,26.34,6.54,0.007,6.2,2.89
2016,8,19,232,-0.7526668275320083,-0.6584015846980489,99.3,0.283,20.82,36.593,222.1,0.0,0.0,21.81,5.01,0.008,4.6,1.83
2016,8,19,232,-0.7526668275320083,-0.6584015846980489,120.8,0.254,20.402,36.601,209.7,0.21,0.0,16.19,4.56,0.004,3.3,1.15
2016,8,19,232,-0.7526668275320083,-0.6584015846980489,143.1,0.098,20.225,36.63,205.0,0.58,0.0,8.34,3.28,0.004,3.1,0.42
2016,9,21,265,-0.9886775902323404,-0.15005539834465262,4.5,0.039,28.901,36.651,195.5,0.0,0.0,23.89,5.83,0.003,3.0,3.02
2016,9,21,265,-0.9886775902323404,-0.15005539834465262,20.3,0.039,28.765,36.705,196.2,0.0,0.0,23.89,5.83,0.003,3.0,3.3
2016,9,21,265,-0.9886775902323404,-0.15005539834465262,39.5,0.049,25.665,36.74,225.8,0.0,0.04,23.89,5.83,0.006,4.4,2.32
2016,9,21,265,-0.9886775902323404,-0.15005539834465262,59.7,0.078,23.806,36.77,229.7,0.0,0.0,24.3,7.0,0.006,4.2,2.18
2016,9,21,265,-0.9886775902323404,-0.15005539834465262,80.3,0.117,22.57,36.74,218.6,0.0,0.0,19.76,4.21,0.007,5.7,1.74
2016,9,21,265,-0.9886775902323404,-0.15005539834465262,99.7,0.176,21.628,36.688,218.6,0.0,0.0,21.29,6.44,0.005,4.3,1.94
2016,9,21,265,-0.9886775902323404,-0.15005539834465262,120.5,0.234,20.956,36.642,216.6,0.0,0.0,18.08,6.05,0.006,4.2,0.9
2016,9,21,265,-0.9886775902323404,-0.15005539834465262,141.5,0.322,20.461,36.604,211.9,0.16,0.0,13.26,3.6,0.004,3.6,0.42
2016,10,19,293,-0.9455963874271428,0.3253420847119795,5.4,0.068,25.38,36.764,207.7,0.0,0.0,18.84,3.36,0.005,4.2,4.44
2016,10,19,293,-0.9455963874271428,0.3253420847119795,20.5,0.078,25.383,36.764,206.2,0.0,0.04,23.2,7.15,0.004,3.8,3.98
2016,10,19,293,-0.9455963874271428,0.3253420847119795,39.7,0.078,25.392,36.764,205.9,0.0,0.0,22.58,4.86,0.003,4.3,2.48
2016,10,19,293,-0.9455963874271428,0.3253420847119795,58.4,0.107,25.353,36.759,207.6,0.0,0.0,21.33,2.8,0.005,4.2,1.97
2016,10,19,293,-0.9455963874271428,0.3253420847119795,81.1,0.205,24.193,36.768,220.5,0.0,0.0,20.98,0.47,0.008,5.1,3.02
2016,10,19,293,-0.9455963874271428,0.3253420847119795,102.1,0.507,22.447,36.773,227.2,0.0,0.0,23.47,3.75,0.007,4.1,2.37
2016,10,19,293,-0.9455963874271428,0.3253420847119795,121.3,0.146,21.747,36.733,219.0,0.0,0.0,22.55,7.36,0.007,4.3,1.35
2016,10,19,293,-0.9455963874271428,0.3253420847119795,145.5,0.137,20.636,36.605,209.5,0.45,0.0,14.17,8.26,0.004,3.3,0.63
2016,11,20,325,-0.6354323008901775,0.7721565844991641,5.5,0.098,22.943,36.624,212.0,0.0,0.0,15.07,3.13,0.007,3.8,4.7
2016,11,20,325,-0.6354323008901775,0.7721565844991641,18.9,0.098,22.942,36.624,212.4,0.0,0.0,16.88,4.44,0.006,4.4,5.28
2016,11,20,325,-0.6354323008901775,0.7721565844991641,41.5,0.098,22.947,36.624,212.2,0.0,0.0,14.11,3.19,0.005,4.9,4.84
2016,11,20,325,-0.6354323008901775,0.7721565844991641,59.6,0.127,22.845,36.637,212.2,0.0,0.0,17.3,3.87,0.005,4.8,3.02
2016,11,20,325,-0.6354323008901775,0.7721565844991641,78.2,0.127,22.837,36.637,212.5,0.0,0.0,16.02,3.36,0.006,4.5,1.52
2016,11,20,325,-0.6354323008901775,0.7721565844991641,99.6,0.302,21.011,36.628,216.4,0.05,0.0,14.89,4.04,0.007,4.0,1.48
2016,11,20,325,-0.6354323008901775,0.7721565844991641,121.7,0.156,20.433,36.604,206.1,0.6,0.0,8.19,3.07,0.004,3.2,0.34
2016,11,20,325,-0.6354323008901775,0.7721565844991641,141.2,0.078,20.183,36.576,203.8,0.91,0.0,6.77,2.22,0.003,2.7,1.0
2017,4,10,100,0.9886775902323405,-0.1500553983446526,4.9,0.166,20.5,36.734,225.0,0.0,0.0,27.8,4.83,0.008,4.4,10.73
2017,4,10,100,0.9886775902323405,-0.1500553983446526,21.2,0.146,20.501,36.735,224.0,0.0,0.0,24.96,4.43,0.009,4.8,8.9
2017,4,10,100,0.9886775902323405,-0.1500553983446526,40.9,0.175,20.27,36.738,223.7,0.0,0.0,30.16,5.28,0.008,3.9,5.86
2017,4,10,100,0.9886775902323405,-0.1500553983446526,59.8,0.341,20.131,36.715,223.4,0.0,0.0,25.5,4.94,0.014,4.0,5.09
2017,4,10,100,0.9886775902323405,-0.1500553983446526,80.1,0.419,20.01,36.71,217.7,0.46,0.0,19.24,4.03,0.008,3.8,1.02
2017,4,10,100,0.9886775902323405,-0.1500553983446526,100.6,0.37,19.928,36.702,220.3,0.26,0.0,21.84,4.43,0.009,3.8,1.09
2017,4,10,100,0.9886775902323405,-0.1500553983446526,119.1,0.263,19.862,36.674,219.2,0.41,0.0,18.9,4.03,0.008,3.7,0.3
2017,4,10,100,0.9886775902323405,-0.1500553983446526,140.1,0.117,19.822,36.685,212.0,1.08,0.0,12.08,2.02,0.007,3.0,0.63
2017,5,10,130,0.7856498550787147,-0.6186714032625031,5.9,0.029,22.723,36.824,216.9,0.0,0.0,25.11,3.81,0.005,4.3,2.07
2017,5,10,130,0.7856498550787147,-0.6186714032625031,20.9,0.039,22.729,36.824,216.2,0.0,0.0,34.49,4.04,0.006,3.8,2.76
2017,5,10,130,0.7856498550787147,-0.6186714032625031,40.9,0.049,21.655,36.795,219.9,0.0,0.0,39.63,3.81,0.007,4.2,2.36
2017,5,10,130,0.7856498550787147,-0.6186714032625031,61.1,0.068,21.27,36.79,219.9,0.0,0.0,37.88,2.65,0.007,5.4,3.01
2017,5,10,130,0.7856498550787147,-0.6186714032625031,81.1,0.175,21.073,36.784,218.9,0.0,0.0,36.33,4.58,0.007,4.6,2.59
2017,5,10,130,0.7856498550787147,-0.6186714032625031,99.0,0.37,20.845,36.77,207.7,0.32,0.0,34.78,4.75,0.008,3.6,3.65
2017,5,10,130,0.7856498550787147,-0.6186714032625031,120.2,0.214,20.528,36.728,204.5,0.67,0.0,23.77,3.98,0.005,3.5,0.95
2017,5,10,130,0.7856498550787147,-0.6186714032625031,142.9,0.166,20.076,36.665,223.4,0.75,0.0,32.34,4.53,0.011,4.6,1.13
2017,5,30,150,0.5307300481619334,-0.8475409228928311,20.5,0.0,23.444,36.764,217.0,0.0,0.0,40.8,5.95,0.009,5.5,6.75
2017,5,30,150,0.5307300481619334,-0.8475409228928311,40.8,0.078,21.731,36.771,224.5,0.0,0.0,37.21,4.86,0.009,5.8,5.34
2017,5,30,150,0.5307300481619334,-0.8475409228928311,59.6,0.166,20.554,36.719,228.6,0.0,0.0,35.02,4.85,0.012,5.9,5.26
2017,5,30,150,0.5307300481619334,-0.8475409228928311,80.0,0.614,20.035,36.68,225.8,0.0,0.0,53.76,8.14,0.016,5.5,3.53
2017,5,30,150,0.5307300481619334,-0.8475409228928311,100.3,0.214,19.731,36.664,212.9,1.12,0.04,21.15,2.97,0.007,3.2,2.25
2017,5,30,150,0.5307300481619334,-0.8475409228928311,119.7,0.127,19.671,36.685,213.7,1.28,0.0,16.84,2.43,0.005,3.3,0.34
2017,5,30,150,0.5307300481619334,-0.8475409228928311,141.2,0.068,19.57,36.665,215.1,1.27,0.0,16.4,2.43,0.004,2.8,0.03
2017,6,14,165,0.29671281927349075,-0.9549667548552551,4.9,0.046,25.197,36.733,209.8,0.0,0.0,32.33,2.85,0.006,6.9,7.86
2017,6,14,165,0.29671281927349075,-0.9549667548552551,20.7,0.058,24.926,36.74,217.9,0.0,0.0,52.33,5.78,0.009,7.1,7.54
2017,6,14,165,0.29671281927349075,-0.9549667548552551,41.0,0.089,22.004,36.725,223.4,0.0,0.0,46.19,3.51,0.011,7.5,7.55
2017,6,14,165,0.29671281927349075,-0.9549667548552551,60.2,0.161,20.603,36.706,217.9,0.0,0.0,46.68,3.56,0.013,7.0,8.81
2017,6,14,165,0.29671281927349075,-0.9549667548552551,99.6,0.379,19.83,36.669,210.2,1.03,0.0,37.99,3.23,0.009,3.9,1.58
2017,6,14,165,0.29671281927349075,-0.9549667548552551,120.9,0.152,19.605,36.657,212.9,1.22,0.0,24.72,0.0,0.005,4.2,0.54
2017,6,14,165,0.29671281927349075,-0.9549667548552551,140.7,0.064,19.492,36.651,212.2,1.45,0.05,28.75,1.96,0.003,3.6,0.18
2017,7,19,200,-0.2967128192734901,-0.9549667548552553,3.5,0.047,27.949,36.624,199.4,0.0,0.0,31.33,1.81,0.005,6.2,5.4
2017,7,19,200,-0.2967128192734901,-0.9549667548552553,20.5,0.055,26.371,36.609,204.7,0.0,0.0,33.84,4.3,0.006,6.3,6.2
2017,7,19,200,-0.2967128192734901,-0.9549667548552553,40.4,0.065,23.555,36.671,220.4,0.0,0.0,35.4,1.98,0.011,6.3,3.89
2017,7,19,200,-0.2967128192734901,-0.9549667548552553,59.5,0.096,21.626,36.707,224.5,0.0,0.0,39.65,4.74,0.012,6.5,2.83
2017,7,19,200,-0.2967128192734901,-0.9549667548552553,80.2,0.189,20.78,36.691,220.7,0.0,0.0,36.84,5.02,0.011,7.3,2.65
2017,7,19,200,-0.2967128192734901,-0.9549667548552553,99.9,0.339,20.224,36.679,221.1,0.0,0.0,34.36,5.98,0.011,6.3,0.91
2017,7,19,200,-0.2967128192734901,-0.9549667548552553,119.1,0.245,19.85,36.666,212.4,0.68,0.0,21.92,2.2,0.005,5.9,1.37
2017,7,19,200,-0.2967128192734901,-0.9549667548552553,140.5,0.187,19.591,36.654,211.1,1.08,0.0,30.63,3.83,0.004,3.5,0.64
2017,8,16,228,-0.7055836101071774,-0.70862667826446,3.8,0.035,28.987,36.83,196.2,0.0,0.05,23.07,2.72,0.005,6.0,2.35
2017,8,16,228,-0.7055836101071774,-0.70862667826446,19.9,0.036,28.987,36.828,197.7,0.0,0.0,36.37,2.72,0.006,5.7,4.19
2017,8,16,228,-0.7055836101071774,-0.70862667826446,39.5,0.056,23.904,36.814,231.3,0.0,0.0,41.27,4.35,0.006,7.5,5.18
2017,8,16,228,-0.7055836101071774,-0.70862667826446,59.8,0.092,21.635,36.715,229.6,0.0,0.04,33.32,3.73,0.009,6.8,3.75
2017,8,16,228,-0.7055836101071774,-0.70862667826446,80.7,0.177,20.762,36.695,221.9,0.0,0.04,40.04,4.68,0.007,6.4,4.07
2017,8,16,228,-0.7055836101071774,-0.70862667826446,100.3,0.38,20.283,36.683,216.6,0.0,0.04,29.5,5.59,0.006,5.9,2.47
2017,8,16,228,-0.7055836101071774,-0.70862667826446,118.4,0.299,19.883,36.664,210.9,0.5,0.0,22.48,2.82,0.004,3.9,1.1
2017,8,16,228,-0.7055836101071774,-0.70862667826446,140.7,0.123,19.669,36.655,211.4,0.75,0.0,17.45,1.92,0.004,3.9,1.14
2017,9,13,256,-0.9536809966304455,-0.300819807635668,3.5,0.051,28.301,36.497,196.9,0.0,0.0,31.52,4.27,0.005,6.5,5.3
2017,9,13,256,-0.9536809966304455,-0.300819807635668,20.2,0.047,28.317,36.503,196.8,0.0,0.0,46.32,7.15,0.007,6.1,4.75
2017,9,13,256,-0.9536809966304455,-0.300819807635668,39.9,0.076,27.222,36.726,223.7,0.0,0.0,40.69,4.91,0.009,6.3,2.83
2017,9,13,256,-0.9536809966304455,-0.300819807635668,58.9,0.25,23.555,36.711,225.2,0.0,0.0,39.03,5.39,0.009,6.8,4.02
2017,9,13,256,-0.9536809966304455,-0.300819807635668,81.3,0.253,21.843,36.729,219.8,0.0,0.0,33.87,4.85,0.008,6.5,1.92
2017,9,13,256,-0.9536809966304455,-0.300819807635668,98.8,0.426,20.888,36.715,209.6,0.2,0.0,30.11,5.01,0.008,4.7,0.45
2017,9,13,256,-0.9536809966304455,-0.300819807635668,121.9,0.314,20.247,36.682,205.3,1.26,0.0,22.76,3.31,0.004,3.2,1.03
2017,9,13,256,-0.9536809966304455,-0.300819807635668,141.0,0.04,19.782,36.657,204.9,1.46,0.05,18.0,2.08,0.003,3.1,2.5
2017,10,18,291,-0.9562348265919058,0.2926003356333479,3.9,0.059,26.798,36.91,205.2,0.0,0.0,29.09,2.62,0.006,6.3,6.03
2017,10,18,291,-0.9562348265919058,0.2926003356333479,19.2,0.068,25.822,36.514,206.2,0.0,0.0,44.35,3.63,0.006,5.8,5.92
2017,10,18,291,-0.9562348265919058,0.2926003356333479,41.3,0.107,25.576,36.504,205.8,0.0,0.0,26.03,4.59,0.006,5.6,4.92
2017,10,18,291,-0.9562348265919058,0.2926003356333479,59.6,0.195,24.627,36.631,216.5,0.0,0.0,33.32,3.2,0.009,5.9,2.78
2017,10,18,291,-0.9562348265919058,0.2926003356333479,79.4,0.38,22.606,36.752,215.1,0.0,0.0,27.81,3.78,0.009,5.4,2.95
2017,10,18,291,-0.9562348265919058,0.2926003356333479,100.8,0.458,21.525,36.741,209.1,0.36,0.0,24.84,3.03,0.004,4.8,3.02
2017,10,18,291,-0.9562348265919058,0.2926003356333479,119.5,0.253,20.79,36.722,205.2,0.94,0.0,20.9,1.65,0.004,2.8,0.22
2017,10,18,291,-0.9562348265919058,0.2926003356333479,140.0,0.097,20.173,36.681,204.1,1.2,0.0,16.2,1.34,0.003,2.6,0.51
2017,11,18,322,-0.6744436188329457,0.7383263540031063,3.3,0.049,24.464,36.537,206.5,0.0,0.0,36.2,4.93,0.009,4.6,6.97
2017,11,18,322,-0.6744436188329457,0.7383263540031063,20.1,0.049,24.472,36.539,206.3,0.0,0.0,32.51,4.53,0.008,5.8,6.81
2017,11,18,322,-0.6744436188329457,0.7383263540031063,41.0,0.078,24.469,36.538,206.1,0.0,0.06,31.2,4.59,0.009,4.4,4.58
2017,11,18,322,-0.6744436188329457,0.7383263540031063,59.9,0.254,24.476,36.546,206.5,0.0,0.0,25.56,3.13,0.008,5.7,1.31
2017,11,18,322,-0.6744436188329457,0.7383263540031063,80.2,0.254,24.539,36.698,205.8,0.09,0.0,25.56,3.13,0.007,4.0,0.32
2017,11,18,322,-0.6744436188329457,0.7383263540031063,101.3,0.429,22.79,36.779,201.2,0.73,0.0,48.13,3.13,0.004,3.4,0.49
2017,11,18,322,-0.6744436188329457,0.7383263540031063,121.2,0.312,21.403,36.745,200.3,0.96,0.0,48.13,3.13,0.003,3.6,-0.57
2017,11,18,322,-0.6744436188329457,0.7383263540031063,143.0,0.039,20.452,36.697,200.2,1.24,0.0,37.61,3.13,0.003,3.4,-1.26
2017,12,13,347,-0.3049212246562894,0.9523775757303973,4.1,0.117,23.147,36.667,207.8,0.0,0.0,25.92,3.65,0.006,4.1,2.68
2017,12,13,347,-0.3049212246562894,0.9523775757303973,21.2,0.127,23.157,36.666,209.6,0.0,0.0,27.06,4.13,0.006,4.2,0.36
2017,12,13,347,-0.3049212246562894,0.9523775757303973,40.1,0.127,23.16,36.666,208.5,0.0,0.0,29.24,3.95,0.006,3.7,2.16
2017,12,13,347,-0.3049212246562894,0.9523775757303973,60.7,0.107,23.154,36.665,209.6,0.0,0.0,27.17,3.65,0.006,4.0,0.97
2017,12,13,347,-0.3049212246562894,0.9523775757303973,80.4,0.107,23.128,36.665,209.4,0.0,0.0,28.29,3.46,0.004,4.0,0.63
2017,12,13,347,-0.3049212246562894,0.9523775757303973,100.5,0.117,23.124,36.664,208.3,0.0,0.0,22.67,3.04,0.007,3.8,-0.59
2017,12,13,347,-0.3049212246562894,0.9523775757303973,121.2,0.117,21.827,36.735,209.2,0.05,0.0,23.78,3.22,0.007,3.2,-0.67
2017,12,13,347,-0.3049212246562894,0.9523775757303973,140.9,0.175,20.842,36.71,210.5,0.32,0.0,18.51,2.13,0.009,3.8,-0.38
2018,1,16,16,0.2719581575341055,0.9623090774541486,3.9,0.068,21.722,36.671,217.5,0.0,0.0,36.1,4.01,0.006,4.4,6.44
2018,1,16,16,0.2719581575341055,0.9623090774541486,20.5,0.078,21.688,36.695,217.9,0.0,0.0,44.44,4.74,0.007,5.1,6.37
2018,1,16,16,0.2719581575341055,0.9623090774541486,39.1,0.117,21.691,36.701,216.9,0.0,0.0,44.92,4.13,0.006,5.5,6.45
2018,1,16,16,0.2719581575341055,0.9623090774541486,59.2,0.127,21.681,36.715,216.9,0.0,0.0,43.62,4.13,0.007,5.7,1.62
2018,1,16,16,0.2719581575341055,0.9623090774541486,80.0,0.136,21.385,36.704,216.2,0.05,0.0,37.19,4.25,0.009,5.8,0.24
2018,1,16,16,0.2719581575341055,0.9623090774541486,101.2,0.068,21.277,36.703,215.2,0.2,0.0,24.22,2.97,0.006,5.3,0.65
2018,1,16,16,0.2719581575341055,0.9623090774541486,120.3,0.039,20.977,36.699,215.1,0.22,0.0,20.18,2.86,0.005,5.0,0.13
2018,1,16,16,0.2719581575341055,0.9623090774541486,139.8,0.02,20.89,36.701,213.3,0.35,0.0,15.22,1.94,0.005,4.9,0.45
2018,2,11,42,0.6616346182422783,0.7498264012045686,3.4,0.088,20.853,36.8,221.5,0.0,0.0,39.08,4.8,0.007,6.3,8.13
2018,2,11,42,0.6616346182422783,0.7498264012045686,20.0,0.058,20.853,36.799,222.2,0.0,0.0,41.1,6.37,0.007,5.7,9.22
2018,2,11,42,0.6616346182422783,0.7498264012045686,39.4,0.107,20.805,36.807,220.4,0.0,0.0,33.26,4.61,0.006,5.6,4.06
2018,2,11,42,0.6616346182422783,0.7498264012045686,59.5,0.166,20.769,36.807,219.8,0.0,0.0,39.77,5.4,0.009,5.6,2.43
2018,2,11,42,0.6616346182422783,0.7498264012045686,79.9,0.156,20.737,36.808,218.5,0.06,0.0,29.34,3.89,0.008,5.1,1.61
2018,2,11,42,0.6616346182422783,0.7498264012045686,99.8,0.244,20.7,36.803,219.1,0.0,0.0,31.75,5.22,0.009,4.9,0.3
2018,2,11,42,0.6616346182422783,0.7498264012045686,119.1,0.117,20.437,36.742,219.6,0.0,0.0,28.06,4.06,0.009,5.2,0.7
2018,2,11,42,0.6616346182422783,0.7498264012045686,142.0,0.019,19.732,36.655,209.3,0.88,0.0,18.1,1.88,0.007,4.4,-0.15
2018,3,15,74,0.9562348265919056,0.29260033563334836,7.2,0.136,20.223,36.772,220.8,0.05,0.0,26.6,4.83,0.011,5.4,3.81
2018,3,15,74,0.9562348265919056,0.29260033563334836,19.0,0.136,20.238,36.771,221.5,0.05,0.0,29.71,5.44,0.009,5.1,5.44
2018,3,15,74,0.9562348265919056,0.29260033563334836,38.7,0.244,20.244,36.772,220.5,0.05,0.0,25.05,4.83,0.009,6.0,4.57
2018,3,15,74,0.9562348265919056,0.29260033563334836,61.6,0.136,20.261,36.777,220.5,0.07,0.0,22.31,4.36,0.008,5.0,2.47
2018,3,15,74,0.9562348265919056,0.29260033563334836,78.3,0.146,20.252,36.773,220.6,0.07,0.0,22.47,4.47,0.008,5.1,-0.1
2018,3,15,74,0.9562348265919056,0.29260033563334836,98.6,0.127,20.268,36.777,219.8,0.12,0.0,21.04,3.98,0.01,5.1,-0.09
2018,3,15,74,0.9562348265919056,0.29260033563334836,123.8,0.097,20.223,36.771,219.4,0.15,0.0,19.01,3.74,0.008,5.2,2.31
2018,3,15,74,0.9562348265919056,0.29260033563334836,138.4,0.068,20.196,36.773,217.7,0.31,0.0,16.39,3.02,0.007,5.2,0.35
2018,3,24,83,0.989932495087353,0.141540295217043,5.4,0.156,20.072,36.78,222.1,0.09,0.0,20.31,3.64,0.007,5.3,5.49
2018,3,24,83,0.989932495087353,0.141540295217043,20.2,0.263,20.084,36.78,220.4,0.08,0.0,23.94,3.22,0.012,6.4,11.69
2018,3,24,83,0.989932495087353,0.141540295217043,40.0,0.273,20.09,36.78,221.6,0.1,0.0,22.73,3.83,0.007,5.6,6.98
2018,3,24,83,0.989932495087353,0.141540295217043,60.3,0.214,20.092,36.78,221.2,0.11,0.0,25.52,4.55,0.012,7.3,6.79
2018,3,24,83,0.989932495087353,0.141540295217043,80.0,0.312,20.087,36.778,220.4,0.12,0.0,24.79,4.37,0.011,5.6,5.05
2018,3,24,83,0.989932495087353,0.141540295217043,99.6,0.214,20.084,36.779,220.7,0.12,0.0,24.59,4.37,0.01,5.8,3.95
2018,3,24,83,0.989932495087353,0.141540295217043,119.7,0.244,20.079,36.779,221.6,0.12,0.0,21.75,4.0,0.007,5.9,3.18
2018,3,24,83,0.989932495087353,0.141540295217043,140.9,0.136,19.96,36.754,220.2,0.14,0.0,21.45,4.13,0.008,5.0,-1.14
2018,6,15,166,0.28023067519921585,-0.9599326896597447,3.7,0.039,25.431,36.574,207.8,0.0,0.0,27.46,4.34,0.007,3.8,4.61
2018,6,15,166,0.28023067519921585,-0.9599326896597447,20.0,0.049,25.29,36.559,207.9,0.0,0.0,23.46,3.73,0.007,3.9,5.38
2018,6,15,166,0.28023067519921585,-0.9599326896597447,39.8,0.078,22.533,36.624,228.2,0.0,0.0,30.32,5.01,0.012,4.6,4.43
2018,6,15,166,0.28023067519921585,-0.9599326896597447,59.9,0.127,20.995,36.648,230.4,0.0,0.0,32.06,5.75,0.013,5.3,3.53
2018,6,15,166,0.28023067519921585,-0.9599326896597447,79.5,0.4,20.355,36.723,214.9,0.57,0.0,29.36,6.05,0.013,4.1,5.27
2018,6,15,166,0.28023067519921585,-0.9599326896597447,99.7,0.273,19.972,36.728,216.2,0.6,0.0,18.18,3.72,0.005,3.0,1.56
2018,6,15,166,0.28023067519921585,-0.9599326896597447,123.0,0.117,19.761,36.715,213.9,0.82,0.0,13.29,2.61,0.005,2.8,0.28
2018,6,15,166,0.28023067519921585,-0.9599326896597447,143.3,0.107,19.534,36.684,211.8,1.35,0.04,16.7,2.67,0.007,3.2,0.96
2018,7,21,202,-0.3294084822245302,-0.9441875088341994,3.7,0.02,27.033,36.466,203.1,0.0,0.0,21.39,2.19,0.005,3.9,3.02
2018,7,21,202,-0.3294084822245302,-0.9441875088341994,19.8,0.029,26.918,36.54,203.9,0.0,0.0,23.74,3.45,0.005,3.9,2.61
2018,7,21,202,-0.3294084822245302,-0.9441875088341994,40.2,0.049,22.926,36.719,223.8,0.0,0.0,29.46,3.87,0.006,4.0,0.91
2018,7,21,202,-0.3294084822245302,-0.9441875088341994,59.8,0.068,21.243,36.742,229.8,0.0,0.0,27.98,4.18,0.005,5.9,2.58
2018,7,21,202,-0.3294084822245302,-0.9441875088341994,80.3,0.107,20.501,36.728,223.8,0.0,0.0,24.58,3.81,0.005,5.8,1.76
2018,7,21,202,-0.3294084822245302,-0.9441875088341994,99.8,0.517,20.117,36.713,217.6,0.14,0.0,30.31,4.86,0.007,4.2,1.44
2018,7,21,202,-0.3294084822245302,-0.9441875088341994,119.4,0.302,19.627,36.689,212.9,0.72,0.0,24.29,3.94,0.004,4.0,-0.77
2018,7,21,202,-0.3294084822245302,-0.9441875088341994,140.4,0.127,19.385,36.668,209.6,1.37,0.05,11.45,1.97,0.002,3.9,0.09
2018,8,14,226,-0.6807734094770159,-0.7324940716135792,4.1,0.01,28.284,36.56,197.9,0.0,0.0,7.15,1.07,0.004,3.8,4.59
2018,8,14,226,-0.6807734094770159,-0.7324940716135792,20.2,0.02,28.17,36.656,199.7,0.0,0.0,26.97,3.67,0.004,3.5,4.4
2018,8,14,226,-0.6807734094770159,-0.7324940716135792,39.3,0.029,27.28,36.594,215.4,0.0,0.0,27.79,3.98,0.007,4.3,4.3
2018,8,14,226,-0.6807734094770159,-0.7324940716135792,60.5,0.049,23.927,36.711,232.5,0.0,0.0,28.31,3.9,0.005,3.3,3.94
2018,8,14,226,-0.6807734094770159,-0.7324940716135792,79.5,0.068,21.953,36.739,234.9,0.0,0.0,21.97,3.84,0.005,3.2,2.29
2018,8,14,226,-0.6807734094770159,-0.7324940716135792,99.9,0.107,21.059,36.737,226.9,0.0,0.0,17.93,2.88,0.007,3.2,1.78
2018,8,14,226,-0.6807734094770159,-0.7324940716135792,119.8,0.254,20.328,36.727,220.4,0.06,0.0,21.19,3.36,0.005,4.2,0.81
2018,8,14,226,-0.6807734094770159,-0.7324940716135792,140.5,0.215,19.767,36.708,211.7,0.8,0.0,12.79,2.21,0.006,4.4,1.07
2018,9,12,255,-0.9483615800121716,-0.31719128858910595,4.9,0.029,28.671,36.574,197.6,0.0,0.0,21.53,2.73,0.005,4.1,6.0
2018,9,12,255,-0.9483615800121716,-0.31719128858910595,18.8,0.029,28.676,36.574,198.1,0.0,0.0,31.69,3.76,0.008,3.9,4.27
2018,9,12,255,-0.9483615800121716,-0.31719128858910595,39.3,0.039,24.697,36.687,222.0,0.0,0.0,35.39,4.73,0.008,5.0,4.72
2018,9,12,255,-0.9483615800121716,-0.31719128858910595,59.3,0.068,22.667,36.802,230.2,0.0,0.0,28.88,3.76,0.009,4.5,5.68
2018,9,12,255,-0.9483615800121716,-0.31719128858910595,79.4,0.107,21.57,36.788,228.0,0.0,0.0,23.75,3.7,0.008,4.5,2.83
2018,9,12,255,-0.9483615800121716,-0.31719128858910595,98.6,0.419,20.621,36.772,201.5,0.17,0.0,22.36,2.96,0.006,3.9,3.57
2018,9,12,255,-0.9483615800121716,-0.31719128858910595,119.8,0.146,19.87,36.694,207.0,0.48,0.0,26.88,3.94,0.011,3.4,0.39
2018,9,12,255,-0.9483615800121716,-0.31719128858910595,139.7,0.166,19.594,36.676,204.2,1.22,0.0,12.35,2.0,0.009,5.8,0.51
2018,10,21,294,-0.9398560579418953,0.341570769167856,2.8,0.039,26.01,36.918,204.6,0.0,0.0,23.9,2.61,0.006,4.8,0.83
2018,10,21,294,-0.9398560579418953,0.341570769167856,18.0,0.029,26.026,36.917,204.3,0.0,0.0,21.67,2.99,0.008,3.9,4.55
2018,10,21,294,-0.9398560579418953,0.341570769167856,37.4,0.039,26.03,36.916,204.5,0.0,0.0,25.15,2.86,0.005,3.9,2.93
2018,10,21,294,-0.9398560579418953,0.341570769167856,57.2,0.059,25.987,36.913,212.8,0.0,0.0,25.35,2.99,0.009,4.4,1.42
2018,10,21,294,-0.9398560579418953,0.341570769167856,77.7,0.098,22.556,36.813,234.1,0.0,0.0,42.33,6.11,0.007,5.5,0.08
2018,10,21,294,-0.9398560579418953,0.341570769167856,96.4,0.146,21.782,36.83,234.1,0.0,0.0,23.99,3.57,0.006,5.1,6.47
2018,10,21,294,-0.9398560579418953,0.341570769167856,118.1,0.176,20.98,36.802,215.8,0.0,0.0,14.95,2.48,0.005,5.2,2.23
2018,10,21,294,-0.9398560579418953,0.341570769167856,138.2,0.088,20.289,36.746,210.5,0.08,0.0,13.11,2.28,0.004,4.3,2.5
2018,11,7,311,-0.801361088174677,0.5981809144059158,3.4,0.059,24.107,36.716,208.6,0.0,0.0,21.44,3.18,0.008,6.8,2.56
2018,11,7,311,-0.801361088174677,0.5981809144059158,17.0,0.068,24.103,36.713,208.7,0.0,0.0,29.38,4.22,0.006,6.8,2.74
2018,11,7,311,-0.801361088174677,0.5981809144059158,36.7,0.039,24.243,36.615,208.6,0.0,0.0,24.01,3.7,0.007,6.8,2.98
2018,11,7,311,-0.801361088174677,0.5981809144059158,57.3,0.234,22.533,36.739,206.5,0.09,0.0,36.01,6.01,0.015,6.9,7.72
2018,11,7,311,-0.801361088174677,0.5981809144059158,77.1,0.302,21.72,36.772,221.9,0.06,0.0,31.58,5.11,0.01,7.0,1.2
2018,11,7,311,-0.801361088174677,0.5981809144059158,96.4,0.059,20.917,36.749,199.1,1.39,0.05,13.39,1.64,0.005,4.3,3.36
2018,11,7,311,-0.801361088174677,0.5981809144059158,116.9,0.039,20.198,36.718,200.7,1.22,0.0,13.99,1.57,0.003,3.7,1.04
2018,11,7,311,-0.801361088174677,0.5981809144059158,137.7,0.039,19.816,36.696,202.1,1.0,0.0,12.18,1.44,0.004,3.4,-1.69
2019,1,12,12,0.2051044998686192,0.9787400799669153,3.5,0.283,21.223,36.716,217.3,0.07,0.0,23.9,3.74,0.015,4.7,8.77
2019,1,12,12,0.2051044998686192,0.9787400799669153,19.8,0.234,21.228,36.716,217.7,0.08,0.0,22.79,3.81,0.015,5.2,5.94
2019,1,12,12,0.2051044998686192,0.9787400799669153,40.1,0.263,21.221,36.715,217.4,0.09,0.0,21.44,4.67,0.011,5.3,4.65
2019,1,12,12,0.2051044998686192,0.9787400799669153,60.3,0.36,21.218,36.71,216.8,0.12,0.0,20.88,4.24,0.016,5.6,0.34
2019,1,12,12,0.2051044998686192,0.9787400799669153,79.5,0.273,21.217,36.71,216.8,0.14,0.0,22.61,4.73,0.016,4.9,7.7
2019,1,12,12,0.2051044998686192,0.9787400799669153,100.4,0.214,21.218,36.709,218.2,0.2,0.0,19.73,4.54,0.016,4.0,5.24
2019,1,12,12,0.2051044998686192,0.9787400799669153,120.7,0.019,21.191,36.703,197.9,1.85,0.06,9.01,1.66,0.021,2.8,0.7
2019,2,18,49,0.7469720876965552,0.6648553979642865,19.7,0.253,20.115,36.656,223.5,0.0,0.0,44.07,7.59,0.01,6.1,10.79
2019,2,18,49,0.7469720876965552,0.6648553979642865,39.8,0.331,20.102,36.654,225.3,0.0,0.0,37.57,6.63,0.01,6.1,10.43
2019,2,18,49,0.7469720876965552,0.6648553979642865,60.3,0.263,20.08,36.684,225.0,0.07,0.0,41.04,6.27,0.009,6.3,7.83
2019,2,18,49,0.7469720876965552,0.6648553979642865,80.2,0.351,20.109,36.708,222.2,0.38,0.0,36.17,6.81,0.006,6.4,1.02
2019,2,18,49,0.7469720876965552,0.6648553979642865,99.7,0.078,20.049,36.717,217.2,0.61,0.0,29.9,5.54,0.001,5.4,-0.06
2019,2,18,49,0.7469720876965552,0.6648553979642865,119.9,0.049,19.966,36.703,217.6,0.68,0.0,21.56,5.13,0.004,3.4,-0.49
2019,2,18,49,0.7469720876965552,0.6648553979642865,141.8,0.029,19.932,36.703,217.7,0.93,0.0,24.7,6.02,0.004,3.4,0.93
2019,4,11,101,0.9859481499638304,-0.16705162550211924,3.7,0.039,22.215,36.891,217.1,0.0,0.0,25.19,4.56,0.005,3.0,1.92
2019,4,11,101,0.9859481499638304,-0.16705162550211924,20.1,0.039,22.218,36.903,217.2,0.0,0.0,20.84,3.92,0.005,4.1,2.27
2019,4,11,101,0.9859481499638304,-0.16705162550211924,40.1,0.049,22.203,36.904,217.5,0.0,0.0,18.89,3.33,0.005,3.9,1.44
2019,4,11,101,0.9859481499638304,-0.16705162550211924,59.0,0.088,21.107,36.769,217.9,0.0,0.0,26.96,3.66,0.006,3.8,0.86
2019,4,11,101,0.9859481499638304,-0.16705162550211924,77.8,0.292,20.609,36.752,214.9,0.13,0.0,29.48,5.21,0.009,3.7,1.71
2019,4,11,101,0.9859481499638304,-0.16705162550211924,100.4,0.166,20.016,36.71,215.3,0.45,0.0,19.24,3.92,0.004,3.8,1.0
2019,4,11,101,0.9859481499638304,-0.16705162550211924,118.8,0.068,19.894,36.712,219.5,0.47,0.0,17.39,3.6,0.004,3.2,0.3
2019,4,11,101,0.9859481499638304,-0.16705162550211924,144.5,0.088,19.826,36.707,220.3,0.45,0.0,21.82,4.24,0.005,3.5,-0.05
2019,4,22,112,0.9368813462954315,-0.3496474552512284,3.6,0.039,21.398,36.786,220.8,0.0,0.0,21.95,6.12,0.004,3.6,3.24
2019,4,22,112,0.9368813462954315,-0.3496474552512284,20.2,0.039,21.408,36.785,221.5,0.0,0.0,28.99,6.25,0.005,3.6,3.74
2019,4,22,112,0.9368813462954315,-0.3496474552512284,41.2,0.039,20.599,36.711,221.5,0.0,0.0,27.06,2.89,0.005,3.9,3.63
2019,4,22,112,0.9368813462954315,-0.3496474552512284,60.0,0.049,20.22,36.711,224.9,0.0,0.0,31.16,4.7,0.005,4.0,3.75
2019,4,22,112,0.9368813462954315,-0.3496474552512284,80.3,0.097,19.922,36.708,225.2,0.0,0.0,27.17,4.24,0.004,3.9,3.36
2019,4,22,112,0.9368813462954315,-0.3496474552512284,98.3,0.292,19.838,36.705,212.7,0.64,0.0,28.76,5.47,0.009,4.0,2.37
2019,4,22,112,0.9368813462954315,-0.3496474552512284,120.7,0.263,19.694,36.688,211.0,1.33,0.04,17.68,3.33,0.004,3.6,0.72
2019,4,22,112,0.9368813462954315,-0.3496474552512284,140.9,0.039,19.558,36.676,208.8,1.69,0.05,13.5,1.45,0.004,2.7,0.62
2019,6,8,159,0.39359027665646673,-0.9192859697186104,3.1,0.029,23.668,36.849,213.4,0.0,0.0,22.0,3.79,0.005,4.5,2.9
2019,6,8,159,0.39359027665646673,-0.9192859697186104,19.9,0.029,23.673,36.85,212.8,0.05,0.0,30.47,4.27,0.006,4.3,3.02
2019,6,8,159,0.39359027665646673,-0.9192859697186104,39.8,0.039,22.446,36.83,217.0,0.06,0.0,24.69,3.91,0.007,5.0,2.95
2019,6,8,159,0.39359027665646673,-0.9192859697186104,60.4,0.059,21.482,36.74,222.1,0.05,0.0,31.35,4.77,0.004,6.2,3.66
2019,6,8,159,0.39359027665646673,-0.9192859697186104,81.0,0.088,21.262,36.82,221.9,0.0,0.0,27.32,4.88,0.006,5.3,2.77
2019,6,8,159,0.39359027665646673,-0.9192859697186104,101.4,0.205,20.655,36.753,220.1,0.0,0.0,25.53,4.94,0.009,5.4,3.48
2019,6,8,159,0.39359027665646673,-0.9192859697186104,120.1,0.263,20.132,36.679,215.4,0.45,0.0,20.79,4.51,0.008,4.9,0.79
2019,6,8,159,0.39359027665646673,-0.9192859697186104,142.1,0.078,19.9,36.68,214.4,0.87,0.0,14.84,2.51,0.004,3.8,0.31
2019,7,17,198,-0.2636654927280072,-0.9646141756912435,3.3,0.029,27.688,36.778,200.3,0.0,0.0,22.67,4.18,0.005,3.2,2.99
2019,7,17,198,-0.2636654927280072,-0.9646141756912435,19.6,0.039,25.72,36.685,203.1,0.0,0.0,29.82,4.54,0.003,3.5,4.84
2019,7,17,198,-0.2636654927280072,-0.9646141756912435,39.6,0.049,21.858,36.691,227.8,0.0,0.0,23.27,3.87,0.007,4.6,4.29
2019,7,17,198,-0.2636654927280072,-0.9646141756912435,59.1,0.078,20.689,36.693,226.3,0.0,0.0,25.43,4.35,0.008,4.7,4.33
2019,7,17,198,-0.2636654927280072,-0.9646141756912435,79.7,0.156,20.131,36.691,224.9,0.0,0.0,9.83,2.37,0.006,3.7,2.8
2019,7,17,198,-0.2636654927280072,-0.9646141756912435,99.7,0.322,19.789,36.687,217.3,0.2,0.0,24.74,4.54,0.004,3.7,2.75
2019,7,17,198,-0.2636654927280072,-0.9646141756912435,119.0,0.322,19.651,36.686,212.7,1.09,0.0,18.03,4.11,0.004,3.2,0.4
2019,7,17,198,-0.2636654927280072,-0.9646141756912435,139.6,0.283,19.554,36.683,212.7,1.55,0.06,21.53,4.29,0.006,3.2,-0.73
2019,10,23,296,-0.9275416835791965,0.3737197147904692,3.3,0.039,26.017,36.596,203.5,0.0,0.0,24.07,3.62,0.006,5.1,1.37
2019,10,23,296,-0.9275416835791965,0.3737197147904692,20.2,0.049,26.084,36.7,204.1,0.0,0.0,21.12,3.44,0.005,5.1,2.46
2019,10,23,296,-0.9275416835791965,0.3737197147904692,40.7,0.088,26.085,36.704,204.0,0.0,0.0,19.93,3.62,0.006,4.9,2.77
2019,10,23,296,-0.9275416835791965,0.3737197147904692,60.8,0.088,23.633,36.797,233.3,0.0,0.0,25.14,3.68,0.008,5.3,3.62
2019,10,23,296,-0.9275416835791965,0.3737197147904692,81.4,0.146,22.341,36.799,230.9,0.0,0.0,20.37,4.04,0.007,4.8,2.26
2019,10,23,296,-0.9275416835791965,0.3737197147904692,99.9,0.195,21.415,36.787,219.0,0.0,0.0,22.53,3.19,0.007,4.1,1.1
2019,10,23,296,-0.9275416835791965,0.3737197147904692,119.8,0.175,20.63,36.751,208.8,0.08,0.0,14.95,2.64,0.005,4.0,0.43
2019,10,23,296,-0.9275416835791965,0.3737197147904692,139.6,0.107,20.257,36.767,193.3,0.63,0.0,10.02,1.67,0.002,4.0,0.08
2019,11,19,323,-0.661634618242279,0.749826401204568,7.2,0.088,23.855,36.529,209.0,0.0,0.0,21.06,2.91,0.007,5.5,3.83
2019,11,19,323,-0.661634618242279,0.749826401204568,19.6,0.088,23.857,36.548,209.2,0.0,0.0,19.85,3.09,0.008,5.5,4.2
2019,11,19,323,-0.661634618242279,0.749826401204568,38.3,0.107,23.846,36.547,209.2,0.0,0.0,22.95,3.47,0.009,5.8,2.89
2019,11,19,323,-0.661634618242279,0.749826401204568,59.8,0.166,23.844,36.556,209.6,0.0,0.0,19.5,3.9,0.007,5.9,1.76
2019,11,19,323,-0.661634618242279,0.749826401204568,79.2,0.322,22.197,36.728,206.0,0.44,0.0,20.06,4.03,0.009,5.9,2.32
2019,11,19,323,-0.661634618242279,0.749826401204568,98.7,0.068,20.935,36.741,198.7,1.25,0.04,9.42,1.3,0.003,4.3,0.27
2019,11,19,323,-0.661634618242279,0.749826401204568,121.0,0.049,20.247,36.707,203.4,1.01,0.0,8.45,1.3,0.003,4.3,0.07
2019,11,19,323,-0.661634618242279,0.749826401204568,140.4,0.029,19.774,36.686,201.2,1.32,0.04,7.9,1.48,0.003,4.3,-0.17
2019,12,12,346,-0.32126966169236515,0.9469877530760751,4.3,0.049,22.99,36.714,213.8,0.0,0.0,23.48,3.37,0.006,4.5,4.78
2019,12,12,346,-0.32126966169236515,0.9469877530760751,20.1,0.059,22.996,36.714,212.5,0.0,0.0,22.38,5.04,0.007,4.9,4.54
2019,12,12,346,-0.32126966169236515,0.9469877530760751,39.5,0.059,22.969,36.721,212.2,0.0,0.0,22.72,4.37,0.006,4.8,3.3
2019,12,12,346,-0.32126966169236515,0.9469877530760751,59.9,0.127,22.968,36.721,212.8,0.05,0.0,24.69,4.74,0.006,4.8,1.69
2019,12,12,346,-0.32126966169236515,0.9469877530760751,80.8,0.137,22.962,36.72,212.0,0.0,0.0,26.61,4.37,0.007,5.1,1.29
2019,12,12,346,-0.32126966169236515,0.9469877530760751,101.5,0.117,22.087,36.759,208.5,0.39,0.0,14.72,2.76,0.005,4.5,0.58
2019,12,12,346,-0.32126966169236515,0.9469877530760751,120.0,0.058,20.727,36.788,202.2,0.65,0.0,10.84,2.56,0.004,4.1,0.39
2019,12,12,346,-0.32126966169236515,0.9469877530760751,140.5,0.019,19.796,36.691,199.6,1.41,0.04,9.7,1.39,0.003,3.6,-0.11
2020,1,26,26,0.4327755925504312,0.901501684131884,3.9,0.127,21.355,36.761,218.4,0.0,0.0,19.36,3.74,0.008,5.1,5.86
2020,1,26,26,0.4327755925504312,0.901501684131884,20.1,0.117,21.363,36.763,217.1,0.0,0.0,18.97,3.67,0.007,5.3,6.26
2020,1,26,26,0.4327755925504312,0.901501684131884,39.3,0.146,21.351,36.76,217.2,0.0,0.0,23.86,3.99,0.008,4.8,6.22
2020,1,26,26,0.4327755925504312,0.901501684131884,61.3,0.224,21.331,36.757,217.0,0.0,0.0,19.71,3.8,0.009,4.8,3.52
2020,1,26,26,0.4327755925504312,0.901501684131884,80.5,0.244,21.097,36.735,215.8,0.07,0.0,22.59,4.79,0.009,4.8,1.88
2020,1,26,26,0.4327755925504312,0.901501684131884,101.3,0.166,20.892,36.717,216.1,0.0,0.0,14.08,3.07,0.008,4.3,0.53
2020,1,26,26,0.4327755925504312,0.901501684131884,119.4,0.185,20.832,36.713,217.5,0.35,0.0,22.31,1.47,0.008,4.5,0.29
2020,1,26,26,0.4327755925504312,0.901501684131884,140.8,0.107,20.127,36.702,217.4,0.4,0.0,12.09,3.31,0.007,4.3,-0.07
2020,2,28,59,0.8498170915275278,0.5270777086423722,80.8,0.234,20.477,36.726,220.6,0.0,0.0,24.06,4.33,0.008,5.2,7.57
2020,2,28,59,0.8498170915275278,0.5270777086423722,99.6,0.234,20.196,36.692,221.4,0.14,0.0,23.43,5.57,0.008,5.4,2.47
2020,2,28,59,0.8498170915275278,0.5270777086423722,120.1,0.156,20.068,36.691,217.4,0.23,0.0,19.34,3.43,0.009,4.8,-0.89
2020,2,28,59,0.8498170915275278,0.5270777086423722,142.7,0.039,19.756,36.684,203.4,0.61,0.0,16.7,2.53,0.004,3.8,-0.39
2020,7,9,191,-0.14579919691987442,-0.9893142039703664,5.1,0.059,26.883,36.762,203.4,0.0,0.0,22.81,3.22,0.005,5.1,4.38
2020,7,9,191,-0.14579919691987442,-0.9893142039703664,19.9,0.029,25.886,36.873,214.4,0.0,0.0,21.27,3.16,0.006,5.3,3.67
2020,7,9,191,-0.14579919691987442,-0.9893142039703664,40.2,0.039,24.128,37.016,220.3,0.0,0.0,21.4,3.29,0.007,8.7,2.37
2020,7,9,191,-0.14579919691987442,-0.9893142039703664,59.9,0.049,22.923,37.006,224.1,0.0,0.0,30.87,3.83,0.006,8.4,1.53
2020,7,9,191,-0.14579919691987442,-0.9893142039703664,80.5,0.078,22.107,36.933,220.8,0.0,0.0,22.23,3.29,0.006,8.6,2.59
2020,7,9,191,-0.14579919691987442,-0.9893142039703664,99.1,0.107,21.74,36.911,220.6,0.0,0.0,20.36,3.35,0.006,5.1,1.54
2020,7,9,191,-0.14579919691987442,-0.9893142039703664,120.6,0.146,21.119,36.831,218.2,0.0,0.0,16.36,3.03,0.006,5.3,1.18
2020,7,9,191,-0.14579919691987442,-0.9893142039703664,141.6,0.224,20.702,36.789,212.5,0.15,0.0,18.7,3.4,0.006,5.6,0.72
2020,7,30,212,-0.4862727071086902,-0.8738071036110807,4.2,0.029,28.887,36.662,197.5,0.0,0.0,19.57,3.07,0.006,6.0,5.26
2020,7,30,212,-0.4862727071086902,-0.8738071036110807,19.6,0.039,26.939,36.782,198.3,0.0,0.0,28.67,4.11,0.009,6.1,4.06
2020,7,30,212,-0.4862727071086902,-0.8738071036110807,40.0,0.039,23.852,36.844,213.8,0.0,0.0,26.21,4.29,0.008,6.0,3.43
2020,7,30,212,-0.4862727071086902,-0.8738071036110807,60.1,0.068,21.967,36.763,226.4,0.0,0.0,33.54,4.6,0.008,6.3,4.39
2020,7,30,212,-0.4862727071086902,-0.8738071036110807,79.6,0.107,20.834,36.685,224.2,0.0,0.0,26.2,4.41,0.01,6.4,3.58
2020,7,30,212,-0.4862727071086902,-0.8738071036110807,99.7,0.371,20.236,36.706,213.8,0.14,0.0,26.39,4.78,0.009,6.3,5.34
2020,7,30,212,-0.4862727071086902,-0.8738071036110807,120.7,0.117,20.021,36.705,213.1,0.68,0.0,10.98,2.76,0.005,4.7,0.51
2020,7,30,212,-0.4862727071086902,-0.8738071036110807,140.3,0.029,19.712,36.681,207.9,1.41,0.04,11.51,1.72,0.003,3.5,-0.27
2020,9,24,268,-0.9951053111006974,-0.09882013873287211,3.7,0.039,26.045,36.777,205.6,0.0,0.0,17.17,2.63,0.007,2.5,7.98
2020,9,24,268,-0.9951053111006974,-0.09882013873287211,19.0,0.049,26.052,36.777,206.0,0.0,0.0,21.76,3.15,0.007,4.4,8.24
2020,9,24,268,-0.9951053111006974,-0.09882013873287211,41.8,0.068,26.051,36.776,206.4,0.0,0.0,20.46,2.63,0.007,4.2,6.85
2020,9,24,268,-0.9951053111006974,-0.09882013873287211,58.2,0.127,23.513,36.804,206.4,0.0,0.0,26.69,4.26,0.01,4.5,9.6
2020,9,24,268,-0.9951053111006974,-0.09882013873287211,79.4,0.195,20.856,36.765,232.6,0.0,0.0,10.34,1.86,0.008,5.2,7.7
2020,9,24,268,-0.9951053111006974,-0.09882013873287211,100.0,0.195,20.204,36.721,227.9,0.0,0.0,19.47,3.73,0.008,5.4,4.1
2020,9,24,268,-0.9951053111006974,-0.09882013873287211,120.1,0.175,19.885,36.696,219.8,0.0,0.0,13.91,2.33,0.006,5.0,1.93
2020,9,24,268,-0.9951053111006974,-0.09882013873287211,140.0,0.117,19.608,36.679,210.6,0.14,0.0,19.79,2.62,0.005,5.0,0.36
2020,10,26,300,-0.8996308696522434,0.4366512319560638,4.6,0.078,25.526,36.714,205.1,0.0,0.0,21.06,3.6,0.006,4.1,3.26
2020,10,26,300,-0.8996308696522434,0.4366512319560638,19.1,0.088,25.53,36.713,204.7,0.0,0.0,21.27,4.03,0.006,4.2,3.27
2020,10,26,300,-0.8996308696522434,0.4366512319560638,40.7,0.088,25.539,36.714,204.7,0.0,0.0,20.79,3.36,0.005,3.8,1.4
2020,10,26,300,-0.8996308696522434,0.4366512319560638,60.6,0.166,25.019,36.714,225.3,0.0,0.0,25.21,4.51,0.008,5.1,2.11
2020,10,26,300,-0.8996308696522434,0.4366512319560638,79.9,0.234,22.197,36.755,225.0,0.0,0.0,25.46,5.24,0.007,4.6,-0.08
2020,10,26,300,-0.8996308696522434,0.4366512319560638,100.4,0.409,20.616,36.725,211.8,0.0,0.0,24.55,5.12,0.007,3.6,0.53
2020,10,26,300,-0.8996308696522434,0.4366512319560638,120.5,0.166,20.063,36.697,205.3,0.0,0.0,11.19,2.75,0.004,3.1,0.53
2020,10,26,300,-0.8996308696522434,0.4366512319560638,141.1,0.049,19.614,36.676,204.5,1.67,0.05,7.52,2.56,0.003,2.9,0.09
2020,11,19,324,-0.6486295610349818,0.7611042586607742,5.3,0.127,23.852,36.736,210.3,0.0,0.0,21.77,3.36,0.006,4.3,4.22
2020,11,19,324,-0.6486295610349818,0.7611042586607742,19.5,0.127,23.865,36.736,210.4,0.0,0.0,21.38,3.48,0.005,3.8,3.74
2020,11,19,324,-0.6486295610349818,0.7611042586607742,40.1,0.137,23.877,36.735,210.4,0.0,0.0,20.4,3.24,0.005,3.7,4.33
2020,11,19,324,-0.6486295610349818,0.7611042586607742,40.1,0.137,23.877,36.735,210.4,0.0,0.0,20.4,3.24,0.005,3.7,2.23
2020,11,19,324,-0.6486295610349818,0.7611042586607742,80.7,0.224,23.881,36.735,211.0,0.0,0.0,21.22,4.37,0.008,3.8,0.94
2020,11,19,324,-0.6486295610349818,0.7611042586607742,100.7,0.263,21.234,36.798,222.7,0.0,0.0,16.02,2.53,0.005,4.6,0.57
2020,11,19,324,-0.6486295610349818,0.7611042586607742,121.4,0.244,20.402,36.742,211.3,0.21,0.0,13.37,2.52,0.004,3.3,-0.34
2020,11,19,324,-0.6486295610349818,0.7611042586607742,144.1,0.107,19.761,36.691,205.1,0.48,0.0,8.51,1.09,0.003,3.3,0.38
2020,12,12,347,-0.3049212246562894,0.9523775757303973,5.1,0.107,22.538,36.799,213.4,0.0,0.0,29.96,2.81,0.006,3.9,4.63
2020,12,12,347,-0.3049212246562894,0.9523775757303973,20.2,0.107,22.547,36.799,213.0,0.0,0.0,26.0,3.53,0.006,4.7,5.19
2020,12,12,347,-0.3049212246562894,0.9523775757303973,40.2,0.117,22.55,36.798,213.0,0.0,0.0,24.43,3.35,0.006,4.2,3.92
2020,12,12,347,-0.3049212246562894,0.9523775757303973,60.6,0.117,22.558,36.798,212.8,0.0,0.0,23.67,3.47,0.006,3.9,2.29
2020,12,12,347,-0.3049212246562894,0.9523775757303973,79.7,0.136,22.633,36.815,212.8,0.0,0.0,21.67,2.92,0.006,4.1,0.83
2020,12,12,347,-0.3049212246562894,0.9523775757303973,100.2,0.224,20.446,36.725,210.4,0.26,0.0,18.47,2.45,0.011,4.0,1.21
2020,12,12,347,-0.3049212246562894,0.9523775757303973,119.3,0.097,20.336,36.72,203.5,1.09,0.04,9.79,2.39,0.003,4.1,0.02
2020,12,12,347,-0.3049212246562894,0.9523775757303973,140.4,0.029,19.581,36.674,203.6,1.75,0.06,8.29,1.9,0.003,3.3,-0.24
2021,2,14,45,0.699458327051647,0.7146733860429609,60.4,0.351,19.888,36.698,220.6,0.0,0.0,23.29,5.05,0.011,5.9,6.13
2021,2,14,45,0.699458327051647,0.7146733860429609,80.7,0.292,19.871,36.695,219.9,0.08,0.0,20.56,4.19,0.01,5.4,0.14
2021,2,14,45,0.699458327051647,0.7146733860429609,100.0,0.263,19.868,36.694,220.3,0.65,0.0,23.18,5.17,0.008,5.8,0.43
2021,2,14,45,0.699458327051647,0.7146733860429609,120.9,0.283,19.847,36.687,220.1,0.73,0.0,17.1,3.46,0.011,5.1,1.4
2021,2,14,45,0.699458327051647,0.7146733860429609,140.9,0.185,19.845,36.687,219.9,0.71,0.0,15.58,3.7,0.007,5.7,0.66
2021,3,18,77,0.9700639218515071,0.2428497220959356,5.0,0.205,19.775,36.748,223.2,0.14,0.0,22.26,4.07,0.007,5.8,12.16
2021,3,18,77,0.9700639218515071,0.2428497220959356,39.9,0.146,19.782,36.748,223.6,0.12,0.0,20.65,3.16,0.009,6.9,14.0
2021,3,18,77,0.9700639218515071,0.2428497220959356,60.7,0.243,19.784,36.748,223.7,0.13,0.0,26.79,4.49,0.012,7.1,8.22
2021,3,18,77,0.9700639218515071,0.2428497220959356,77.8,0.243,19.79,36.748,223.4,0.12,0.0,26.25,5.15,0.009,5.3,2.34
2021,3,18,77,0.9700639218515071,0.2428497220959356,100.5,0.243,19.797,36.749,223.0,0.13,0.0,20.62,4.13,0.008,5.1,0.9
2021,3,18,77,0.9700639218515071,0.2428497220959356,118.1,0.253,19.799,36.749,222.9,0.14,0.0,19.7,3.35,0.009,4.8,0.94
2021,3,18,77,0.9700639218515071,0.2428497220959356,140.5,0.224,19.801,36.748,223.0,0.14,0.0,20.97,4.13,0.01,5.4,0.97
2021,4,29,119,0.8880573226294932,-0.45973273945210397,6.0,0.039,21.793,36.862,219.2,0.0,0.0,24.33,3.49,0.005,6.3,5.29
2021,4,29,119,0.8880573226294932,-0.45973273945210397,19.9,0.039,21.684,36.851,219.0,0.0,0.0,19.79,3.9,0.005,5.8,5.08
2021,4,29,119,0.8880573226294932,-0.45973273945210397,39.8,0.049,21.285,36.902,219.1,0.0,0.0,24.73,4.07,0.007,5.1,4.67
2021,4,29,119,0.8880573226294932,-0.45973273945210397,59.1,0.088,20.436,36.776,218.0,0.0,0.0,23.22,3.01,0.007,4.3,6.7
2021,4,29,119,0.8880573226294932,-0.45973273945210397,79.9,0.283,20.051,36.732,198.4,0.0,0.0,23.33,4.67,0.009,3.3,4.62
2021,4,29,119,0.8880573226294932,-0.45973273945210397,100.4,0.078,19.784,36.702,198.4,1.1,0.0,13.48,3.31,0.004,3.1,0.62
2021,4,29,119,0.8880573226294932,-0.45973273945210397,120.6,0.049,19.584,36.689,209.1,1.27,0.0,8.66,1.3,0.004,2.2,0.56
2021,4,29,119,0.8880573226294932,-0.45973273945210397,141.3,0.039,19.5,36.691,202.4,1.75,0.05,10.15,1.77,0.003,2.7,0.12
2021,5,14,134,0.7412220108485958,-0.6712599575675313,5.8,0.039,21.937,36.596,220.1,0.0,0.0,34.16,6.45,0.011,3.3,10.05
2021,5,14,134,0.7412220108485958,-0.6712599575675313,19.8,0.039,21.766,36.781,222.4,0.0,0.0,31.37,5.3,0.01,3.8,5.62
2021,5,14,134,0.7412220108485958,-0.6712599575675313,39.9,0.049,20.732,36.838,224.4,0.0,0.0,31.65,5.43,0.011,4.0,4.97
2021,5,14,134,0.7412220108485958,-0.6712599575675313,60.2,0.078,20.288,36.799,224.7,0.0,0.0,32.93,5.67,0.01,4.3,3.95
2021,5,14,134,0.7412220108485958,-0.6712599575675313,80.1,0.146,20.165,36.799,220.9,0.0,0.0,26.91,7.91,0.013,3.6,2.14
2021,5,14,134,0.7412220108485958,-0.6712599575675313,99.0,0.224,20.019,36.785,218.4,0.34,0.0,29.57,5.92,0.011,3.8,1.75
2021,5,14,134,0.7412220108485958,-0.6712599575675313,120.2,0.107,19.827,36.751,212.6,1.02,0.0,12.62,3.28,0.007,2.8,0.11
2021,5,14,134,0.7412220108485958,-0.6712599575675313,140.1,0.068,19.608,36.71,209.8,1.55,0.06,11.55,1.58,0.005,1.7,0.19
2021,6,16,167,0.26366549272800704,-0.9646141756912435,4.4,0.02,25.666,36.974,207.7,0.0,0.0,47.39,4.04,0.006,3.6,3.77
2021,6,16,167,0.26366549272800704,-0.9646141756912435,19.0,0.02,25.59,36.963,207.5,0.0,0.0,32.33,3.8,0.006,3.5,4.09
2021,6,16,167,0.26366549272800704,-0.9646141756912435,39.9,0.02,22.37,36.761,222.9,0.0,0.0,32.52,4.96,0.008,3.7,3.84
2021,6,16,167,0.26366549272800704,-0.9646141756912435,61.3,0.049,21.434,36.838,228.1,0.0,0.0,37.54,6.11,0.01,4.2,3.16
2021,6,16,167,0.26366549272800704,-0.9646141756912435,80.1,0.098,20.84,36.787,213.6,0.29,0.0,35.69,6.54,0.01,6.4,1.59
2021,6,16,167,0.26366549272800704,-0.9646141756912435,99.2,0.263,20.272,36.764,220.3,0.0,0.0,47.34,9.48,0.023,5.1,0.8
2021,6,16,167,0.26366549272800704,-0.9646141756912435,119.9,0.175,19.821,36.711,204.1,0.0,0.0,28.21,5.63,0.014,3.2,0.67
2021,6,16,167,0.26366549272800704,-0.9646141756912435,139.9,0.078,19.567,36.694,210.1,1.71,0.07,15.24,2.93,0.007,2.9,-0.23
2021,7,10,191,-0.14579919691987442,-0.9893142039703664,4.1,0.049,26.809,36.561,201.4,0.0,0.0,25.22,3.09,0.006,4.1,5.69
2021,7,10,191,-0.14579919691987442,-0.9893142039703664,19.8,0.049,27.098,37.006,203.6,0.0,0.0,25.74,3.62,0.006,3.7,4.43
2021,7,10,191,-0.14579919691987442,-0.9893142039703664,39.7,0.078,23.838,36.849,221.9,0.0,0.0,34.32,4.39,0.01,4.1,4.75
2021,7,10,191,-0.14579919691987442,-0.9893142039703664,59.7,0.098,22.059,36.746,228.7,0.0,0.0,39.54,3.97,0.009,6.1,4.55
2021,7,10,191,-0.14579919691987442,-0.9893142039703664,79.9,0.234,20.928,36.745,224.3,0.0,0.0,27.7,4.45,0.009,6.2,4.96
2021,7,10,191,-0.14579919691987442,-0.9893142039703664,100.3,0.566,20.188,36.684,213.6,0.0,0.0,29.02,5.74,0.013,6.4,2.87
2021,7,10,191,-0.14579919691987442,-0.9893142039703664,119.9,0.244,19.741,36.651,207.6,0.0,0.0,12.56,2.54,0.004,3.3,0.96
2021,7,10,191,-0.14579919691987442,-0.9893142039703664,139.4,0.078,19.407,36.657,200.1,2.32,0.1,8.03,1.77,0.004,3.0,-0.16
2021,8,20,232,-0.7526668275320083,-0.6584015846980489,4.3,0.088,28.086,36.594,199.1,0.0,0.0,24.33,3.27,0.007,4.4,4.72
2021,8,20,232,-0.7526668275320083,-0.6584015846980489,20.6,0.059,27.951,36.51,199.4,0.0,0.0,22.04,3.71,0.007,4.0,5.71
2021,8,20,232,-0.7526668275320083,-0.6584015846980489,39.8,0.088,24.048,36.688,209.0,0.0,0.0,32.52,4.54,0.011,4.6,5.02
2021,8,20,232,-0.7526668275320083,-0.6584015846980489,59.6,0.185,22.243,36.734,232.5,0.0,0.0,30.56,5.04,0.01,4.6,4.55
2021,8,20,232,-0.7526668275320083,-0.6584015846980489,79.8,0.283,21.03,36.704,222.0,0.0,0.0,22.76,3.65,0.01,5.0,2.97
2021,8,20,232,-0.7526668275320083,-0.6584015846980489,99.6,0.371,20.208,36.666,205.3,0.63,0.0,18.99,4.09,0.009,4.8,2.31
2021,8,20,232,-0.7526668275320083,-0.6584015846980489,120.2,0.185,19.792,36.673,198.5,0.15,0.0,12.5,2.63,0.005,3.2,0.85
2021,8,20,232,-0.7526668275320083,-0.6584015846980489,140.3,0.117,19.468,36.671,198.0,2.61,0.11,8.79,1.87,0.004,3.2,0.19
2021,9,13,256,-0.9536809966304455,-0.300819807635668,60.7,0.137,24.795,36.957,236.2,0.0,0.0,28.68,4.44,0.012,5.6,2.43
2021,9,13,256,-0.9536809966304455,-0.300819807635668,80.0,0.185,22.218,36.734,233.4,0.0,0.0,25.1,3.58,0.009,5.7,1.6
2021,9,13,256,-0.9536809966304455,-0.300819807635668,100.3,0.322,21.598,36.822,227.1,0.0,0.0,19.95,3.21,0.009,5.2,1.64
2021,9,13,256,-0.9536809966304455,-0.300819807635668,120.3,0.293,20.642,36.753,210.6,0.08,0.0,18.7,3.27,0.006,4.9,0.9
2021,9,13,256,-0.9536809966304455,-0.300819807635668,140.8,0.195,20.073,36.729,202.3,0.61,0.0,12.0,1.97,0.005,4.4,0.27
2021,10,6,279,-0.9959189961471792,0.0902516100310407,5.5,0.059,27.468,36.921,199.3,0.0,0.0,23.2,3.08,0.005,3.8,3.69
2021,10,6,279,-0.9959189961471792,0.0902516100310407,19.4,0.059,27.469,36.922,199.4,0.0,0.0,20.52,2.34,0.006,3.4,4.58
2021,10,6,279,-0.9959189961471792,0.0902516100310407,38.5,0.068,27.469,36.92,199.3,0.0,0.0,26.39,3.39,0.006,3.5,4.19
2021,10,6,279,-0.9959189961471792,0.0902516100310407,59.9,0.146,24.188,36.837,232.7,0.0,0.0,24.68,3.87,0.009,4.1,3.95
2021,10,6,279,-0.9959189961471792,0.0902516100310407,80.4,0.185,22.014,36.77,231.2,0.0,0.0,22.06,4.36,0.008,4.3,3.05
2021,10,6,279,-0.9959189961471792,0.0902516100310407,100.1,0.263,20.266,36.74,219.1,0.0,0.0,19.91,2.77,0.009,4.1,1.58
2021,10,6,279,-0.9959189961471792,0.0902516100310407,119.5,0.166,20.217,36.725,205.7,0.49,0.0,14.05,2.34,0.006,4.2,0.58
2021,10,6,279,-0.9959189961471792,0.0902516100310407,141.9,0.107,19.679,36.695,205.0,0.83,0.04,9.58,1.61,0.004,3.2,0.41
2021,11,18,322,-0.6744436188329457,0.7383263540031063,4.4,0.127,24.273,36.512,208.0,0.0,0.0,25.33,3.73,0.007,5.9,6.11
2021,11,18,322,-0.6744436188329457,0.7383263540031063,20.1,0.117,24.275,36.512,207.8,0.0,0.0,19.35,3.37,0.007,6.6,6.35
2021,11,18,322,-0.6744436188329457,0.7383263540031063,40.0,0.127,24.272,36.512,207.7,0.0,0.0,20.27,3.19,0.008,6.1,3.87
2021,11,18,322,-0.6744436188329457,0.7383263540031063,59.0,0.137,24.284,36.513,207.8,0.0,0.0,19.78,3.25,0.008,6.1,2.72
2021,11,18,322,-0.6744436188329457,0.7383263540031063,79.5,0.146,23.823,36.694,206.6,0.0,0.0,20.57,3.31,0.007,7.1,2.15
2021,11,18,322,-0.6744436188329457,0.7383263540031063,99.6,0.253,22.438,36.789,202.3,0.52,0.06,15.96,2.89,0.007,3.6,0.44
2021,11,18,322,-0.6744436188329457,0.7383263540031063,120.0,0.146,20.967,36.745,202.7,0.47,0.04,13.25,2.4,0.004,3.8,0.7
2021,11,18,322,-0.6744436188329457,0.7383263540031063,140.5,0.068,20.048,36.699,199.1,1.52,0.05,8.12,1.61,0.004,3.3,0.24
2021,12,14,348,-0.2884824328806098,0.9574851883550389,4.3,0.127,22.532,36.567,211.1,0.0,0.0,20.33,3.02,0.007,6.1,14.43
2021,12,14,348,-0.2884824328806098,0.9574851883550389,19.4,0.302,22.541,36.567,211.0,0.0,0.0,26.33,5.39,0.011,6.7,11.88
2021,12,14,348,-0.2884824328806098,0.9574851883550389,39.3,0.361,22.552,36.567,212.8,0.0,0.0,30.26,5.99,0.011,6.5,6.86
2021,12,14,348,-0.2884824328806098,0.9574851883550389,58.8,0.341,22.553,36.567,212.6,0.06,0.0,23.72,5.04,0.01,6.3,2.43
2021,12,14,348,-0.2884824328806098,0.9574851883550389,80.0,0.234,22.447,36.58,211.3,0.0,0.06,16.66,3.2,0.01,4.3,0.61
2021,12,14,348,-0.2884824328806098,0.9574851883550389,99.9,0.107,22.352,36.586,210.8,0.16,0.0,14.95,3.02,0.008,4.5,-0.09
2021,12,14,348,-0.2884824328806098,0.9574851883550389,118.7,0.049,22.27,36.617,203.3,0.69,0.0,12.7,2.73,0.007,3.7,0.1
2021,12,14,348,-0.2884824328806098,0.9574851883550389,141.1,0.019,21.527,36.77,190.0,1.84,0.07,8.23,2.54,0.003,3.1,0.11
2022,1,13,13,0.2219215130041655,0.9750645322571948,5.4,0.127,22.942,36.904,211.6,0.0,0.0,20.19,3.25,0.006,6.4,3.33
2022,1,13,13,0.2219215130041655,0.9750645322571948,19.2,0.117,22.941,36.903,211.5,0.0,0.0,17.06,2.7,0.006,6.5,3.33
2022,1,13,13,0.2219215130041655,0.9750645322571948,39.3,0.127,22.943,36.903,211.4,0.0,0.0,19.63,3.13,0.006,6.3,3.31
2022,1,13,13,0.2219215130041655,0.9750645322571948,59.4,0.127,22.953,36.903,211.6,0.0,0.0,19.36,2.94,0.006,6.4,2.01
2022,1,13,13,0.2219215130041655,0.9750645322571948,79.8,0.127,22.955,36.902,211.4,0.0,0.0,18.56,3.06,0.005,6.6,1.39
2022,1,13,13,0.2219215130041655,0.9750645322571948,98.9,0.146,22.939,36.901,211.6,0.0,0.0,18.03,2.82,0.006,6.7,0.41
2022,1,13,13,0.2219215130041655,0.9750645322571948,119.3,0.224,20.948,36.794,211.4,0.43,0.0,16.6,3.06,0.006,6.8,0.66
2022,1,13,13,0.2219215130041655,0.9750645322571948,139.3,0.097,20.36,36.753,203.4,0.24,0.0,10.96,2.09,0.004,5.7,0.15
2022,4,7,97,0.9951053111006976,-0.09882013873287143,4.6,0.107,21.033,36.637,221.1,0.0,0.0,36.6,6.04,0.012,6.3,10.46
2022,4,7,97,0.9951053111006976,-0.09882013873287143,19.7,0.107,20.82,36.629,222.2,0.0,0.0,36.49,5.73,0.013,5.8,11.49
2022,4,7,97,0.9951053111006976,-0.09882013873287143,40.2,0.097,20.337,36.703,225.9,0.0,0.0,32.5,4.81,0.01,5.1,7.13
2022,4,7,97,0.9951053111006976,-0.09882013873287143,80.0,0.322,20.102,36.685,222.4,0.15,0.0,29.79,6.04,0.012,3.3,5.61
2022,4,7,97,0.9951053111006976,-0.09882013873287143,98.9,0.273,19.955,36.67,218.3,0.64,0.0,21.69,4.69,0.011,3.1,1.71
2022,4,7,97,0.9951053111006976,-0.09882013873287143,120.0,0.166,19.92,36.671,217.6,0.77,0.0,11.86,2.66,0.009,2.2,0.46
2022,4,7,97,0.9951053111006976,-0.09882013873287143,140.5,0.068,19.904,36.678,217.4,0.75,0.0,10.3,2.05,0.005,2.7,0.05
2022,5,2,122,0.8631421280499114,-0.5049610547215204,4.4,0.068,20.787,36.768,221.7,0.0,0.0,25.78,3.57,0.006,5.0,4.23
2022,5,2,122,0.8631421280499114,-0.5049610547215204,19.7,0.088,20.797,36.768,222.4,0.0,0.0,24.62,4.16,0.009,4.8,5.56
2022,5,2,122,0.8631421280499114,-0.5049610547215204,39.6,0.097,20.797,36.768,222.8,0.0,0.0,27.21,4.45,0.009,4.7,3.85
2022,5,2,122,0.8631421280499114,-0.5049610547215204,61.5,0.088,20.8,36.768,222.4,0.0,0.0,25.84,4.7,0.009,4.3,4.32
2022,5,2,122,0.8631421280499114,-0.5049610547215204,80.4,0.107,20.767,36.763,222.3,0.0,0.0,27.17,5.4,0.008,4.3,2.69
2022,5,2,122,0.8631421280499114,-0.5049610547215204,100.0,0.341,20.282,36.707,222.4,0.06,0.0,22.6,5.34,0.008,4.3,3.86
2022,5,2,122,0.8631421280499114,-0.5049610547215204,121.7,0.185,19.998,36.685,219.9,0.93,0.0,12.71,3.8,0.006,3.2,0.58
2022,5,2,122,0.8631421280499114,-0.5049610547215204,140.5,0.058,19.907,36.679,215.1,0.89,0.0,7.68,2.68,0.004,2.8,0.58
2022,5,24,144,0.6152845999633276,-0.7883050558305255,4.5,0.029,24.192,36.826,210.4,0.0,0.0,22.66,3.29,0.006,3.7,4.48
2022,5,24,144,0.6152845999633276,-0.7883050558305255,19.7,0.029,23.506,36.891,214.7,0.0,0.0,17.99,2.38,0.006,4.0,3.74
2022,5,24,144,0.6152845999633276,-0.7883050558305255,40.5,0.029,23.05,36.988,216.3,0.0,0.0,20.89,2.74,0.006,3.9,3.33
2022,5,24,144,0.6152845999633276,-0.7883050558305255,60.5,0.059,22.42,36.945,217.0,0.0,0.0,19.95,3.11,0.007,4.0,3.1
2022,5,24,144,0.6152845999633276,-0.7883050558305255,81.2,0.078,21.26,36.765,216.6,0.0,0.0,23.92,3.83,0.008,4.5,3.04
2022,5,24,144,0.6152845999633276,-0.7883050558305255,98.6,0.117,21.091,36.789,223.0,0.0,0.0,22.1,3.23,0.007,3.9,2.17
2022,5,24,144,0.6152845999633276,-0.7883050558305255,119.7,0.205,20.423,36.712,215.2,0.2,0.0,17.67,3.28,0.009,4.0,1.72
2022,5,24,144,0.6152845999633276,-0.7883050558305255,141.7,0.214,20.076,36.697,214.4,0.17,0.0,13.53,2.74,0.006,3.9,1.0
2022,6,29,180,0.04302223300453059,-0.99907411510223,4.7,0.049,24.415,36.409,211.7,0.0,0.0,29.48,3.19,0.008,4.7,5.12
2022,6,29,180,0.04302223300453059,-0.99907411510223,19.0,0.049,24.178,36.608,210.5,0.0,0.0,26.12,3.8,0.008,5.0,4.55
2022,6,29,180,0.04302223300453059,-0.99907411510223,39.5,0.088,22.136,36.645,220.7,0.0,0.0,32.12,4.82,0.01,5.4,5.23
2022,6,29,180,0.04302223300453059,-0.99907411510223,60.6,0.136,20.668,36.688,224.7,0.0,0.0,24.13,3.61,0.01,5.8,6.68
2022,6,29,180,0.04302223300453059,-0.99907411510223,79.8,0.214,20.373,36.685,218.1,0.0,0.0,26.68,3.91,0.009,6.2,3.86
2022,6,29,180,0.04302223300453059,-0.99907411510223,99.4,0.146,20.193,36.691,216.4,0.58,0.0,17.82,3.43,0.006,4.9,1.14
2022,6,29,180,0.04302223300453059,-0.99907411510223,119.9,0.049,20.011,36.692,210.6,0.81,0.0,11.63,1.73,0.007,3.4,-0.18
2022,6,29,180,0.04302223300453059,-0.99907411510223,140.3,0.029,19.923,36.693,210.6,1.01,0.04,9.22,1.68,0.004,2.5,-0.8
2022,7,15,196,-0.23030567023061196,-0.973118337233262,4.7,0.029,26.493,36.325,205.6,0.0,0.0,26.76,3.78,0.006,3.0,4.41
2022,7,15,196,-0.23030567023061196,-0.973118337233262,19.5,0.039,25.81,36.354,217.6,0.0,0.0,36.12,5.53,0.009,4.3,3.7
2022,7,15,196,-0.23030567023061196,-0.973118337233262,40.8,0.059,22.617,36.55,224.9,0.0,0.0,35.35,5.35,0.009,4.2,5.07
2022,7,15,196,-0.23030567023061196,-0.973118337233262,60.4,0.098,20.975,36.679,227.6,0.0,0.0,34.47,5.4,0.01,4.2,4.26
2022,7,15,196,-0.23030567023061196,-0.973118337233262,79.1,0.146,20.237,36.687,225.9,0.0,0.0,31.46,5.34,0.011,4.8,2.74
2022,7,15,196,-0.23030567023061196,-0.973118337233262,100.3,0.292,19.657,36.664,218.1,0.72,0.0,26.83,4.92,0.009,4.5,1.99
2022,7,15,196,-0.23030567023061196,-0.973118337233262,120.1,0.166,19.439,36.655,213.1,0.85,0.0,16.24,3.3,0.005,2.8,0.39
2022,7,15,196,-0.23030567023061196,-0.973118337233262,139.9,0.049,19.374,36.666,210.9,1.4,0.04,11.99,2.83,0.004,2.4,-0.41
2022,8,14,226,-0.6807734094770159,-0.7324940716135792,4.3,0.049,29.324,36.449,196.9,0.0,0.0,21.73,3.49,0.005,4.9,5.7
2022,8,14,226,-0.6807734094770159,-0.7324940716135792,20.1,0.049,27.012,36.417,210.7,0.0,0.0,22.71,3.36,0.007,4.8,5.97
2022,8,14,226,-0.6807734094770159,-0.7324940716135792,40.9,0.068,23.703,36.709,226.1,0.0,0.0,30.14,4.41,0.009,4.6,5.6
2022,8,14,226,-0.6807734094770159,-0.7324940716135792,60.3,0.107,21.53,36.73,232.9,0.0,0.0,29.31,4.65,0.011,5.6,4.49
2022,8,14,226,-0.6807734094770159,-0.7324940716135792,80.1,0.195,20.16,36.69,224.1,0.1,0.0,28.83,4.9,0.01,5.4,3.54
2022,8,14,226,-0.6807734094770159,-0.7324940716135792,100.1,0.312,19.828,36.685,215.8,0.0,0.0,33.36,6.37,0.009,5.7,2.97
2022,8,14,226,-0.6807734094770159,-0.7324940716135792,120.2,0.234,19.442,36.666,214.9,0.75,0.0,12.66,2.5,0.007,3.8,0.45
2022,8,14,226,-0.6807734094770159,-0.7324940716135792,143.3,0.117,19.313,36.662,207.7,1.25,0.0,10.68,2.09,0.005,3.1,-0.47
2022,9,17,260,-0.9721181966290612,-0.23449138957041052,5.7,0.039,26.899,36.553,204.1,0.0,0.0,17.97,2.61,0.006,5.2,3.59
2022,9,17,260,-0.9721181966290612,-0.23449138957041052,20.5,0.049,26.574,36.556,209.4,0.0,0.0,16.57,2.74,0.008,5.3,2.23
2022,9,17,260,-0.9721181966290612,-0.23449138957041052,39.9,0.039,26.115,36.594,211.6,0.0,0.0,21.28,3.28,0.007,5.4,4.47
2022,9,17,260,-0.9721181966290612,-0.23449138957041052,60.1,0.068,23.54,36.664,218.9,0.0,0.0,20.52,2.92,0.009,5.6,3.6
2022,9,17,260,-0.9721181966290612,-0.23449138957041052,80.1,0.088,20.209,36.699,222.6,0.0,0.0,21.96,4.26,0.008,5.5,3.58
2022,9,17,260,-0.9721181966290612,-0.23449138957041052,100.1,0.215,19.903,36.694,205.1,0.7,0.0,23.04,4.38,0.005,3.5,1.99
2022,9,17,260,-0.9721181966290612,-0.23449138957041052,119.4,0.098,19.664,36.687,194.9,1.66,0.0,14.17,2.79,0.006,2.7,0.11
2022,9,17,260,-0.9721181966290612,-0.23449138957041052,140.2,0.068,19.392,36.667,202.4,2.11,0.07,10.35,2.06,0.003,2.1,-0.25
2022,11,25,329,-0.5808002734538013,0.8140460935082175,6.1,0.107,24.82,36.635,206.8,0.0,0.0,20.27,3.25,0.006,4.1,3.61
2022,11,25,329,-0.5808002734538013,0.8140460935082175,20.4,0.117,24.831,36.634,206.7,0.0,0.0,18.69,3.13,0.006,4.1,4.56
2022,11,25,329,-0.5808002734538013,0.8140460935082175,39.5,0.127,24.834,36.637,206.5,0.1,0.0,22.69,3.67,0.006,4.2,3.41
2022,11,25,329,-0.5808002734538013,0.8140460935082175,59.9,0.127,24.845,36.638,206.7,0.0,0.0,18.94,3.49,0.005,4.5,2.77
2022,11,25,329,-0.5808002734538013,0.8140460935082175,80.2,0.283,22.527,36.689,217.8,0.0,0.0,18.35,3.85,0.007,3.5,1.91
2022,11,25,329,-0.5808002734538013,0.8140460935082175,100.9,0.175,21.07,36.704,212.6,0.0,0.0,12.7,1.2,0.005,3.2,0.59
2022,11,25,329,-0.5808002734538013,0.8140460935082175,119.5,0.097,20.477,36.746,205.8,0.2,0.0,7.97,1.38,0.003,2.2,0.4
2022,11,25,329,-0.5808002734538013,0.8140460935082175,140.3,0.049,19.944,36.703,200.7,1.0,0.0,8.18,2.1,0.003,1.8,0.27
2022,12,16,350,-0.2553532951161881,0.9668478136052773,6.1,0.136,22.657,36.636,211.6,0.0,0.0,22.06,3.88,0.007,5.0,8.12
2022,12,16,350,-0.2553532951161881,0.9668478136052773,20.0,0.117,22.66,36.635,211.3,0.0,0.0,20.02,4.23,0.007,3.6,8.92
2022,12,16,350,-0.2553532951161881,0.9668478136052773,39.1,0.156,22.637,36.628,211.5,0.0,0.0,19.97,4.06,0.007,3.8,4.82
2022,12,16,350,-0.2553532951161881,0.9668478136052773,61.5,0.175,22.645,36.628,211.3,0.0,0.0,23.38,4.65,0.008,3.8,2.01
2022,12,16,350,-0.2553532951161881,0.9668478136052773,79.7,0.127,22.639,36.625,211.3,0.0,0.0,19.13,4.53,0.007,4.0,-1.46
2022,12,16,350,-0.2553532951161881,0.9668478136052773,101.8,0.195,22.558,36.626,209.2,0.17,0.0,20.49,4.0,0.009,4.1,-0.67
2022,12,16,350,-0.2553532951161881,0.9668478136052773,122.5,0.029,20.726,36.731,203.9,0.7,0.0,12.79,3.1,0.004,3.9,-0.59
2022,12,16,350,-0.2553532951161881,0.9668478136052773,137.4,0.019,20.1,36.701,201.8,1.2,0.0,12.1,2.56,0.004,3.4,-2.18
2023,1,12,12,0.2051044998686192,0.9787400799669153,4.3,0.088,21.548,36.699,215.3,0.0,0.0,16.23,2.43,0.006,4.3,7.28
2023,1,12,12,0.2051044998686192,0.9787400799669153,19.9,0.117,21.779,36.723,215.1,0.0,0.0,18.4,3.35,0.008,5.2,6.41
2023,1,12,12,0.2051044998686192,0.9787400799669153,39.9,0.156,21.771,36.722,215.1,0.0,0.0,17.44,3.11,0.006,5.0,5.18
2023,1,12,12,0.2051044998686192,0.9787400799669153,59.9,0.156,21.763,36.721,215.2,0.0,0.0,16.11,3.85,0.006,4.9,4.87
2023,1,12,12,0.2051044998686192,0.9787400799669153,80.0,0.166,21.812,36.708,215.1,0.0,0.0,17.03,3.66,0.007,4.5,1.31
2023,1,12,12,0.2051044998686192,0.9787400799669153,99.1,0.146,21.757,36.721,215.1,0.34,0.0,16.99,3.6,0.009,4.5,-0.2
2023,1,12,12,0.2051044998686192,0.9787400799669153,118.9,0.107,20.401,36.709,212.7,0.49,0.0,8.2,1.5,0.004,4.5,0.08
2023,1,12,12,0.2051044998686192,0.9787400799669153,141.1,0.049,19.845,36.692,201.8,0.99,0.0,6.08,0.52,0.003,4.5,-0.4
2023,2,5,36,0.5808002734538009,0.8140460935082178,4.2,0.146,20.696,36.634,219.6,0.06,0.0,19.79,4.21,0.008,5.3,3.96
2023,2,5,36,0.5808002734538009,0.8140460935082178,19.2,0.185,20.691,36.671,219.4,0.05,0.0,23.5,3.97,0.008,5.5,7.19
2023,2,5,36,0.5808002734538009,0.8140460935082178,39.3,0.185,20.704,36.673,219.4,0.06,0.0,25.15,3.97,0.008,4.8,4.3
2023,2,5,36,0.5808002734538009,0.8140460935082178,61.6,0.205,20.711,36.673,219.4,0.07,0.0,26.08,4.45,0.008,4.5,4.55
2023,2,5,36,0.5808002734538009,0.8140460935082178,78.9,0.146,20.729,36.677,220.1,0.06,0.0,21.59,3.66,0.009,4.7,0.28
2023,2,5,36,0.5808002734538009,0.8140460935082178,100.5,0.146,20.72,36.673,219.2,0.09,0.0,19.92,3.84,0.007,4.7,-0.22
2023,2,5,36,0.5808002734538009,0.8140460935082178,121.6,0.205,20.64,36.653,215.1,0.39,0.0,19.47,3.78,0.01,4.4,-1.24
2023,2,5,36,0.5808002734538009,0.8140460935082178,143.1,0.039,20.299,36.692,201.1,1.33,0.04,10.95,1.53,0.004,3.6,0.21
2023,3,20,79,0.9778483415056568,0.20931464596304847,4.8,0.107,20.463,36.761,219.8,0.39,0.0,30.5,6.62,0.008,5.8,5.38
2023,3,20,79,0.9778483415056568,0.20931464596304847,21.1,0.166,20.436,36.761,219.8,0.37,0.0,29.68,6.31,0.009,5.6,6.63
2023,3,20,79,0.9778483415056568,0.20931464596304847,39.0,0.107,20.441,36.761,219.7,0.09,0.0,29.9,6.01,0.01,5.5,6.28
2023,3,20,79,0.9778483415056568,0.20931464596304847,59.5,0.195,20.446,36.762,219.6,0.41,0.0,32.48,6.01,0.01,5.9,4.13
2023,3,20,79,0.9778483415056568,0.20931464596304847,80.2,0.205,20.448,36.762,219.4,0.0,0.0,26.52,4.8,0.009,6.1,1.55
2023,3,20,79,0.9778483415056568,0.20931464596304847,99.2,0.205,20.422,36.761,219.0,0.08,0.0,31.54,5.5,0.009,5.6,0.3
2023,3,20,79,0.9778483415056568,0.20931464596304847,119.2,0.097,20.351,36.751,218.4,0.16,0.0,33.36,5.34,0.009,5.2,0.85
2023,3,20,79,0.9778483415056568,0.20931464596304847,139.8,0.088,20.33,36.749,218.4,0.16,0.0,34.67,5.63,0.009,5.2,-0.97
2023,4,15,105,0.9721181966290613,-0.23449138957040985,4.7,0.068,21.186,36.742,225.6,0.0,0.0,35.21,4.69,0.009,5.3,6.95
2023,4,15,105,0.9721181966290613,-0.23449138957040985,20.3,0.068,20.884,36.706,224.4,0.0,0.0,31.39,5.48,0.009,4.5,5.7
2023,4,15,105,0.9721181966290613,-0.23449138957040985,39.3,0.078,20.788,36.729,224.8,0.0,0.0,30.55,4.87,0.009,5.2,5.5
2023,4,15,105,0.9721181966290613,-0.23449138957040985,59.8,0.078,20.258,36.726,225.0,0.0,0.0,38.77,5.48,0.012,7.4,5.99
2023,4,15,105,0.9721181966290613,-0.23449138957040985,79.2,0.244,20.064,36.718,226.2,0.38,0.0,31.71,5.59,0.014,6.5,3.52
2023,4,15,105,0.9721181966290613,-0.23449138957040985,119.7,0.156,19.972,36.725,222.0,0.13,0.0,17.7,3.31,0.01,6.4,0.93
2023,4,15,105,0.9721181966290613,-0.23449138957040985,140.1,0.088,19.881,36.712,221.0,0.4,0.0,24.04,1.63,0.007,6.3,0.88
2023,5,13,133,0.7526668275320085,-0.6584015846980488,3.4,0.039,22.122,36.861,218.4,0.0,0.0,37.37,3.46,0.006,4.9,3.38
2023,5,13,133,0.7526668275320085,-0.6584015846980488,19.7,0.049,22.119,36.858,218.1,0.0,0.0,27.68,3.81,0.007,4.9,4.41
2023,5,13,133,0.7526668275320085,-0.6584015846980488,39.6,0.058,22.126,36.86,218.1,0.0,0.0,39.99,5.92,0.006,3.7,3.47
2023,5,13,133,0.7526668275320085,-0.6584015846980488,60.2,0.078,20.996,36.788,225.1,0.0,0.0,29.82,4.57,0.009,4.9,3.37
2023,5,13,133,0.7526668275320085,-0.6584015846980488,80.4,0.078,20.456,36.731,222.0,0.0,0.0,26.69,4.45,0.008,6.3,3.81
2023,5,13,133,0.7526668275320085,-0.6584015846980488,100.4,0.438,20.032,36.701,218.7,0.23,0.0,30.25,5.15,0.01,5.5,3.08
2023,5,13,133,0.7526668275320085,-0.6584015846980488,120.0,0.283,19.876,36.693,214.7,0.67,0.0,26.1,3.69,0.008,5.1,0.91
2023,5,13,133,0.7526668275320085,-0.6584015846980488,141.7,0.117,19.634,36.677,210.7,1.02,0.0,12.15,2.76,0.005,2.7,-0.87
