year,month,day,day_of_year,sin_doy,cos_doy,Depth,Temp,O2,NO3,PO4,PP
1988,12,18,353,-0.20510449986861926,0.9787400799669153,5.0,21.45,204.4,0.0,0.0,6.15
1988,12,18,353,-0.20510449986861926,0.9787400799669153,50.0,21.799,203.2,0.0,0.0,2.15
1988,12,18,353,-0.20510449986861926,0.9787400799669153,75.0,21.57,203.2,0.06,0.0,0.29
1988,12,18,353,-0.20510449986861926,0.9787400799669153,100.0,19.736,194.5,0.23,0.03,2.85
1988,12,18,353,-0.20510449986861926,0.9787400799669153,120.0,19.44,190.7,0.58,0.0,0.16
1989,1,27,27,0.4482293417404106,0.893918596519257,18.0,20.853,217.6,0.07,0.0,3.78
1989,1,27,27,0.4482293417404106,0.893918596519257,41.0,20.784,229.5,0.06,0.04,3.5
1989,1,27,27,0.4482293417404106,0.893918596519257,62.0,20.885,231.6,0.12,0.03,2.02
1989,1,27,27,0.4482293417404106,0.893918596519257,81.0,20.772,226.5,0.07,0.03,0.77
1989,1,27,27,0.4482293417404106,0.893918596519257,102.0,20.768,224.8,0.21,0.06,0.49
1989,2,19,50,0.7583058084785624,0.6518989958787126,20.0,19.438,236.2,0.3,0.03,8.11
1989,2,19,50,0.7583058084785624,0.6518989958787126,47.0,19.416,229.8,0.62,0.0,1.84
1989,2,19,50,0.7583058084785624,0.6518989958787126,100.0,19.382,228.6,0.85,0.0,0.12
1989,3,26,85,0.994217906893952,0.10738134666416309,4.0,20.805,233.4,0.18,0.0,4.02
1989,3,26,85,0.994217906893952,0.10738134666416309,15.0,20.931,232.5,0.14,0.0,2.85
1989,3,26,85,0.994217906893952,0.10738134666416309,25.0,20.582,234.2,0.27,0.0,3.8
1989,3,26,85,0.994217906893952,0.10738134666416309,35.0,20.449,234.6,0.2,0.0,3.54
1989,3,26,85,0.994217906893952,0.10738134666416309,53.0,20.36,232.4,0.15,0.0,2.96
1989,3,26,85,0.994217906893952,0.10738134666416309,70.0,19.801,233.7,0.0,0.0,0.4
1989,4,17,107,0.9634705485641488,-0.2678143051621742,5.0,20.961,233.4,0.0,0.0,3.57
1989,4,17,107,0.9634705485641488,-0.2678143051621742,17.0,20.976,232.1,0.0,0.0,3.5
1989,4,17,107,0.9634705485641488,-0.2678143051621742,32.0,20.744,232.1,0.0,0.0,2.49
1989,4,17,107,0.9634705485641488,-0.2678143051621742,50.0,20.3,239.7,0.0,0.0,2.45
1989,4,17,107,0.9634705485641488,-0.2678143051621742,64.0,19.677,240.1,0.0,0.0,2.14
1989,4,17,107,0.9634705485641488,-0.2678143051621742,75.0,19.514,230.7,0.05,0.0,3.16
1989,5,16,136,0.717676913675962,-0.6963762255968722,3.0,22.533,218.6,0.06,0.0,2.42
1989,5,16,136,0.717676913675962,-0.6963762255968722,14.0,21.655,221.5,0.08,0.0,1.72
1989,5,16,136,0.717676913675962,-0.6963762255968722,25.0,21.035,225.3,0.0,0.0,0.86
1989,5,16,136,0.717676913675962,-0.6963762255968722,39.0,20.699,232.1,0.06,0.0,2.17
1989,5,16,136,0.717676913675962,-0.6963762255968722,67.0,19.521,225.2,0.05,0.0,1.83
1989,5,16,136,0.717676913675962,-0.6963762255968722,97.0,19.204,217.1,0.86,0.0,0.67
1989,6,22,173,0.16280701293851715,-0.986657932891657,16.0,24.266,215.4,0.0,0.0,4.38
1989,6,22,173,0.16280701293851715,-0.986657932891657,24.0,22.597,226.7,0.0,0.0,4.27
1989,6,22,173,0.16280701293851715,-0.986657932891657,39.0,21.209,230.9,0.0,0.0,1.86
1989,6,22,173,0.16280701293851715,-0.986657932891657,66.0,20.062,234.6,0.0,0.05,3.92
1989,7,20,201,-0.3131070409358267,-0.9497178427914317,1.0,27.084,200.8,0.0,0.0,4.06
1989,7,20,201,-0.3131070409358267,-0.9497178427914317,20.0,26.79,200.8,0.0,0.0,4.3
1989,7,20,201,-0.3131070409358267,-0.9497178427914317,40.0,22.67,222.4,0.0,0.0,3.76
1989,7,20,201,-0.3131070409358267,-0.9497178427914317,60.0,21.244,223.6,0.0,0.0,3.75
1989,7,20,201,-0.3131070409358267,-0.9497178427914317,80.0,20.371,215.0,0.53,0.0,3.61
1989,7,20,201,-0.3131070409358267,-0.9497178427914317,100.0,19.788,205.2,0.08,0.0,3.35
1989,8,16,228,-0.7055836101071774,-0.70862667826446,1.0,26.281,204.5,0.0,0.0,2.75
1989,8,16,228,-0.7055836101071774,-0.70862667826446,20.0,26.116,205.4,0.0,0.0,5.39
1989,8,16,228,-0.7055836101071774,-0.70862667826446,40.0,24.367,219.6,0.0,0.0,2.83
1989,8,16,228,-0.7055836101071774,-0.70862667826446,60.0,21.567,243.7,0.0,0.0,2.41
1989,8,16,228,-0.7055836101071774,-0.70862667826446,80.0,20.515,228.7,0.0,0.0,0.87
1989,8,16,228,-0.7055836101071774,-0.70862667826446,100.0,19.559,215.4,0.71,0.0,0.38
1989,8,16,228,-0.7055836101071774,-0.70862667826446,120.0,19.201,209.0,0.99,0.0,0.89
1989,8,16,228,-0.7055836101071774,-0.70862667826446,140.0,18.993,211.1,2.32,0.03,0.21
1989,10,20,293,-0.9455963874271428,0.3253420847119795,1.0,26.181,205.3,0.42,0.04,4.46
1989,10,20,293,-0.9455963874271428,0.3253420847119795,20.0,25.835,201.0,0.06,0.0,4.09
1989,10,20,293,-0.9455963874271428,0.3253420847119795,40.0,25.729,202.3,0.1,0.0,1.12
1989,10,20,293,-0.9455963874271428,0.3253420847119795,60.0,23.573,215.7,1.2,0.0,1.84
1989,10,20,293,-0.9455963874271428,0.3253420847119795,80.0,21.84,212.6,0.35,0.0,0.97
1989,10,20,293,-0.9455963874271428,0.3253420847119795,100.0,20.611,223.1,0.0,0.0,0.4
1989,10,20,293,-0.9455963874271428,0.3253420847119795,120.0,19.963,209.5,0.16,0.0,0.13
1989,10,20,293,-0.9455963874271428,0.3253420847119795,140.0,19.573,201.4,1.59,0.05,0.08
1990,1,16,16,0.2719581575341055,0.9623090774541486,1.0,21.732,215.5,0.07,0.0,3.88
1990,1,16,16,0.2719581575341055,0.9623090774541486,20.0,21.727,215.1,0.0,0.0,4.27
1990,1,16,16,0.2719581575341055,0.9623090774541486,40.0,21.731,214.2,0.0,0.0,3.56
1990,1,16,16,0.2719581575341055,0.9623090774541486,60.0,21.795,215.5,0.0,0.0,1.91
1990,1,16,16,0.2719581575341055,0.9623090774541486,80.0,21.552,213.3,0.1,0.0,0.73
1990,1,16,16,0.2719581575341055,0.9623090774541486,100.0,21.081,212.5,0.0,0.0,0.05
1990,1,16,16,0.2719581575341055,0.9623090774541486,120.0,20.836,213.3,0.14,0.0,0.27
1990,1,16,16,0.2719581575341055,0.9623090774541486,140.0,19.556,203.5,0.75,0.0,0.11
1990,2,16,47,0.7236440382959124,0.6901733882429719,1.0,21.07,221.4,0.0,0.0,4.89
1990,2,16,47,0.7236440382959124,0.6901733882429719,20.0,21.07,220.1,0.05,0.0,7.32
1990,2,16,47,0.7236440382959124,0.6901733882429719,40.0,21.07,220.2,0.06,0.0,6.6
1990,2,16,47,0.7236440382959124,0.6901733882429719,60.0,21.04,219.3,0.37,0.0,4.59
1990,2,16,47,0.7236440382959124,0.6901733882429719,80.0,21.04,219.3,0.08,0.0,2.44
1990,2,16,47,0.7236440382959124,0.6901733882429719,100.0,21.07,216.7,0.09,0.0,1.11
1990,2,16,47,0.7236440382959124,0.6901733882429719,120.0,21.05,216.3,0.11,0.0,0.45
1990,2,16,47,0.7236440382959124,0.6901733882429719,140.0,21.03,217.6,0.0,0.0,-0.04
1990,3,13,72,0.9455963874271426,0.3253420847119801,1.0,20.367,220.9,0.0,0.0,7.38
1990,3,13,72,0.9455963874271426,0.3253420847119801,20.0,20.338,221.8,0.0,0.0,8.6
1990,3,13,72,0.9455963874271426,0.3253420847119801,40.0,20.152,221.8,0.52,0.0,7.45
1990,3,13,72,0.9455963874271426,0.3253420847119801,60.0,20.14,220.5,0.0,0.0,3.95
1990,3,13,72,0.9455963874271426,0.3253420847119801,80.0,20.069,218.4,0.07,0.0,0.95
1990,3,13,72,0.9455963874271426,0.3253420847119801,100.0,20.031,219.2,0.1,0.0,0.34
1990,3,13,72,0.9455963874271426,0.3253420847119801,120.0,19.316,205.6,1.32,0.0,0.16
1990,3,13,72,0.9455963874271426,0.3253420847119801,140.0,18.925,204.3,2.06,0.0,0.19
1990,4,17,107,0.9634705485641488,-0.2678143051621742,1.0,21.891,224.9,0.04,0.0,13.18
1990,4,17,107,0.9634705485641488,-0.2678143051621742,20.0,21.696,224.9,0.05,0.0,14.03
1990,4,17,107,0.9634705485641488,-0.2678143051621742,40.0,21.51,223.6,0.06,0.0,9.69
1990,4,17,107,0.9634705485641488,-0.2678143051621742,60.0,21.172,222.7,0.0,0.0,3.47
1990,4,17,107,0.9634705485641488,-0.2678143051621742,80.0,20.877,220.2,0.25,0.0,0.3
1990,4,17,107,0.9634705485641488,-0.2678143051621742,100.0,19.707,205.2,2.13,0.07,0.34
1990,4,17,107,0.9634705485641488,-0.2678143051621742,120.0,19.992,205.2,2.13,0.07,0.08
1990,4,17,107,0.9634705485641488,-0.2678143051621742,140.0,19.115,226.4,0.99,0.0,0.07
1990,5,9,129,0.7961828637826158,-0.6050560696488488,1.0,21.89,222.3,0.05,0.0,4.63
1990,5,9,129,0.7961828637826158,-0.6050560696488488,20.0,21.19,221.8,0.05,0.0,4.74
1990,5,9,129,0.7961828637826158,-0.6050560696488488,40.0,20.682,225.0,0.06,0.0,4.18
1990,5,9,129,0.7961828637826158,-0.6050560696488488,60.0,20.018,226.1,0.05,0.0,3.3
1990,5,9,129,0.7961828637826158,-0.6050560696488488,80.0,19.998,225.6,0.08,0.0,1.86
1990,5,9,129,0.7961828637826158,-0.6050560696488488,100.0,18.899,207.7,1.58,0.0,0.9
1990,5,9,129,0.7961828637826158,-0.6050560696488488,120.0,18.841,211.9,1.81,0.0,0.4
1990,6,22,173,0.16280701293851715,-0.986657932891657,1.0,25.067,209.9,0.05,0.0,5.59
1990,6,22,173,0.16280701293851715,-0.986657932891657,20.0,23.404,212.7,0.08,0.0,5.16
1990,6,22,173,0.16280701293851715,-0.986657932891657,40.0,21.809,222.8,0.05,0.0,3.92
1990,6,22,173,0.16280701293851715,-0.986657932891657,60.0,20.56,227.8,0.05,0.0,2.54
1990,6,22,173,0.16280701293851715,-0.986657932891657,80.0,19.941,226.5,0.05,0.0,1.46
1990,6,22,173,0.16280701293851715,-0.986657932891657,100.0,19.447,220.9,0.11,0.0,0.38
1990,6,22,173,0.16280701293851715,-0.986657932891657,120.0,19.296,215.4,0.64,0.0,0.12
1990,6,22,173,0.16280701293851715,-0.986657932891657,140.0,18.915,211.5,1.82,0.05,0.15
1990,7,17,198,-0.2636654927280072,-0.9646141756912435,1.0,27.166,211.1,0.09,0.04,2.56
1990,7,17,198,-0.2636654927280072,-0.9646141756912435,20.0,25.741,229.8,0.05,0.0,3.87
1990,7,17,198,-0.2636654927280072,-0.9646141756912435,40.0,21.882,226.2,0.05,0.0,2.6
1990,7,17,198,-0.2636654927280072,-0.9646141756912435,60.0,21.219,213.3,0.0,0.0,2.32
1990,7,17,198,-0.2636654927280072,-0.9646141756912435,80.0,20.286,217.1,0.0,0.0,1.09
1990,7,17,198,-0.2636654927280072,-0.9646141756912435,100.0,19.506,215.4,0.33,0.0,0.43
1990,7,17,198,-0.2636654927280072,-0.9646141756912435,120.0,19.128,209.0,1.28,0.03,-0.05
1990,7,17,198,-0.2636654927280072,-0.9646141756912435,140.0,18.935,209.0,2.11,0.08,0.02
1990,8,14,226,-0.6807734094770159,-0.7324940716135792,1.0,28.259,203.1,0.0,0.04,2.67
1990,8,14,226,-0.6807734094770159,-0.7324940716135792,20.0,27.368,205.1,0.0,0.0,3.14
1990,8,14,226,-0.6807734094770159,-0.7324940716135792,40.0,24.032,227.7,0.0,0.0,1.65
1990,8,14,226,-0.6807734094770159,-0.7324940716135792,60.0,22.945,232.7,0.0,0.0,2.74
1990,8,14,226,-0.6807734094770159,-0.7324940716135792,80.0,22.229,227.9,0.0,0.0,1.33
1990,8,14,226,-0.6807734094770159,-0.7324940716135792,100.0,20.977,215.5,0.0,0.0,1.18
1990,8,14,226,-0.6807734094770159,-0.7324940716135792,120.0,20.41,206.5,0.0,0.0,0.54
1990,8,14,226,-0.6807734094770159,-0.7324940716135792,140.0,19.341,190.7,0.89,0.0,0.19
1990,9,11,254,-0.9427611433904206,-0.33346877891818705,1.0,29.012,197.0,0.0,0.07,3.43
1990,9,11,254,-0.9427611433904206,-0.33346877891818705,20.0,28.086,198.6,0.0,0.04,3.9
1990,9,11,254,-0.9427611433904206,-0.33346877891818705,40.0,23.604,231.3,0.0,0.04,2.55
1990,9,11,254,-0.9427611433904206,-0.33346877891818705,60.0,22.129,230.0,0.0,0.04,2.36
1990,9,11,254,-0.9427611433904206,-0.33346877891818705,80.0,21.079,222.2,0.0,0.04,1.14
1990,9,11,254,-0.9427611433904206,-0.33346877891818705,100.0,20.078,208.8,0.0,0.04,0.63
1990,9,11,254,-0.9427611433904206,-0.33346877891818705,120.0,19.78,195.3,0.37,0.04,0.27
1990,9,11,254,-0.9427611433904206,-0.33346877891818705,140.0,19.245,195.5,1.14,0.05,0.16
1990,10,15,288,-0.970063921851507,0.2428497220959358,1.0,25.882,211.5,0.0,0.0,4.87
1990,10,15,288,-0.970063921851507,0.2428497220959358,20.0,25.474,210.3,0.0,0.0,5.08
1990,10,15,288,-0.970063921851507,0.2428497220959358,40.0,24.239,225.9,0.0,0.0,3.17
1990,10,15,288,-0.970063921851507,0.2428497220959358,60.0,22.436,229.8,0.0,0.0,3.81
1990,10,15,288,-0.970063921851507,0.2428497220959358,80.0,21.826,226.1,0.0,0.0,2.24
1990,10,15,288,-0.970063921851507,0.2428497220959358,100.0,20.618,214.9,0.0,0.0,1.18
1990,10,15,288,-0.970063921851507,0.2428497220959358,120.0,20.009,215.3,0.09,0.0,0.48
1990,10,15,288,-0.970063921851507,0.2428497220959358,140.0,19.612,209.9,0.48,0.0,0.06
1990,11,6,310,-0.8115390590073611,0.5842981736283683,1.0,24.415,214.0,0.0,0.0,4.01
1990,11,6,310,-0.8115390590073611,0.5842981736283683,20.0,24.423,213.3,0.35,0.0,5.32
1990,11,6,310,-0.8115390590073611,0.5842981736283683,40.0,24.363,219.2,0.0,0.0,4.79
1990,11,6,310,-0.8115390590073611,0.5842981736283683,60.0,21.981,232.4,0.0,0.0,3.51
1990,11,6,310,-0.8115390590073611,0.5842981736283683,80.0,21.565,227.4,0.0,0.0,2.18
1990,11,6,310,-0.8115390590073611,0.5842981736283683,100.0,20.807,219.5,0.0,0.0,1.01
1990,11,6,310,-0.8115390590073611,0.5842981736283683,120.0,19.86,212.9,0.49,0.0,0.34
1990,11,6,310,-0.8115390590073611,0.5842981736283683,140.0,19.411,208.0,1.02,0.0,0.07
1990,12,3,337,-0.4635502709028512,0.8860706215341378,1.0,22.946,218.3,0.0,0.0,8.11
1990,12,3,337,-0.4635502709028512,0.8860706215341378,20.0,22.7,219.1,0.0,0.0,7.29
1990,12,3,337,-0.4635502709028512,0.8860706215341378,40.0,22.409,219.1,0.0,0.0,5.58
1990,12,3,337,-0.4635502709028512,0.8860706215341378,60.0,22.39,217.8,0.0,0.0,2.59
1990,12,3,337,-0.4635502709028512,0.8860706215341378,80.0,22.389,217.4,0.0,0.0,1.02
1990,12,3,337,-0.4635502709028512,0.8860706215341378,100.0,21.57,220.3,0.0,0.0,0.26
1990,12,3,337,-0.4635502709028512,0.8860706215341378,120.0,20.135,207.2,1.34,0.0,0.27
1990,12,3,337,-0.4635502709028512,0.8860706215341378,140.0,19.633,207.6,1.8,0.0,-0.05
1991,1,15,15,0.255353295116187,0.9668478136052775,1.0,21.106,224.2,0.0,0.0,9.56
1991,1,15,15,0.255353295116187,0.9668478136052775,20.0,20.979,223.7,0.0,0.0,10.61
1991,1,15,15,0.255353295116187,0.9668478136052775,40.0,20.968,224.7,0.0,0.0,6.94
1991,1,15,15,0.255353295116187,0.9668478136052775,60.0,20.88,224.7,0.0,0.0,3.12
1991,1,15,15,0.255353295116187,0.9668478136052775,80.0,20.94,222.4,0.06,0.0,0.96
1991,1,15,15,0.255353295116187,0.9668478136052775,100.0,20.822,219.0,0.34,0.0,0.34
1991,1,15,15,0.255353295116187,0.9668478136052775,120.0,20.78,218.7,0.45,0.0,0.11
1991,1,15,15,0.255353295116187,0.9668478136052775,140.0,20.395,209.6,1.33,0.0,0.0
1991,1,30,30,0.49377555015997715,0.869589389346611,1.0,20.619,224.8,0.0,0.0,6.8
1991,1,30,30,0.49377555015997715,0.869589389346611,20.0,20.706,224.8,0.0,0.0,5.97
1991,1,30,30,0.49377555015997715,0.869589389346611,40.0,20.614,222.7,0.0,0.0,3.21
1991,1,30,30,0.49377555015997715,0.869589389346611,60.0,20.58,222.7,0.0,0.0,3.37
1991,1,30,30,0.49377555015997715,0.869589389346611,80.0,20.388,221.5,0.15,0.0,0.56
1991,1,30,30,0.49377555015997715,0.869589389346611,100.0,20.385,221.3,0.17,0.0,0.18
1991,1,30,30,0.49377555015997715,0.869589389346611,120.0,20.374,220.0,0.25,0.0,0.03
1991,1,30,30,0.49377555015997715,0.869589389346611,140.0,20.027,215.4,0.65,0.0,-0.07
1991,2,20,51,0.7694148268839378,0.6387494220515272,1.0,20.584,224.8,0.14,0.0,4.43
1991,2,20,51,0.7694148268839378,0.6387494220515272,40.0,20.377,225.4,0.27,0.0,1.59
1991,2,20,51,0.7694148268839378,0.6387494220515272,60.0,20.377,225.4,0.27,0.0,0.78
1991,2,20,51,0.7694148268839378,0.6387494220515272,80.0,20.381,224.4,0.12,0.0,0.64
1991,2,20,51,0.7694148268839378,0.6387494220515272,100.0,20.385,225.0,0.11,0.0,0.15
1991,2,20,51,0.7694148268839378,0.6387494220515272,120.0,20.389,223.7,0.13,0.0,0.05
1991,2,20,51,0.7694148268839378,0.6387494220515272,140.0,20.393,224.0,0.13,0.0,-0.15
1991,3,21,80,0.9813064702716093,0.19245158197082998,20.0,19.181,227.0,0.37,0.0,15.69
1991,3,21,80,0.9813064702716093,0.19245158197082998,40.0,19.185,229.4,0.39,0.0,17.04
1991,3,21,80,0.9813064702716093,0.19245158197082998,60.0,19.179,227.4,0.39,0.0,3.48
1991,3,21,80,0.9813064702716093,0.19245158197082998,100.0,19.186,227.7,0.4,0.0,0.12
1991,3,21,80,0.9813064702716093,0.19245158197082998,120.0,19.191,230.8,0.4,0.0,0.22
1991,3,21,80,0.9813064702716093,0.19245158197082998,140.0,19.184,227.5,0.39,0.0,0.01
1991,4,5,95,0.9979171608653922,-0.06450844944931623,1.0,19.479,230.5,0.23,0.0,17.82
1991,4,5,95,0.9979171608653922,-0.06450844944931623,40.0,19.414,230.2,0.24,0.0,11.46
1991,4,5,95,0.9979171608653922,-0.06450844944931623,60.0,19.413,230.0,0.26,0.0,4.58
1991,4,5,95,0.9979171608653922,-0.06450844944931623,80.0,19.416,229.2,0.27,0.0,1.43
1991,4,5,95,0.9979171608653922,-0.06450844944931623,100.0,19.416,230.1,0.3,0.0,0.22
1991,4,5,95,0.9979171608653922,-0.06450844944931623,120.0,19.412,229.7,0.34,0.0,-0.02
1991,4,5,95,0.9979171608653922,-0.06450844944931623,140.0,19.36,227.2,0.4,0.0,0.03
1991,4,16,106,0.9679377830240642,-0.25119006388481935,1.0,19.879,231.4,0.0,0.0,9.71
1991,4,16,106,0.9679377830240642,-0.25119006388481935,20.0,19.536,231.2,0.0,0.0,10.91
1991,4,16,106,0.9679377830240642,-0.25119006388481935,40.0,19.488,230.7,0.0,0.0,8.38
1991,4,16,106,0.9679377830240642,-0.25119006388481935,60.0,19.478,230.7,0.08,0.0,5.37
1991,4,16,106,0.9679377830240642,-0.25119006388481935,80.0,19.449,228.8,0.11,0.0,2.11
1991,4,16,106,0.9679377830240642,-0.25119006388481935,100.0,19.387,225.5,0.61,0.0,0.44
1991,4,16,106,0.9679377830240642,-0.25119006388481935,120.0,19.384,225.8,0.47,0.0,0.69
1991,4,16,106,0.9679377830240642,-0.25119006388481935,140.0,19.374,226.7,0.54,0.0,0.04
1991,5,14,134,0.7412220108485958,-0.6712599575675313,1.0,20.446,231.3,0.0,0.0,6.04
1991,5,14,134,0.7412220108485958,-0.6712599575675313,20.0,20.088,232.7,0.0,0.0,6.62
1991,5,14,134,0.7412220108485958,-0.6712599575675313,40.0,19.157,238.6,0.0,0.0,6.84
1991,5,14,134,0.7412220108485958,-0.6712599575675313,60.0,19.157,238.6,0.0,0.0,3.15
1991,5,14,134,0.7412220108485958,-0.6712599575675313,80.0,18.726,229.7,0.53,0.0,4.0
1991,5,14,134,0.7412220108485958,-0.6712599575675313,100.0,18.704,228.4,0.84,0.0,0.54
1991,5,14,134,0.7412220108485958,-0.6712599575675313,120.0,18.682,225.4,1.04,0.05,0.1
1991,5,14,134,0.7412220108485958,-0.6712599575675313,140.0,18.659,227.2,1.06,0.05,0.02
1991,6,19,170,0.21352091543979612,-0.9769384927771817,1.0,25.458,215.0,0.0,0.0,2.98
1991,6,19,170,0.21352091543979612,-0.9769384927771817,20.0,23.901,225.2,0.0,0.0,4.34
1991,6,19,170,0.21352091543979612,-0.9769384927771817,40.0,21.034,235.9,0.0,0.0,4.5
1991,6,19,170,0.21352091543979612,-0.9769384927771817,60.0,21.203,235.9,0.0,0.0,5.49
1991,6,19,170,0.21352091543979612,-0.9769384927771817,100.0,19.592,226.5,0.0,0.0,1.88
1991,6,19,170,0.21352091543979612,-0.9769384927771817,120.0,19.342,221.8,0.44,0.0,0.92
1991,6,19,170,0.21352091543979612,-0.9769384927771817,140.0,19.212,218.1,1.26,0.0,0.11
1991,7,16,197,-0.24702218048093527,-0.9690098257244063,1.0,27.445,213.5,0.0,0.0,4.61
1991,7,16,197,-0.24702218048093527,-0.9690098257244063,20.0,26.527,234.7,0.0,0.0,4.93
1991,7,16,197,-0.24702218048093527,-0.9690098257244063,40.0,21.966,238.9,0.0,0.0,4.99
1991,7,16,197,-0.24702218048093527,-0.9690098257244063,60.0,20.735,226.4,0.0,0.0,5.02
1991,7,16,197,-0.24702218048093527,-0.9690098257244063,80.0,20.045,219.2,0.45,0.0,3.65
1991,7,16,197,-0.24702218048093527,-0.9690098257244063,100.0,19.471,214.8,1.4,0.06,2.47
1991,7,16,197,-0.24702218048093527,-0.9690098257244063,120.0,19.063,213.9,1.75,0.08,0.15
1991,7,16,197,-0.24702218048093527,-0.9690098257244063,140.0,18.789,216.0,2.29,0.11,0.37
1991,9,11,254,-0.9427611433904206,-0.33346877891818705,1.0,26.424,206.4,0.0,0.0,2.46
1991,9,11,254,-0.9427611433904206,-0.33346877891818705,20.0,26.496,207.1,0.0,0.0,1.87
1991,9,11,254,-0.9427611433904206,-0.33346877891818705,40.0,23.397,232.9,0.0,0.0,1.6
1991,9,11,254,-0.9427611433904206,-0.33346877891818705,60.0,21.171,243.0,0.0,0.0,1.91
1991,9,11,254,-0.9427611433904206,-0.33346877891818705,80.0,21.355,228.9,0.0,0.0,0.58
1991,9,11,254,-0.9427611433904206,-0.33346877891818705,100.0,19.726,217.6,0.23,0.0,0.34
1991,9,11,254,-0.9427611433904206,-0.33346877891818705,120.0,19.013,210.7,1.36,0.05,0.36
1991,9,11,254,-0.9427611433904206,-0.33346877891818705,140.0,18.854,211.2,1.92,0.07,0.16
1991,10,8,281,-0.9922222094179324,0.12447926388678869,1.0,25.772,210.8,0.0,0.0,2.01
1991,10,8,281,-0.9922222094179324,0.12447926388678869,20.0,25.173,210.5,0.0,0.0,3.28
1991,10,8,281,-0.9922222094179324,0.12447926388678869,40.0,24.828,214.3,0.0,0.0,2.51
1991,10,8,281,-0.9922222094179324,0.12447926388678869,60.0,21.439,237.7,0.0,0.0,1.66
1991,10,8,281,-0.9922222094179324,0.12447926388678869,80.0,20.144,226.7,0.0,0.0,0.89
1991,10,8,281,-0.9922222094179324,0.12447926388678869,100.0,19.569,230.2,0.06,0.0,1.35
1991,10,8,281,-0.9922222094179324,0.12447926388678869,120.0,19.185,213.6,0.81,0.0,0.16
1991,10,8,281,-0.9922222094179324,0.12447926388678869,140.0,18.976,210.2,1.38,0.0,0.02
1991,11,12,316,-0.7469720876965551,0.6648553979642866,1.0,23.381,217.1,0.0,0.0,3.13
1991,11,12,316,-0.7469720876965551,0.6648553979642866,20.0,23.376,217.1,0.0,0.0,4.0
1991,11,12,316,-0.7469720876965551,0.6648553979642866,40.0,23.229,225.2,0.0,0.0,3.64
1991,11,12,316,-0.7469720876965551,0.6648553979642866,60.0,22.291,226.4,0.0,0.0,3.03
1991,11,12,316,-0.7469720876965551,0.6648553979642866,80.0,19.881,217.5,0.22,0.0,2.46
1991,11,12,316,-0.7469720876965551,0.6648553979642866,100.0,19.449,210.9,0.81,0.0,-0.46
1991,11,12,316,-0.7469720876965551,0.6648553979642866,120.0,19.141,207.9,2.1,0.06,0.36
1991,12,9,343,-0.3697245428906732,0.9291414114031743,1.0,22.796,219.9,0.0,0.0,3.86
1991,12,9,343,-0.3697245428906732,0.9291414114031743,20.0,22.698,222.0,0.0,0.0,3.17
1991,12,9,343,-0.3697245428906732,0.9291414114031743,40.0,22.682,217.4,0.0,0.0,2.69
1991,12,9,343,-0.3697245428906732,0.9291414114031743,60.0,22.685,218.1,0.0,0.0,2.03
1991,12,9,343,-0.3697245428906732,0.9291414114031743,80.0,22.664,218.0,0.0,0.0,1.64
1991,12,9,343,-0.3697245428906732,0.9291414114031743,100.0,20.172,220.4,0.0,0.0,2.12
1991,12,9,343,-0.3697245428906732,0.9291414114031743,120.0,19.52,214.1,0.45,0.0,-0.32
1991,12,9,343,-0.3697245428906732,0.9291414114031743,140.0,19.22,209.1,0.81,0.0,0.01
1992,1,9,9,0.15430882066428117,0.9880226656636976,1.0,20.732,221.8,0.07,0.0,10.49
1992,1,9,9,0.15430882066428117,0.9880226656636976,20.0,20.738,221.9,0.07,0.0,9.36
1992,1,9,9,0.15430882066428117,0.9880226656636976,40.0,20.74,221.0,0.08,0.0,4.58
1992,1,9,9,0.15430882066428117,0.9880226656636976,60.0,20.745,221.7,0.09,0.0,1.49
1992,1,9,9,0.15430882066428117,0.9880226656636976,80.0,20.75,225.7,0.12,0.0,0.12
1992,1,9,9,0.15430882066428117,0.9880226656636976,100.0,20.791,220.5,0.12,0.0,0.25
1992,1,9,9,0.15430882066428117,0.9880226656636976,120.0,20.768,218.6,0.31,0.0,-0.02
1992,1,9,9,0.15430882066428117,0.9880226656636976,140.0,20.217,209.5,1.08,0.0,0.01
1992,1,28,28,0.4635502709028509,0.886070621534138,1.0,19.647,229.3,0.57,0.0,13.1
1992,1,28,28,0.4635502709028509,0.886070621534138,20.0,19.652,225.7,0.58,0.0,12.56
1992,1,28,28,0.4635502709028509,0.886070621534138,40.0,19.636,224.0,0.59,0.0,7.4
1992,1,28,28,0.4635502709028509,0.886070621534138,60.0,19.653,224.3,0.59,0.0,2.88
1992,1,28,28,0.4635502709028509,0.886070621534138,80.0,19.664,223.8,0.58,0.0,1.08
1992,1,28,28,0.4635502709028509,0.886070621534138,100.0,19.668,225.8,0.59,0.0,0.28
1992,1,28,28,0.4635502709028509,0.886070621534138,120.0,19.613,225.0,0.59,0.03,0.12
1992,1,28,28,0.4635502709028509,0.886070621534138,140.0,19.612,226.0,0.58,0.0,-0.02
1992,2,13,44,0.6870527672236669,0.7266075247685656,1.0,19.368,224.7,0.65,0.0,15.77
1992,2,13,44,0.6870527672236669,0.7266075247685656,20.0,19.321,226.2,0.65,0.0,16.35
1992,2,13,44,0.6870527672236669,0.7266075247685656,40.0,19.287,224.1,0.63,0.0,11.8
1992,2,13,44,0.6870527672236669,0.7266075247685656,60.0,19.29,224.9,0.64,0.0,4.86
1992,2,13,44,0.6870527672236669,0.7266075247685656,80.0,19.307,227.3,0.63,0.0,1.11
1992,2,13,44,0.6870527672236669,0.7266075247685656,100.0,19.306,225.2,0.62,0.0,0.43
1992,2,13,44,0.6870527672236669,0.7266075247685656,120.0,19.279,227.1,0.59,0.0,0.21
1992,2,13,44,0.6870527672236669,0.7266075247685656,140.0,19.236,221.7,0.9,0.0,0.08
1992,2,25,56,0.8214765533024142,0.5702422926917871,1.0,19.771,230.0,0.0,0.0,10.89
1992,2,25,56,0.8214765533024142,0.5702422926917871,20.0,19.495,230.7,0.07,0.0,8.62
1992,2,25,56,0.8214765533024142,0.5702422926917871,40.0,19.269,224.2,0.71,0.0,8.22
1992,2,25,56,0.8214765533024142,0.5702422926917871,60.0,19.257,224.6,0.79,0.0,4.66
1992,2,25,56,0.8214765533024142,0.5702422926917871,80.0,19.256,225.1,0.76,0.05,1.35
1992,2,25,56,0.8214765533024142,0.5702422926917871,100.0,19.238,221.3,1.19,0.04,0.48
1992,2,25,56,0.8214765533024142,0.5702422926917871,120.0,19.098,225.6,1.07,0.04,0.08
1992,2,25,56,0.8214765533024142,0.5702422926917871,140.0,19.02,223.0,0.94,0.04,0.03
1992,3,10,70,0.9338372288229252,0.35769823883312546,1.0,19.659,229.2,0.0,0.0,12.78
1992,3,10,70,0.9338372288229252,0.35769823883312546,40.0,19.604,228.6,0.0,0.0,12.27
1992,3,10,70,0.9338372288229252,0.35769823883312546,60.0,19.307,230.3,0.0,0.0,9.02
1992,3,10,70,0.9338372288229252,0.35769823883312546,80.0,19.358,228.0,0.0,0.0,3.22
1992,3,10,70,0.9338372288229252,0.35769823883312546,100.0,19.276,225.0,0.42,0.0,1.25
1992,3,10,70,0.9338372288229252,0.35769823883312546,120.0,19.197,222.6,0.66,0.0,0.48
1992,3,10,70,0.9338372288229252,0.35769823883312546,140.0,19.136,219.6,0.98,0.0,0.28
1992,3,19,79,0.9778483415056568,0.20931464596304847,40.0,19.059,224.9,0.0,0.0,16.06
1992,3,19,79,0.9778483415056568,0.20931464596304847,60.0,18.963,225.3,0.0,0.0,6.65
1992,3,19,79,0.9778483415056568,0.20931464596304847,80.0,18.948,215.4,0.88,0.04,2.83
1992,3,19,79,0.9778483415056568,0.20931464596304847,100.0,19.161,217.7,1.06,0.04,0.68
1992,3,19,79,0.9778483415056568,0.20931464596304847,120.0,19.122,217.9,1.11,0.04,0.22
1992,3,19,79,0.9778483415056568,0.20931464596304847,140.0,19.108,222.6,0.81,0.04,0.0
1992,4,12,103,0.9796136916454901,-0.20089055513063506,1.0,20.037,231.9,0.0,0.0,11.5
1992,4,12,103,0.9796136916454901,-0.20089055513063506,20.0,19.539,233.0,0.0,0.0,13.32
1992,4,12,103,0.9796136916454901,-0.20089055513063506,40.0,19.456,231.1,0.0,0.0,10.33
1992,4,12,103,0.9796136916454901,-0.20089055513063506,60.0,19.438,226.1,0.33,0.0,10.05
1992,4,12,103,0.9796136916454901,-0.20089055513063506,80.0,19.435,225.2,0.4,0.0,2.17
1992,4,12,103,0.9796136916454901,-0.20089055513063506,100.0,19.449,225.9,0.39,0.0,0.51
1992,4,12,103,0.9796136916454901,-0.20089055513063506,120.0,19.436,225.9,0.38,0.0,-0.01
1992,4,12,103,0.9796136916454901,-0.20089055513063506,140.0,19.43,226.5,0.38,0.0,0.02
1992,4,21,112,0.9368813462954315,-0.3496474552512284,1.0,20.288,226.8,0.0,0.0,7.28
1992,4,21,112,0.9368813462954315,-0.3496474552512284,20.0,20.134,227.0,0.0,0.0,9.04
1992,4,21,112,0.9368813462954315,-0.3496474552512284,40.0,19.936,227.2,0.0,0.0,7.7
1992,4,21,112,0.9368813462954315,-0.3496474552512284,60.0,19.847,227.0,0.0,0.0,6.86
1992,4,21,112,0.9368813462954315,-0.3496474552512284,80.0,19.506,220.7,0.34,0.0,2.37
1992,4,21,112,0.9368813462954315,-0.3496474552512284,100.0,19.5,222.6,0.53,0.0,1.07
1992,4,21,112,0.9368813462954315,-0.3496474552512284,120.0,19.31,223.9,0.54,0.0,0.18
1992,4,21,112,0.9368813462954315,-0.3496474552512284,140.0,19.096,226.4,0.45,0.0,-0.02
1992,5,5,126,0.8263541987239096,-0.5631507242749186,1.0,21.126,223.1,0.0,0.0,2.57
1992,5,5,126,0.8263541987239096,-0.5631507242749186,20.0,21.007,221.9,0.0,0.0,3.44
1992,5,5,126,0.8263541987239096,-0.5631507242749186,40.0,21.046,221.8,0.0,0.0,3.52
1992,5,5,126,0.8263541987239096,-0.5631507242749186,60.0,20.447,222.1,0.0,0.0,3.01
1992,5,5,126,0.8263541987239096,-0.5631507242749186,80.0,20.124,219.9,0.0,0.0,2.94
1992,5,5,126,0.8263541987239096,-0.5631507242749186,100.0,19.504,219.6,0.0,0.0,2.79
1992,5,5,126,0.8263541987239096,-0.5631507242749186,120.0,19.836,219.2,0.13,0.0,3.47
1992,5,5,126,0.8263541987239096,-0.5631507242749186,140.0,19.338,223.3,0.23,0.0,0.6
1992,5,19,140,0.6680638642135335,-0.7441039398713607,1.0,21.867,223.8,0.0,0.0,3.62
1992,5,19,140,0.6680638642135335,-0.7441039398713607,20.0,21.434,225.8,0.0,0.0,3.4
1992,5,19,140,0.6680638642135335,-0.7441039398713607,40.0,20.126,231.7,0.0,0.0,2.23
1992,5,19,140,0.6680638642135335,-0.7441039398713607,60.0,19.687,232.2,0.0,0.0,3.1
1992,5,19,140,0.6680638642135335,-0.7441039398713607,80.0,19.35,228.3,0.0,0.0,3.09
1992,5,19,140,0.6680638642135335,-0.7441039398713607,100.0,19.201,221.7,0.61,0.0,0.58
1992,5,19,140,0.6680638642135335,-0.7441039398713607,120.0,19.078,219.7,1.03,0.0,0.06
1992,5,19,140,0.6680638642135335,-0.7441039398713607,140.0,18.924,219.9,1.2,0.04,0.07
1992,6,17,169,0.23030567023061221,-0.9731183372332619,1.0,23.661,215.8,0.0,0.0,4.19
1992,6,17,169,0.23030567023061221,-0.9731183372332619,20.0,23.181,217.7,0.0,0.0,4.17
1992,6,17,169,0.23030567023061221,-0.9731183372332619,40.0,20.429,232.1,0.0,0.0,5.68
1992,6,17,169,0.23030567023061221,-0.9731183372332619,60.0,19.7,220.8,0.0,0.0,4.72
1992,6,17,169,0.23030567023061221,-0.9731183372332619,80.0,19.377,216.7,0.0,0.0,4.78
1992,6,17,169,0.23030567023061221,-0.9731183372332619,100.0,18.773,213.8,1.1,0.0,0.97
1992,6,17,169,0.23030567023061221,-0.9731183372332619,120.0,18.743,215.2,1.84,0.07,0.17
1992,6,17,169,0.23030567023061221,-0.9731183372332619,140.0,18.758,220.7,1.49,0.04,0.03
1992,7,14,196,-0.23030567023061196,-0.973118337233262,1.0,26.52,206.9,0.0,0.0,3.69
1992,7,14,196,-0.23030567023061196,-0.973118337233262,20.0,25.447,212.8,0.0,0.0,3.39
1992,7,14,196,-0.23030567023061196,-0.973118337233262,40.0,21.829,235.9,0.0,0.0,4.03
1992,7,14,196,-0.23030567023061196,-0.973118337233262,60.0,20.636,235.1,0.0,0.0,4.67
1992,7,14,196,-0.23030567023061196,-0.973118337233262,80.0,20.297,221.1,0.0,0.0,2.61
1992,7,14,196,-0.23030567023061196,-0.973118337233262,100.0,19.554,219.9,0.0,0.0,1.71
1992,7,14,196,-0.23030567023061196,-0.973118337233262,120.0,19.135,212.2,0.59,0.0,1.25
1992,7,14,196,-0.23030567023061196,-0.973118337233262,140.0,18.911,206.2,1.54,0.0,0.08
1992,8,18,231,-0.7412220108485957,-0.6712599575675315,1.0,28.327,201.9,0.0,0.11,2.67
1992,8,18,231,-0.7412220108485957,-0.6712599575675315,20.0,25.082,219.3,0.0,0.05,3.8
1992,8,18,231,-0.7412220108485957,-0.6712599575675315,40.0,23.831,223.1,0.0,0.0,3.07
1992,8,18,231,-0.7412220108485957,-0.6712599575675315,60.0,22.673,224.4,0.0,0.04,3.49
1992,8,18,231,-0.7412220108485957,-0.6712599575675315,80.0,21.59,219.3,0.0,0.0,2.3
1992,8,18,231,-0.7412220108485957,-0.6712599575675315,100.0,21.59,219.3,0.0,0.0,1.33
1992,8,18,231,-0.7412220108485957,-0.6712599575675315,120.0,20.275,206.6,0.09,0.05,1.02
1992,8,18,231,-0.7412220108485957,-0.6712599575675315,140.0,20.108,206.6,0.09,0.05,0.65
1992,10,14,288,-0.970063921851507,0.2428497220959358,1.0,25.124,207.1,0.0,0.0,4.66
1992,10,14,288,-0.970063921851507,0.2428497220959358,20.0,25.12,206.3,0.0,0.0,5.4
1992,10,14,288,-0.970063921851507,0.2428497220959358,40.0,25.121,205.9,0.0,0.0,4.47
1992,10,14,288,-0.970063921851507,0.2428497220959358,60.0,24.411,209.4,0.0,0.0,5.88
1992,10,14,288,-0.970063921851507,0.2428497220959358,80.0,21.355,193.7,1.81,0.08,3.44
1992,10,14,288,-0.970063921851507,0.2428497220959358,100.0,20.62,197.6,1.91,0.1,0.89
1992,10,14,288,-0.970063921851507,0.2428497220959358,120.0,19.865,204.5,1.55,0.07,0.18
1992,10,14,288,-0.970063921851507,0.2428497220959358,140.0,19.231,201.2,2.15,0.09,0.05
1992,11,12,317,-0.7354170229639858,0.6776147890466887,1.0,23.734,211.2,0.0,0.04,2.99
1992,11,12,317,-0.7354170229639858,0.6776147890466887,20.0,23.792,210.2,0.0,0.0,3.98
1992,11,12,317,-0.7354170229639858,0.6776147890466887,40.0,23.75,210.2,0.0,0.0,4.04
1992,11,12,317,-0.7354170229639858,0.6776147890466887,60.0,23.762,210.7,0.0,0.0,2.39
1992,11,12,317,-0.7354170229639858,0.6776147890466887,80.0,23.749,209.2,0.0,0.0,1.35
1992,11,12,317,-0.7354170229639858,0.6776147890466887,120.0,20.382,204.3,0.99,0.0,0.78
1992,11,12,317,-0.7354170229639858,0.6776147890466887,140.0,19.49,206.9,1.19,0.12,0.1
1993,1,12,12,0.2051044998686192,0.9787400799669153,1.0,21.108,222.2,0.0,0.0,4.48
1993,1,12,12,0.2051044998686192,0.9787400799669153,20.0,21.027,220.0,0.0,0.0,4.93
1993,1,12,12,0.2051044998686192,0.9787400799669153,40.0,20.979,220.2,0.0,0.0,4.28
1993,1,12,12,0.2051044998686192,0.9787400799669153,60.0,20.985,219.5,0.0,0.0,2.87
1993,1,12,12,0.2051044998686192,0.9787400799669153,80.0,20.967,218.7,0.0,0.0,1.69
1993,1,12,12,0.2051044998686192,0.9787400799669153,100.0,20.938,221.6,0.0,0.0,0.8
1993,1,12,12,0.2051044998686192,0.9787400799669153,120.0,19.245,221.6,1.63,0.0,0.33
1993,1,12,12,0.2051044998686192,0.9787400799669153,140.0,19.2,202.2,1.63,0.0,0.16
1993,2,9,40,0.6354323008901774,0.7721565844991642,1.0,20.22,217.4,0.0,0.0,2.91
1993,2,9,40,0.6354323008901774,0.7721565844991642,20.0,20.152,216.9,0.0,0.0,5.81
1993,2,9,40,0.6354323008901774,0.7721565844991642,40.0,20.151,216.9,0.0,0.0,5.99
1993,2,9,40,0.6354323008901774,0.7721565844991642,60.0,20.133,215.7,0.0,0.0,3.14
1993,2,9,40,0.6354323008901774,0.7721565844991642,80.0,20.144,214.6,0.0,0.0,1.13
1993,2,9,40,0.6354323008901774,0.7721565844991642,100.0,20.122,218.2,0.13,0.0,0.49
1993,2,9,40,0.6354323008901774,0.7721565844991642,120.0,19.982,209.5,0.83,0.0,0.12
1993,2,9,40,0.6354323008901774,0.7721565844991642,140.0,19.14,197.0,2.41,0.08,0.08
1993,2,25,56,0.8214765533024142,0.5702422926917871,1.0,19.569,223.0,0.19,0.0,14.31
1993,2,25,56,0.8214765533024142,0.5702422926917871,20.0,19.717,223.7,0.17,0.0,12.73
1993,2,25,56,0.8214765533024142,0.5702422926917871,40.0,19.586,222.9,0.14,0.0,7.86
1993,2,25,56,0.8214765533024142,0.5702422926917871,60.0,19.638,222.7,0.14,0.0,3.02
1993,2,25,56,0.8214765533024142,0.5702422926917871,80.0,19.593,222.9,0.2,0.0,1.07
1993,2,25,56,0.8214765533024142,0.5702422926917871,100.0,19.646,223.2,0.19,0.0,0.41
1993,2,25,56,0.8214765533024142,0.5702422926917871,120.0,19.603,223.4,0.21,0.0,0.13
1993,2,25,56,0.8214765533024142,0.5702422926917871,140.0,19.371,222.6,0.19,0.0,0.01
1993,3,10,69,0.9275416835791966,0.37371971479046906,1.0,19.26,224.2,0.28,0.0,11.59
1993,3,10,69,0.9275416835791966,0.37371971479046906,20.0,19.231,223.9,0.27,0.0,13.74
1993,3,10,69,0.9275416835791966,0.37371971479046906,40.0,19.268,223.7,0.25,0.0,13.27
1993,3,10,69,0.9275416835791966,0.37371971479046906,60.0,19.238,223.3,0.25,0.0,7.47
1993,3,10,69,0.9275416835791966,0.37371971479046906,80.0,19.263,222.9,0.25,0.0,2.9
1993,3,10,69,0.9275416835791966,0.37371971479046906,100.0,19.231,222.5,0.35,0.0,0.93
1993,3,10,69,0.9275416835791966,0.37371971479046906,120.0,19.252,222.0,0.43,0.0,0.21
1993,3,10,69,0.9275416835791966,0.37371971479046906,140.0,19.222,221.1,0.54,0.0,0.03
1993,3,30,89,0.9992500112396835,0.03872228089217446,1.0,20.335,224.2,0.0,0.0,4.53
1993,3,30,89,0.9992500112396835,0.03872228089217446,20.0,20.133,225.1,0.0,0.0,1.16
1993,3,30,89,0.9992500112396835,0.03872228089217446,40.0,19.968,225.4,0.0,0.0,2.11
1993,3,30,89,0.9992500112396835,0.03872228089217446,60.0,19.909,225.5,0.0,0.0,4.06
1993,3,30,89,0.9992500112396835,0.03872228089217446,80.0,19.794,224.0,0.0,0.0,6.66
1993,3,30,89,0.9992500112396835,0.03872228089217446,100.0,19.429,223.7,0.0,0.0,1.26
1993,3,30,89,0.9992500112396835,0.03872228089217446,120.0,19.055,198.5,1.75,0.0,1.15
1993,3,30,89,0.9992500112396835,0.03872228089217446,140.0,18.938,199.9,2.5,0.07,0.24
1993,4,14,104,0.9760105506323683,-0.21772323039653177,1.0,20.815,222.7,0.0,0.0,2.87
1993,4,14,104,0.9760105506323683,-0.21772323039653177,20.0,20.806,222.9,0.0,0.0,4.46
1993,4,14,104,0.9760105506323683,-0.21772323039653177,40.0,20.773,222.5,0.0,0.0,3.84
1993,4,14,104,0.9760105506323683,-0.21772323039653177,60.0,20.767,222.5,0.0,0.0,3.87
1993,4,14,104,0.9760105506323683,-0.21772323039653177,80.0,20.415,225.7,0.0,0.0,4.19
1993,4,14,104,0.9760105506323683,-0.21772323039653177,100.0,20.143,222.0,0.0,0.0,5.08
1993,4,14,104,0.9760105506323683,-0.21772323039653177,120.0,19.575,222.0,0.0,0.0,1.38
1993,4,14,104,0.9760105506323683,-0.21772323039653177,140.0,19.308,211.5,1.1,0.0,0.65
1993,4,27,117,0.9033558023246845,-0.4288919379124835,1.0,20.036,227.2,0.0,0.0,4.26
1993,4,27,117,0.9033558023246845,-0.4288919379124835,20.0,20.012,230.3,0.0,0.0,3.17
1993,4,27,117,0.9033558023246845,-0.4288919379124835,40.0,20.017,226.2,0.0,0.0,1.69
1993,4,27,117,0.9033558023246845,-0.4288919379124835,60.0,19.539,229.4,0.0,0.0,4.15
1993,4,27,117,0.9033558023246845,-0.4288919379124835,80.0,19.135,222.2,0.85,0.0,0.95
1993,4,27,117,0.9033558023246845,-0.4288919379124835,100.0,19.555,220.4,1.06,0.0,0.22
1993,4,27,117,0.9033558023246845,-0.4288919379124835,120.0,18.9,219.7,1.46,0.04,0.06
1993,4,27,117,0.9033558023246845,-0.4288919379124835,140.0,18.846,219.4,1.54,0.04,0.05
1993,5,9,129,0.7961828637826158,-0.6050560696488488,1.0,21.55,226.4,0.0,0.08,4.73
1993,5,9,129,0.7961828637826158,-0.6050560696488488,20.0,19.996,233.0,0.0,0.05,7.63
1993,5,9,129,0.7961828637826158,-0.6050560696488488,40.0,19.658,229.6,0.0,0.07,8.39
1993,5,9,129,0.7961828637826158,-0.6050560696488488,80.0,19.106,219.8,1.23,0.13,3.1
1993,5,9,129,0.7961828637826158,-0.6050560696488488,100.0,19.029,218.8,1.3,0.05,0.31
1993,5,9,129,0.7961828637826158,-0.6050560696488488,120.0,19.029,218.8,1.3,0.05,0.09
1993,6,14,165,0.29671281927349075,-0.9549667548552551,1.0,23.619,209.7,0.0,0.0,2.69
1993,6,14,165,0.29671281927349075,-0.9549667548552551,20.0,23.9,209.9,0.0,0.0,2.56
1993,6,14,165,0.29671281927349075,-0.9549667548552551,40.0,22.339,220.8,0.0,0.0,2.13
1993,6,14,165,0.29671281927349075,-0.9549667548552551,60.0,20.798,227.9,0.0,0.0,1.31
1993,6,14,165,0.29671281927349075,-0.9549667548552551,80.0,20.107,226.7,0.0,0.0,1.04
1993,6,14,165,0.29671281927349075,-0.9549667548552551,100.0,19.485,222.8,0.0,0.0,0.83
1993,6,14,165,0.29671281927349075,-0.9549667548552551,120.0,19.283,210.5,0.88,0.0,0.39
1993,6,14,165,0.29671281927349075,-0.9549667548552551,140.0,19.089,209.3,1.58,0.05,0.13
1993,7,13,194,-0.19667288979357622,-0.9804691603616321,1.0,26.97,205.7,0.0,0.06,3.29
1993,7,13,194,-0.19667288979357622,-0.9804691603616321,20.0,25.421,215.5,0.0,0.06,2.83
1993,7,13,194,-0.19667288979357622,-0.9804691603616321,40.0,23.271,227.4,0.0,0.0,2.97
1993,7,13,194,-0.19667288979357622,-0.9804691603616321,60.0,20.756,234.3,0.0,0.06,3.11
1993,7,13,194,-0.19667288979357622,-0.9804691603616321,80.0,20.319,226.2,0.0,0.06,2.21
1993,7,13,194,-0.19667288979357622,-0.9804691603616321,100.0,19.727,217.4,0.0,0.0,1.33
1993,7,13,194,-0.19667288979357622,-0.9804691603616321,120.0,19.287,212.1,0.3,0.0,1.36
1993,7,13,194,-0.19667288979357622,-0.9804691603616321,140.0,19.075,198.7,1.42,0.08,0.46
1993,8,18,230,-0.7295575540864876,-0.6839194216246105,1.0,27.462,200.3,0.0,0.04,2.16
1993,8,18,230,-0.7295575540864876,-0.6839194216246105,20.0,27.218,210.6,0.0,0.0,1.19
1993,8,18,230,-0.7295575540864876,-0.6839194216246105,40.0,23.986,228.3,0.0,0.0,0.62
1993,8,18,230,-0.7295575540864876,-0.6839194216246105,60.0,21.882,236.8,0.0,0.0,1.2
1993,8,18,230,-0.7295575540864876,-0.6839194216246105,80.0,21.405,232.3,0.0,0.0,0.6
1993,8,18,230,-0.7295575540864876,-0.6839194216246105,100.0,20.505,216.4,0.0,0.0,0.38
1993,8,18,230,-0.7295575540864876,-0.6839194216246105,120.0,19.815,213.0,0.0,0.0,0.2
1993,8,18,230,-0.7295575540864876,-0.6839194216246105,140.0,19.253,198.4,0.43,0.0,0.16
1993,9,14,257,-0.9587178169872964,-0.2843591872810036,1.0,27.135,203.0,0.0,0.05,4.94
1993,9,14,257,-0.9587178169872964,-0.2843591872810036,20.0,27.134,201.9,0.0,0.0,4.43
1993,9,14,257,-0.9587178169872964,-0.2843591872810036,40.0,23.295,226.2,0.0,0.0,4.67
1993,9,14,257,-0.9587178169872964,-0.2843591872810036,60.0,22.437,225.0,0.0,0.0,4.64
1993,9,14,257,-0.9587178169872964,-0.2843591872810036,80.0,20.198,210.5,0.0,0.04,6.12
1993,9,14,257,-0.9587178169872964,-0.2843591872810036,100.0,20.364,206.4,0.63,0.0,1.27
1993,9,14,257,-0.9587178169872964,-0.2843591872810036,120.0,19.855,202.3,1.56,0.07,0.37
1993,9,14,257,-0.9587178169872964,-0.2843591872810036,140.0,18.855,203.4,1.88,0.1,0.07
1993,10,12,285,-0.9813064702716093,0.19245158197082995,1.0,25.955,204.1,0.0,0.0,4.29
1993,10,12,285,-0.9813064702716093,0.19245158197082995,20.0,25.944,203.0,0.0,0.0,4.21
1993,10,12,285,-0.9813064702716093,0.19245158197082995,40.0,23.627,227.4,0.0,0.0,5.16
1993,10,12,285,-0.9813064702716093,0.19245158197082995,60.0,21.731,220.9,0.0,0.0,2.37
1993,10,12,285,-0.9813064702716093,0.19245158197082995,80.0,20.055,226.6,0.0,0.0,1.32
1993,10,12,285,-0.9813064702716093,0.19245158197082995,100.0,19.336,208.7,0.28,0.0,0.81
1993,10,12,285,-0.9813064702716093,0.19245158197082995,120.0,19.139,202.3,1.63,0.05,0.19
1993,10,12,285,-0.9813064702716093,0.19245158197082995,140.0,18.88,203.2,2.16,0.08,0.04
1993,11,9,313,-0.780295851070776,0.6254105729852457,1.0,24.949,209.4,0.0,0.0,3.24
1993,11,9,313,-0.780295851070776,0.6254105729852457,20.0,24.823,207.8,0.0,0.0,4.29
1993,11,9,313,-0.780295851070776,0.6254105729852457,40.0,24.833,207.4,0.0,0.0,3.82
1993,11,9,313,-0.780295851070776,0.6254105729852457,60.0,22.975,241.8,0.0,0.0,3.19
1993,11,9,313,-0.780295851070776,0.6254105729852457,80.0,21.054,237.8,0.0,0.0,2.07
1993,11,9,313,-0.780295851070776,0.6254105729852457,100.0,19.966,228.6,0.0,0.0,1.1
1993,11,9,313,-0.780295851070776,0.6254105729852457,120.0,19.322,211.4,0.0,0.0,0.46
1993,11,9,313,-0.780295851070776,0.6254105729852457,140.0,18.878,200.3,0.83,0.0,0.17
1993,12,7,341,-0.4014879892059737,0.9158642882672868,1.0,23.265,213.5,0.0,0.1,4.52
1993,12,7,341,-0.4014879892059737,0.9158642882672868,20.0,23.263,213.6,0.0,0.05,4.23
1993,12,7,341,-0.4014879892059737,0.9158642882672868,40.0,23.423,213.5,0.0,0.0,3.0
1993,12,7,341,-0.4014879892059737,0.9158642882672868,60.0,23.262,214.2,0.0,0.08,3.48
1993,12,7,341,-0.4014879892059737,0.9158642882672868,80.0,20.744,229.2,0.0,0.06,1.43
1993,12,7,341,-0.4014879892059737,0.9158642882672868,100.0,19.747,210.3,0.26,0.0,0.44
1993,12,7,341,-0.4014879892059737,0.9158642882672868,120.0,19.239,204.0,0.37,0.0,0.23
1993,12,7,341,-0.4014879892059737,0.9158642882672868,140.0,19.025,199.0,1.89,0.1,0.04
1994,1,12,12,0.2051044998686192,0.9787400799669153,1.0,20.93,222.2,0.11,0.03,0.88
1994,1,12,12,0.2051044998686192,0.9787400799669153,20.0,20.912,221.1,0.11,0.0,3.45
1994,1,12,12,0.2051044998686192,0.9787400799669153,40.0,20.888,221.0,0.11,0.0,0.71
1994,1,12,12,0.2051044998686192,0.9787400799669153,60.0,20.889,221.0,0.11,0.0,1.43
1994,1,12,12,0.2051044998686192,0.9787400799669153,80.0,20.886,221.1,0.11,0.04,0.69
1994,1,12,12,0.2051044998686192,0.9787400799669153,100.0,20.889,221.0,0.11,0.04,0.26
1994,1,12,12,0.2051044998686192,0.9787400799669153,120.0,20.885,220.8,0.11,0.0,0.23
1994,1,12,12,0.2051044998686192,0.9787400799669153,140.0,18.85,201.9,1.88,0.06,0.04
1994,2,18,49,0.7469720876965552,0.6648553979642865,1.0,20.358,222.0,0.0,0.0,5.53
1994,2,18,49,0.7469720876965552,0.6648553979642865,20.0,20.387,222.5,0.0,0.0,5.51
1994,2,18,49,0.7469720876965552,0.6648553979642865,40.0,20.174,223.5,0.0,0.0,4.71
1994,2,18,49,0.7469720876965552,0.6648553979642865,60.0,20.17,222.8,0.0,0.0,3.27
1994,2,18,49,0.7469720876965552,0.6648553979642865,80.0,20.166,222.8,0.0,0.0,1.12
1994,2,18,49,0.7469720876965552,0.6648553979642865,100.0,20.122,222.3,0.06,0.0,0.39
1994,2,18,49,0.7469720876965552,0.6648553979642865,120.0,19.777,218.7,0.58,0.0,0.1
1994,2,18,49,0.7469720876965552,0.6648553979642865,140.0,19.673,218.8,0.85,0.0,0.05
1994,2,27,58,0.8406184056344782,0.5416278206559814,1.0,19.614,227.6,0.0,0.0,12.36
1994,2,27,58,0.8406184056344782,0.5416278206559814,20.0,19.615,227.6,0.0,0.0,4.43
1994,2,27,58,0.8406184056344782,0.5416278206559814,40.0,19.622,227.4,0.0,0.0,5.45
1994,2,27,58,0.8406184056344782,0.5416278206559814,60.0,19.62,227.1,0.0,0.0,2.49
1994,2,27,58,0.8406184056344782,0.5416278206559814,80.0,19.624,223.6,0.45,0.0,0.34
1994,2,27,58,0.8406184056344782,0.5416278206559814,100.0,19.456,221.8,0.62,0.0,0.1
1994,2,27,58,0.8406184056344782,0.5416278206559814,120.0,19.429,221.0,0.74,0.0,0.07
1994,2,27,58,0.8406184056344782,0.5416278206559814,140.0,19.375,220.8,0.81,0.0,0.06
1994,3,15,74,0.9562348265919056,0.29260033563334836,1.0,19.717,217.6,0.93,0.04,11.4
1994,3,15,74,0.9562348265919056,0.29260033563334836,20.0,19.456,217.6,0.93,0.04,5.22
1994,3,15,74,0.9562348265919056,0.29260033563334836,40.0,19.431,217.6,0.93,0.04,6.86
1994,3,15,74,0.9562348265919056,0.29260033563334836,60.0,19.43,217.6,0.93,0.04,2.68
1994,3,15,74,0.9562348265919056,0.29260033563334836,80.0,19.437,217.6,0.93,0.04,0.83
1994,3,15,74,0.9562348265919056,0.29260033563334836,100.0,19.438,217.6,0.93,0.04,0.19
1994,3,15,74,0.9562348265919056,0.29260033563334836,120.0,19.441,217.6,0.93,0.04,0.05
1994,3,15,74,0.9562348265919056,0.29260033563334836,140.0,19.445,217.6,0.93,0.04,0.06
1994,4,6,96,0.9966589017541702,-0.08167639533042241,1.0,20.503,225.2,0.0,0.06,3.88
1994,4,6,96,0.9966589017541702,-0.08167639533042241,20.0,20.337,225.3,0.0,0.09,4.09
1994,4,6,96,0.9966589017541702,-0.08167639533042241,40.0,19.894,222.8,0.0,0.07,5.61
1994,4,6,96,0.9966589017541702,-0.08167639533042241,60.0,19.73,223.8,0.0,0.07,4.33
1994,4,6,96,0.9966589017541702,-0.08167639533042241,80.0,19.504,224.1,0.0,0.0,3.05
1994,4,6,96,0.9966589017541702,-0.08167639533042241,100.0,19.552,221.5,0.25,0.0,1.33
1994,4,6,96,0.9966589017541702,-0.08167639533042241,120.0,19.529,221.9,0.39,0.0,0.48
1994,4,6,96,0.9966589017541702,-0.08167639533042241,140.0,18.955,222.1,0.34,0.0,0.18
1994,4,19,109,0.9536809966304457,-0.30081980763566735,1.0,21.396,218.5,0.0,0.0,1.6
1994,4,19,109,0.9536809966304457,-0.30081980763566735,20.0,21.463,219.5,0.0,0.0,2.45
1994,4,19,109,0.9536809966304457,-0.30081980763566735,40.0,21.448,220.0,0.0,0.0,2.72
1994,4,19,109,0.9536809966304457,-0.30081980763566735,60.0,20.698,220.8,0.0,0.0,2.91
1994,4,19,109,0.9536809966304457,-0.30081980763566735,80.0,20.155,219.4,0.0,0.0,1.65
1994,4,19,109,0.9536809966304457,-0.30081980763566735,100.0,19.977,219.7,0.0,0.0,2.92
1994,4,19,109,0.9536809966304457,-0.30081980763566735,120.0,19.465,219.5,0.0,0.0,1.0
1994,4,19,109,0.9536809966304457,-0.30081980763566735,140.0,19.385,213.4,0.2,0.0,0.18
1994,5,3,123,0.854322169749827,-0.5197438121555155,1.0,22.627,221.8,0.0,0.0,5.57
1994,5,3,123,0.854322169749827,-0.5197438121555155,20.0,20.526,228.1,0.0,0.04,2.79
1994,5,3,123,0.854322169749827,-0.5197438121555155,40.0,19.82,227.9,0.0,0.0,4.03
1994,5,3,123,0.854322169749827,-0.5197438121555155,60.0,19.393,221.3,0.0,0.0,7.21
1994,5,3,123,0.854322169749827,-0.5197438121555155,80.0,19.05,218.5,0.57,0.0,4.07
1994,5,3,123,0.854322169749827,-0.5197438121555155,100.0,19.119,219.9,0.61,0.0,0.25
1994,5,3,123,0.854322169749827,-0.5197438121555155,120.0,18.98,218.8,0.84,0.06,0.09
1994,5,3,123,0.854322169749827,-0.5197438121555155,140.0,18.907,221.3,0.86,0.04,0.01
1994,5,17,137,0.705583610107178,-0.7086266782644596,1.0,23.332,213.0,0.0,0.0,3.59
1994,5,17,137,0.705583610107178,-0.7086266782644596,20.0,23.288,218.5,0.0,0.0,2.82
1994,5,17,137,0.705583610107178,-0.7086266782644596,40.0,21.378,225.7,0.0,0.0,3.06
1994,5,17,137,0.705583610107178,-0.7086266782644596,60.0,20.461,224.2,0.0,0.0,3.05
1994,5,17,137,0.705583610107178,-0.7086266782644596,80.0,20.004,220.6,0.0,0.0,2.8
1994,5,17,137,0.705583610107178,-0.7086266782644596,100.0,19.55,220.3,0.0,0.0,2.33
1994,5,17,137,0.705583610107178,-0.7086266782644596,120.0,19.363,213.2,0.47,0.0,0.06
1994,5,17,137,0.705583610107178,-0.7086266782644596,140.0,19.219,208.7,0.92,0.0,0.2
1994,6,14,165,0.29671281927349075,-0.9549667548552551,1.0,25.392,208.1,0.0,0.08,3.19
1994,6,14,165,0.29671281927349075,-0.9549667548552551,40.0,21.301,229.4,0.0,0.0,3.71
1994,6,14,165,0.29671281927349075,-0.9549667548552551,60.0,20.279,224.7,0.0,0.0,3.04
1994,6,14,165,0.29671281927349075,-0.9549667548552551,80.0,19.8,216.4,0.0,0.0,2.71
1994,6,14,165,0.29671281927349075,-0.9549667548552551,100.0,19.247,201.8,0.46,0.0,1.57
1994,6,14,165,0.29671281927349075,-0.9549667548552551,120.0,19.068,212.5,0.88,0.0,0.43
1994,7,19,200,-0.2967128192734901,-0.9549667548552553,1.0,28.309,197.6,0.0,0.0,3.39
1994,7,19,200,-0.2967128192734901,-0.9549667548552553,20.0,25.173,223.2,0.0,0.0,3.81
1994,7,19,200,-0.2967128192734901,-0.9549667548552553,40.0,21.841,237.1,0.0,0.0,4.75
1994,7,19,200,-0.2967128192734901,-0.9549667548552553,60.0,20.043,238.1,0.0,0.07,3.52
1994,7,19,200,-0.2967128192734901,-0.9549667548552553,80.0,19.681,226.1,0.0,0.0,1.8
1994,7,19,200,-0.2967128192734901,-0.9549667548552553,100.0,19.237,213.8,0.48,0.0,2.04
1994,7,19,200,-0.2967128192734901,-0.9549667548552553,120.0,19.07,207.5,1.83,0.09,0.34
1994,7,19,200,-0.2967128192734901,-0.9549667548552553,140.0,18.703,209.1,1.93,0.1,0.0
1994,9,20,263,-0.9829265519799822,-0.18399835165767986,1.0,27.243,200.1,0.0,0.05,2.17
1994,9,20,263,-0.9829265519799822,-0.18399835165767986,20.0,27.17,199.9,0.0,0.08,3.01
1994,9,20,263,-0.9829265519799822,-0.18399835165767986,40.0,27.15,200.4,0.0,0.0,1.31
1994,9,20,263,-0.9829265519799822,-0.18399835165767986,60.0,22.889,222.8,0.0,0.0,2.86
1994,9,20,263,-0.9829265519799822,-0.18399835165767986,80.0,21.665,217.4,0.0,0.1,2.1
1994,9,20,263,-0.9829265519799822,-0.18399835165767986,100.0,20.584,216.8,0.0,0.1,0.99
1994,9,20,263,-0.9829265519799822,-0.18399835165767986,120.0,19.832,206.6,0.57,0.04,0.39
1994,9,20,263,-0.9829265519799822,-0.18399835165767986,140.0,19.358,210.8,0.69,0.04,0.07
1994,10,19,292,-0.9510565162951536,0.30901699437494723,1.0,24.303,210.5,0.0,0.0,12.24
1994,10,19,292,-0.9510565162951536,0.30901699437494723,20.0,24.324,210.5,0.0,0.0,9.26
1994,10,19,292,-0.9510565162951536,0.30901699437494723,40.0,23.826,210.5,0.0,0.0,6.43
1994,10,19,292,-0.9510565162951536,0.30901699437494723,60.0,21.402,235.1,0.0,0.0,2.25
1994,10,19,292,-0.9510565162951536,0.30901699437494723,80.0,21.185,221.2,0.0,0.0,0.55
1994,10,19,292,-0.9510565162951536,0.30901699437494723,100.0,19.599,210.0,0.09,0.0,0.11
1994,10,19,292,-0.9510565162951536,0.30901699437494723,120.0,19.33,207.2,0.5,0.0,0.1
1994,10,19,292,-0.9510565162951536,0.30901699437494723,140.0,18.944,201.9,1.22,0.0,0.01
1994,11,15,319,-0.711656622281775,0.7025274741691566,1.0,23.025,213.2,0.0,0.0,4.58
1994,11,15,319,-0.711656622281775,0.7025274741691566,20.0,22.909,213.0,0.0,0.08,4.26
1994,11,15,319,-0.711656622281775,0.7025274741691566,40.0,22.921,213.0,0.0,0.0,1.01
1994,11,15,319,-0.711656622281775,0.7025274741691566,60.0,22.928,213.3,0.0,0.0,1.16
1994,11,15,319,-0.711656622281775,0.7025274741691566,80.0,21.158,233.1,0.0,0.09,0.34
1994,11,15,319,-0.711656622281775,0.7025274741691566,100.0,19.924,222.1,0.0,0.13,0.12
1994,11,15,319,-0.711656622281775,0.7025274741691566,120.0,19.468,209.2,0.09,0.0,0.16
1994,11,15,319,-0.711656622281775,0.7025274741691566,140.0,18.929,202.5,0.92,0.0,0.06
1994,12,9,343,-0.3697245428906732,0.9291414114031743,1.0,22.853,215.4,0.0,0.0,2.55
1994,12,9,343,-0.3697245428906732,0.9291414114031743,20.0,22.459,213.9,0.0,0.12,2.72
1994,12,9,343,-0.3697245428906732,0.9291414114031743,40.0,22.471,214.5,0.0,0.03,2.55
1994,12,9,343,-0.3697245428906732,0.9291414114031743,60.0,22.44,215.3,0.0,0.0,1.42
1994,12,9,343,-0.3697245428906732,0.9291414114031743,80.0,21.104,220.9,0.0,0.0,1.58
1994,12,9,343,-0.3697245428906732,0.9291414114031743,100.0,20.044,214.0,0.09,0.0,0.68
1994,12,9,343,-0.3697245428906732,0.9291414114031743,120.0,19.569,201.5,0.24,0.0,0.65
1994,12,9,343,-0.3697245428906732,0.9291414114031743,140.0,19.11,199.9,0.7,0.0,0.69
1995,1,11,11,0.1882267098432442,0.9821256058680006,1.0,20.894,217.1,0.0,0.0,3.82
1995,1,11,11,0.1882267098432442,0.9821256058680006,20.0,20.928,217.2,0.0,0.0,6.56
1995,1,11,11,0.1882267098432442,0.9821256058680006,40.0,20.9,217.2,0.0,0.0,4.67
1995,1,11,11,0.1882267098432442,0.9821256058680006,60.0,20.902,217.3,0.0,0.0,2.93
1995,1,11,11,0.1882267098432442,0.9821256058680006,80.0,20.904,217.3,0.0,0.0,0.88
1995,1,11,11,0.1882267098432442,0.9821256058680006,100.0,20.914,216.9,0.0,0.0,0.38
1995,1,11,11,0.1882267098432442,0.9821256058680006,120.0,20.037,207.9,0.67,0.0,0.28
1995,1,11,11,0.1882267098432442,0.9821256058680006,140.0,19.431,200.9,1.3,0.04,0.11
1995,2,1,32,0.5234156073655503,0.8520775211013093,1.0,19.783,220.2,0.21,0.0,3.64
1995,2,1,32,0.5234156073655503,0.8520775211013093,20.0,19.791,220.7,0.21,0.0,10.97
1995,2,1,32,0.5234156073655503,0.8520775211013093,40.0,19.778,221.5,0.23,0.0,7.77
1995,2,1,32,0.5234156073655503,0.8520775211013093,60.0,19.781,220.8,0.21,0.0,3.07
1995,2,1,32,0.5234156073655503,0.8520775211013093,80.0,19.782,220.7,0.24,0.0,0.94
1995,2,1,32,0.5234156073655503,0.8520775211013093,100.0,19.784,220.1,0.24,0.0,0.09
1995,2,1,32,0.5234156073655503,0.8520775211013093,120.0,19.784,220.3,0.24,0.0,0.17
1995,2,1,32,0.5234156073655503,0.8520775211013093,140.0,19.762,220.4,0.24,0.0,0.15
1995,2,14,45,0.699458327051647,0.7146733860429609,1.0,19.177,221.0,0.56,0.0,11.39
1995,2,14,45,0.699458327051647,0.7146733860429609,20.0,19.189,221.3,0.56,0.0,6.97
1995,2,14,45,0.699458327051647,0.7146733860429609,40.0,19.194,221.2,0.58,0.0,2.82
1995,2,14,45,0.699458327051647,0.7146733860429609,60.0,19.183,221.2,0.58,0.0,0.77
1995,2,14,45,0.699458327051647,0.7146733860429609,80.0,19.187,220.9,0.58,0.0,0.32
1995,2,14,45,0.699458327051647,0.7146733860429609,100.0,19.184,220.6,0.61,0.0,-0.03
1995,2,14,45,0.699458327051647,0.7146733860429609,120.0,19.228,220.9,0.58,0.0,-0.01
1995,2,14,45,0.699458327051647,0.7146733860429609,140.0,19.194,220.9,0.58,0.0,-0.23
1995,3,1,60,0.8587639582758029,0.5123714121284237,1.0,19.156,227.4,0.3,0.0,17.81
1995,3,1,60,0.8587639582758029,0.5123714121284237,40.0,19.164,227.1,0.31,0.0,13.16
1995,3,1,60,0.8587639582758029,0.5123714121284237,60.0,19.164,226.7,0.33,0.0,3.69
1995,3,1,60,0.8587639582758029,0.5123714121284237,80.0,19.168,226.3,0.33,0.0,0.34
1995,3,1,60,0.8587639582758029,0.5123714121284237,100.0,19.166,226.2,0.33,0.0,1.49
1995,3,1,60,0.8587639582758029,0.5123714121284237,120.0,19.169,226.0,0.31,0.0,-0.04
1995,3,1,60,0.8587639582758029,0.5123714121284237,140.0,19.18,225.3,0.36,0.0,0.1
1995,3,16,75,0.9611297838723007,0.27609697309746883,1.0,18.958,227.5,0.4,0.0,3.39
1995,3,16,75,0.9611297838723007,0.27609697309746883,20.0,18.965,228.6,0.4,0.0,5.48
1995,3,16,75,0.9611297838723007,0.27609697309746883,40.0,18.969,227.4,0.4,0.0,10.28
1995,3,16,75,0.9611297838723007,0.27609697309746883,60.0,18.959,227.0,0.43,0.0,3.83
1995,3,16,75,0.9611297838723007,0.27609697309746883,80.0,18.97,227.0,0.43,0.0,1.61
1995,3,16,75,0.9611297838723007,0.27609697309746883,100.0,18.963,226.4,0.45,0.0,0.46
1995,3,16,75,0.9611297838723007,0.27609697309746883,120.0,18.97,226.2,0.48,0.0,0.16
1995,3,16,75,0.9611297838723007,0.27609697309746883,140.0,18.971,226.0,0.46,0.0,0.13
1995,3,29,88,0.9984354211555643,0.055916990100603484,1.0,18.851,225.3,0.41,0.0,2.7
1995,3,29,88,0.9984354211555643,0.055916990100603484,20.0,18.862,225.5,0.44,0.0,5.08
1995,3,29,88,0.9984354211555643,0.055916990100603484,40.0,18.862,225.4,0.44,0.0,7.06
1995,3,29,88,0.9984354211555643,0.055916990100603484,60.0,18.869,225.4,0.44,0.0,2.86
1995,3,29,88,0.9984354211555643,0.055916990100603484,80.0,18.849,225.2,0.44,0.0,1.32
1995,3,29,88,0.9984354211555643,0.055916990100603484,100.0,18.852,225.2,0.44,0.0,0.29
1995,3,29,88,0.9984354211555643,0.055916990100603484,120.0,18.854,225.3,0.44,0.0,0.06
1995,3,29,88,0.9984354211555643,0.055916990100603484,140.0,18.855,225.2,0.44,0.0,-0.03
1995,4,11,101,0.9859481499638304,-0.16705162550211924,1.0,20.01,222.3,0.0,0.0,5.6
1995,4,11,101,0.9859481499638304,-0.16705162550211924,20.0,20.02,222.4,0.0,0.0,6.23
1995,4,11,101,0.9859481499638304,-0.16705162550211924,40.0,20.03,222.3,0.0,0.0,6.15
1995,4,11,101,0.9859481499638304,-0.16705162550211924,60.0,19.958,222.1,0.0,0.0,4.2
1995,4,11,101,0.9859481499638304,-0.16705162550211924,80.0,19.829,222.2,0.08,0.0,2.32
1995,4,11,101,0.9859481499638304,-0.16705162550211924,100.0,19.435,220.7,0.35,0.0,1.39
1995,4,11,101,0.9859481499638304,-0.16705162550211924,120.0,19.776,217.2,0.66,0.0,0.39
1995,4,11,101,0.9859481499638304,-0.16705162550211924,140.0,19.442,208.2,1.27,0.04,0.03
1995,4,27,117,0.9033558023246845,-0.4288919379124835,1.0,20.654,224.1,0.0,0.0,5.32
1995,4,27,117,0.9033558023246845,-0.4288919379124835,20.0,20.564,224.4,0.0,0.0,6.73
1995,4,27,117,0.9033558023246845,-0.4288919379124835,40.0,19.937,225.6,0.0,0.0,6.86
1995,4,27,117,0.9033558023246845,-0.4288919379124835,60.0,19.447,224.8,0.0,0.0,8.86
1995,4,27,117,0.9033558023246845,-0.4288919379124835,80.0,19.114,228.8,0.0,0.0,5.52
1995,4,27,117,0.9033558023246845,-0.4288919379124835,100.0,19.05,226.4,0.09,0.0,0.91
1995,4,27,117,0.9033558023246845,-0.4288919379124835,120.0,19.017,222.7,0.57,0.0,0.25
1995,4,27,117,0.9033558023246845,-0.4288919379124835,140.0,18.88,219.9,0.85,0.0,0.01
1995,5,11,131,0.7748840413670407,-0.6321034111873487,1.0,18.95,232.8,0.0,0.0,14.21
1995,5,11,131,0.7748840413670407,-0.6321034111873487,20.0,18.968,233.2,0.0,0.0,16.51
1995,5,11,131,0.7748840413670407,-0.6321034111873487,40.0,18.94,232.2,0.0,0.0,12.83
1995,5,11,131,0.7748840413670407,-0.6321034111873487,60.0,18.92,230.8,0.0,0.0,3.77
1995,5,11,131,0.7748840413670407,-0.6321034111873487,80.0,18.919,228.6,0.2,0.0,0.53
1995,5,11,131,0.7748840413670407,-0.6321034111873487,100.0,18.562,217.5,1.42,0.05,0.62
1995,5,11,131,0.7748840413670407,-0.6321034111873487,120.0,18.593,218.4,1.57,0.06,0.34
1995,5,11,131,0.7748840413670407,-0.6321034111873487,140.0,18.468,220.2,1.6,0.06,0.1
1995,6,13,164,0.3131070409358269,-0.9497178427914316,1.0,25.263,212.1,0.0,0.0,3.87
1995,6,13,164,0.3131070409358269,-0.9497178427914316,20.0,21.775,225.3,0.0,0.0,3.6
1995,6,13,164,0.3131070409358269,-0.9497178427914316,40.0,20.261,229.3,0.0,0.0,3.69
1995,6,13,164,0.3131070409358269,-0.9497178427914316,60.0,19.698,231.6,0.0,0.0,3.24
1995,6,13,164,0.3131070409358269,-0.9497178427914316,80.0,19.115,226.8,0.0,0.0,2.62
1995,6,13,164,0.3131070409358269,-0.9497178427914316,100.0,18.981,220.3,0.52,0.0,2.37
1995,6,13,164,0.3131070409358269,-0.9497178427914316,120.0,18.877,218.2,0.93,0.04,0.54
1995,6,13,164,0.3131070409358269,-0.9497178427914316,140.0,18.881,217.3,1.15,0.05,0.14
1995,7,11,192,-0.16280701293851646,-0.9866579328916572,1.0,26.205,204.9,0.0,0.0,4.7
1995,7,11,192,-0.16280701293851646,-0.9866579328916572,20.0,21.45,231.4,0.0,0.0,4.22
1995,7,11,192,-0.16280701293851646,-0.9866579328916572,40.0,19.598,236.6,0.0,0.0,17.91
1995,7,11,192,-0.16280701293851646,-0.9866579328916572,60.0,19.07,232.9,0.0,0.0,15.47
1995,7,11,192,-0.16280701293851646,-0.9866579328916572,80.0,18.874,233.6,0.0,0.0,2.95
1995,7,11,192,-0.16280701293851646,-0.9866579328916572,100.0,18.605,227.5,0.19,0.0,0.11
1995,7,11,192,-0.16280701293851646,-0.9866579328916572,120.0,18.343,218.8,1.41,0.04,-0.07
1995,7,11,192,-0.16280701293851646,-0.9866579328916572,140.0,18.328,218.1,1.94,0.09,-0.02
1995,9,13,256,-0.9536809966304455,-0.300819807635668,1.0,27.125,203.3,0.0,0.0,2.62
1995,9,13,256,-0.9536809966304455,-0.300819807635668,20.0,26.213,205.2,0.0,0.0,3.24
1995,9,13,256,-0.9536809966304455,-0.300819807635668,40.0,26.04,205.3,0.0,0.0,4.45
1995,9,13,256,-0.9536809966304455,-0.300819807635668,60.0,23.905,222.5,0.0,0.0,1.55
1995,9,13,256,-0.9536809966304455,-0.300819807635668,80.0,21.009,229.1,0.0,0.0,3.81
1995,9,13,256,-0.9536809966304455,-0.300819807635668,100.0,19.681,200.4,1.84,0.07,4.42
1995,9,13,256,-0.9536809966304455,-0.300819807635668,120.0,19.437,206.6,1.47,0.06,0.47
1995,9,13,256,-0.9536809966304455,-0.300819807635668,140.0,19.011,203.2,2.0,0.09,0.16
1995,10,13,286,-0.9778483415056567,0.20931464596304888,1.0,26.531,203.5,0.0,0.0,1.92
1995,10,13,286,-0.9778483415056567,0.20931464596304888,20.0,26.447,203.2,0.0,0.0,2.41
1995,10,13,286,-0.9778483415056567,0.20931464596304888,40.0,25.996,208.0,0.0,0.0,3.75
1995,10,13,286,-0.9778483415056567,0.20931464596304888,60.0,23.982,229.1,0.0,0.0,3.42
1995,10,13,286,-0.9778483415056567,0.20931464596304888,80.0,20.05,223.8,0.0,0.0,2.69
1995,10,13,286,-0.9778483415056567,0.20931464596304888,100.0,19.584,222.1,0.0,0.0,2.03
1995,10,13,286,-0.9778483415056567,0.20931464596304888,120.0,18.995,211.6,0.63,0.0,0.58
1995,10,13,286,-0.9778483415056567,0.20931464596304888,140.0,18.85,209.3,1.49,0.05,0.17
1995,11,11,315,-0.7583058084785625,0.6518989958787125,1.0,23.727,208.4,0.0,0.0,6.29
1995,11,11,315,-0.7583058084785625,0.6518989958787125,20.0,23.832,208.0,0.0,0.0,5.49
1995,11,11,315,-0.7583058084785625,0.6518989958787125,40.0,23.823,208.2,0.0,0.0,5.59
1995,11,11,315,-0.7583058084785625,0.6518989958787125,60.0,23.743,208.4,0.0,0.0,2.23
1995,11,11,315,-0.7583058084785625,0.6518989958787125,80.0,22.737,208.7,0.0,0.0,3.12
1995,11,11,315,-0.7583058084785625,0.6518989958787125,100.0,20.713,222.3,0.08,0.0,0.38
1995,11,11,315,-0.7583058084785625,0.6518989958787125,120.0,19.571,215.5,0.37,0.0,0.09
1995,11,11,315,-0.7583058084785625,0.6518989958787125,140.0,19.112,209.5,0.87,0.0,0.11
1995,12,15,349,-0.27195815753410524,0.9623090774541487,1.0,21.846,214.9,0.0,0.0,3.15
1995,12,15,349,-0.27195815753410524,0.9623090774541487,20.0,21.721,215.3,0.0,0.0,5.36
1995,12,15,349,-0.27195815753410524,0.9623090774541487,40.0,21.665,215.6,0.0,0.0,4.06
1995,12,15,349,-0.27195815753410524,0.9623090774541487,60.0,21.635,215.7,0.0,0.0,2.06
1995,12,15,349,-0.27195815753410524,0.9623090774541487,80.0,21.636,215.6,0.0,0.0,1.53
1995,12,15,349,-0.27195815753410524,0.9623090774541487,100.0,21.473,213.7,0.11,0.0,0.37
1995,12,15,349,-0.27195815753410524,0.9623090774541487,120.0,20.896,211.4,0.37,0.0,0.29
1995,12,15,349,-0.27195815753410524,0.9623090774541487,140.0,20.152,207.7,0.85,0.04,0.03
1996,1,30,30,0.49377555015997715,0.869589389346611,1.0,19.333,224.8,0.24,0.0,11.2
1996,1,30,30,0.49377555015997715,0.869589389346611,20.0,19.209,224.8,0.24,0.0,13.06
1996,1,30,30,0.49377555015997715,0.869589389346611,40.0,19.274,224.1,0.31,0.0,6.44
1996,1,30,30,0.49377555015997715,0.869589389346611,60.0,19.246,223.6,0.41,0.0,2.17
1996,1,30,30,0.49377555015997715,0.869589389346611,80.0,19.241,223.1,0.45,0.0,0.74
1996,1,30,30,0.49377555015997715,0.869589389346611,100.0,19.22,222.1,0.6,0.04,0.17
1996,1,30,30,0.49377555015997715,0.869589389346611,120.0,19.211,221.1,0.66,0.0,0.02
1996,1,30,30,0.49377555015997715,0.869589389346611,140.0,19.217,221.7,0.66,0.0,0.0
1996,2,15,46,0.7116566222817746,0.7025274741691571,1.0,19.08,225.7,0.52,0.0,8.32
1996,2,15,46,0.7116566222817746,0.7025274741691571,20.0,19.435,225.3,0.49,0.0,12.11
1996,2,15,46,0.7116566222817746,0.7025274741691571,40.0,19.168,224.5,0.51,0.0,10.56
1996,2,15,46,0.7116566222817746,0.7025274741691571,60.0,19.003,223.9,0.56,0.0,3.57
1996,2,15,46,0.7116566222817746,0.7025274741691571,80.0,19.057,223.7,0.57,0.0,1.15
1996,2,15,46,0.7116566222817746,0.7025274741691571,100.0,19.059,223.6,0.56,0.0,0.3
1996,2,15,46,0.7116566222817746,0.7025274741691571,120.0,19.024,223.4,0.6,0.0,0.06
1996,2,15,46,0.7116566222817746,0.7025274741691571,140.0,19.047,223.7,0.49,0.0,-0.01
1996,2,28,59,0.8498170915275278,0.5270777086423722,1.0,19.463,222.8,0.22,0.0,4.93
1996,2,28,59,0.8498170915275278,0.5270777086423722,20.0,19.197,222.6,0.22,0.0,8.45
1996,2,28,59,0.8498170915275278,0.5270777086423722,40.0,19.203,222.5,0.23,0.0,6.89
1996,2,28,59,0.8498170915275278,0.5270777086423722,60.0,19.2,222.3,0.24,0.0,1.79
1996,2,28,59,0.8498170915275278,0.5270777086423722,80.0,19.201,221.9,0.27,0.0,0.32
1996,2,28,59,0.8498170915275278,0.5270777086423722,100.0,19.206,221.6,0.28,0.0,0.08
1996,2,28,59,0.8498170915275278,0.5270777086423722,120.0,19.205,221.4,0.28,0.0,2.2
1996,2,28,59,0.8498170915275278,0.5270777086423722,140.0,19.208,221.4,0.28,0.0,0.78
1996,3,15,75,0.9611297838723007,0.27609697309746883,1.0,20.065,222.0,0.0,0.0,4.41
1996,3,15,75,0.9611297838723007,0.27609697309746883,20.0,19.908,222.2,0.0,0.0,6.1
1996,3,15,75,0.9611297838723007,0.27609697309746883,40.0,19.883,221.2,0.0,0.0,5.26
1996,3,15,75,0.9611297838723007,0.27609697309746883,60.0,19.738,211.4,0.53,0.0,7.04
1996,3,15,75,0.9611297838723007,0.27609697309746883,80.0,19.269,210.7,0.83,0.0,4.12
1996,3,15,75,0.9611297838723007,0.27609697309746883,100.0,19.145,222.1,0.43,0.0,0.92
1996,3,15,75,0.9611297838723007,0.27609697309746883,120.0,19.098,220.9,0.58,0.0,0.12
1996,3,15,75,0.9611297838723007,0.27609697309746883,140.0,19.074,219.3,0.75,0.0,0.03
1996,3,28,88,0.9984354211555643,0.055916990100603484,1.0,20.025,222.4,0.0,0.0,12.61
1996,3,28,88,0.9984354211555643,0.055916990100603484,20.0,19.709,222.5,0.0,0.0,16.52
1996,3,28,88,0.9984354211555643,0.055916990100603484,40.0,19.609,222.4,0.0,0.0,13.1
1996,3,28,88,0.9984354211555643,0.055916990100603484,60.0,19.297,223.4,0.0,0.0,12.6
1996,3,28,88,0.9984354211555643,0.055916990100603484,80.0,19.279,224.3,0.0,0.0,4.23
1996,3,28,88,0.9984354211555643,0.055916990100603484,100.0,19.252,222.0,0.19,0.0,1.2
1996,3,28,88,0.9984354211555643,0.055916990100603484,120.0,19.015,217.5,0.73,0.0,0.0
1996,3,28,88,0.9984354211555643,0.055916990100603484,140.0,19.042,216.6,0.91,0.0,0.01
1996,4,9,100,0.9886775902323405,-0.1500553983446526,1.0,19.947,222.2,0.0,0.0,5.28
1996,4,9,100,0.9886775902323405,-0.1500553983446526,20.0,19.86,222.2,0.0,0.0,4.45
1996,4,9,100,0.9886775902323405,-0.1500553983446526,40.0,19.803,222.1,0.0,0.0,7.33
1996,4,9,100,0.9886775902323405,-0.1500553983446526,60.0,19.059,207.5,0.62,0.0,3.78
1996,4,9,100,0.9886775902323405,-0.1500553983446526,80.0,19.004,199.8,1.65,0.04,0.48
1996,4,9,100,0.9886775902323405,-0.1500553983446526,100.0,18.804,202.3,2.07,0.07,-0.09
1996,4,9,100,0.9886775902323405,-0.1500553983446526,120.0,18.725,200.2,2.38,0.09,-0.03
1996,4,9,100,0.9886775902323405,-0.1500553983446526,140.0,18.619,204.9,2.27,0.09,-0.01
1996,4,23,114,0.9242907221930933,-0.3816892202666588,1.0,20.507,232.1,0.0,0.0,9.52
1996,4,23,114,0.9242907221930933,-0.3816892202666588,60.0,18.78,215.4,0.96,0.0,4.23
1996,4,23,114,0.9242907221930933,-0.3816892202666588,80.0,18.539,223.7,0.86,0.0,0.85
1996,4,23,114,0.9242907221930933,-0.3816892202666588,100.0,18.438,222.9,0.99,0.0,0.02
1996,4,23,114,0.9242907221930933,-0.3816892202666588,120.0,18.413,220.6,1.34,0.04,0.1
1996,4,23,114,0.9242907221930933,-0.3816892202666588,140.0,18.288,215.9,1.93,0.07,-0.06
1996,5,7,128,0.8064799463209448,-0.5912614448635781,1.0,21.832,220.3,0.0,0.0,6.06
1996,5,7,128,0.8064799463209448,-0.5912614448635781,20.0,21.128,225.2,0.0,0.0,4.8
1996,5,7,128,0.8064799463209448,-0.5912614448635781,40.0,20.062,221.1,0.0,0.0,2.79
1996,5,7,128,0.8064799463209448,-0.5912614448635781,60.0,19.679,220.0,0.0,0.0,3.72
1996,5,7,128,0.8064799463209448,-0.5912614448635781,80.0,19.187,210.9,0.39,0.0,2.7
1996,5,7,128,0.8064799463209448,-0.5912614448635781,100.0,19.118,220.7,0.52,0.0,0.31
1996,5,7,128,0.8064799463209448,-0.5912614448635781,140.0,18.591,214.5,1.98,0.07,-0.04
1996,6,11,163,0.3294084822245304,-0.9441875088341993,1.0,24.648,209.1,0.0,0.0,4.88
1996,6,11,163,0.3294084822245304,-0.9441875088341993,20.0,23.019,220.5,0.0,0.0,4.48
1996,6,11,163,0.3294084822245304,-0.9441875088341993,40.0,21.158,225.3,0.0,0.0,4.22
1996,6,11,163,0.3294084822245304,-0.9441875088341993,60.0,20.317,223.2,0.0,0.0,3.7
1996,6,11,163,0.3294084822245304,-0.9441875088341993,80.0,19.673,221.8,0.0,0.0,3.25
1996,6,11,163,0.3294084822245304,-0.9441875088341993,100.0,19.263,215.4,0.38,0.0,2.76
1996,6,11,163,0.3294084822245304,-0.9441875088341993,120.0,18.854,209.7,1.26,0.0,0.72
1996,6,11,163,0.3294084822245304,-0.9441875088341993,140.0,18.752,204.7,2.32,0.09,0.13
1996,7,4,186,-0.060213277365792774,-0.9981855344718586,1.0,25.756,203.2,0.0,0.0,10.74
1996,7,4,186,-0.060213277365792774,-0.9981855344718586,10.0,25.178,205.1,0.0,0.0,9.21
1996,7,4,186,-0.060213277365792774,-0.9981855344718586,20.0,25.053,208.9,0.0,0.0,11.33
1996,7,4,186,-0.060213277365792774,-0.9981855344718586,30.0,24.606,206.2,0.0,0.0,8.08
1996,7,4,186,-0.060213277365792774,-0.9981855344718586,40.0,21.911,221.1,0.0,0.0,8.07
1996,7,4,186,-0.060213277365792774,-0.9981855344718586,60.0,20.989,223.9,0.0,0.0,7.75
1996,7,4,186,-0.060213277365792774,-0.9981855344718586,80.0,19.772,225.0,0.2,0.0,4.68
1996,7,4,186,-0.060213277365792774,-0.9981855344718586,100.0,19.185,209.3,0.91,0.0,2.07
1996,7,4,186,-0.060213277365792774,-0.9981855344718586,120.0,18.762,211.6,2.34,0.08,0.73
1996,7,5,187,-0.07738647923346322,-0.9970011699250151,1.0,25.756,203.2,0.0,0.0,5.64
1996,7,5,187,-0.07738647923346322,-0.9970011699250151,10.0,25.178,205.1,0.0,0.0,5.85
1996,7,5,187,-0.07738647923346322,-0.9970011699250151,20.0,25.053,208.9,0.0,0.0,5.8
1996,7,5,187,-0.07738647923346322,-0.9970011699250151,30.0,24.606,206.2,0.0,0.0,4.45
1996,7,5,187,-0.07738647923346322,-0.9970011699250151,40.0,21.911,221.1,0.0,0.0,1.4
1996,7,5,187,-0.07738647923346322,-0.9970011699250151,60.0,20.989,223.9,0.0,0.0,5.31
1996,7,5,187,-0.07738647923346322,-0.9970011699250151,80.0,19.772,225.0,0.2,0.0,3.26
1996,7,5,187,-0.07738647923346322,-0.9970011699250151,100.0,19.185,209.3,0.91,0.0,2.35
1996,7,5,187,-0.07738647923346322,-0.9970011699250151,120.0,18.762,211.6,2.34,0.08,0.42
1996,7,9,191,-0.14579919691987442,-0.9893142039703664,1.0,26.369,203.3,0.0,0.0,10.17
1996,7,9,191,-0.14579919691987442,-0.9893142039703664,21.0,24.55,205.0,0.0,0.0,8.51
1996,7,9,191,-0.14579919691987442,-0.9893142039703664,40.0,22.566,223.6,0.0,0.0,6.51
1996,7,9,191,-0.14579919691987442,-0.9893142039703664,60.0,20.695,220.8,0.0,0.0,6.29
1996,7,9,191,-0.14579919691987442,-0.9893142039703664,80.0,19.751,215.5,0.23,0.0,2.74
1996,8,6,219,-0.5877852522924734,-0.8090169943749472,1.0,28.305,197.3,0.0,0.0,6.06
1996,8,6,219,-0.5877852522924734,-0.8090169943749472,20.0,27.95,195.8,0.0,0.0,4.16
1996,8,6,219,-0.5877852522924734,-0.8090169943749472,40.0,23.33,232.7,0.0,0.0,5.85
1996,8,6,219,-0.5877852522924734,-0.8090169943749472,60.0,21.506,230.6,0.0,0.0,4.4
1996,8,6,219,-0.5877852522924734,-0.8090169943749472,80.0,20.078,212.5,0.0,0.0,2.77
1996,8,6,219,-0.5877852522924734,-0.8090169943749472,100.0,19.392,211.5,0.11,0.0,2.41
1996,8,6,219,-0.5877852522924734,-0.8090169943749472,120.0,18.939,204.3,1.04,0.0,0.97
1996,8,6,219,-0.5877852522924734,-0.8090169943749472,140.0,18.789,203.0,1.88,0.06,0.13
1996,9,3,247,-0.8958392907349089,-0.4443781781046134,1.0,28.213,197.3,0.0,0.0,4.02
1996,9,3,247,-0.8958392907349089,-0.4443781781046134,20.0,27.846,197.2,0.0,0.0,4.82
1996,9,3,247,-0.8958392907349089,-0.4443781781046134,40.0,24.219,230.1,0.0,0.0,6.05
1996,9,3,247,-0.8958392907349089,-0.4443781781046134,60.0,21.755,231.8,0.0,0.0,4.58
1996,9,3,247,-0.8958392907349089,-0.4443781781046134,80.0,20.32,222.2,0.0,0.0,2.76
1996,9,3,247,-0.8958392907349089,-0.4443781781046134,100.0,19.406,214.7,0.06,0.0,1.4
1996,9,3,247,-0.8958392907349089,-0.4443781781046134,120.0,18.825,206.2,1.28,0.0,0.79
1996,9,3,247,-0.8958392907349089,-0.4443781781046134,140.0,18.645,204.6,2.34,0.1,0.25
1996,10,9,283,-0.9873494423939864,0.15855938510313475,1.0,26.331,201.4,0.0,0.0,4.81
1996,10,9,283,-0.9873494423939864,0.15855938510313475,21.0,26.3,201.4,0.0,0.0,4.99
1996,10,9,283,-0.9873494423939864,0.15855938510313475,40.0,26.308,202.2,0.0,0.0,5.27
1996,10,9,283,-0.9873494423939864,0.15855938510313475,60.0,22.482,243.4,0.0,0.0,5.23
1996,10,9,283,-0.9873494423939864,0.15855938510313475,80.0,20.153,227.9,0.0,0.0,3.27
1996,10,9,283,-0.9873494423939864,0.15855938510313475,100.0,19.183,213.2,0.0,0.0,1.43
1996,10,9,283,-0.9873494423939864,0.15855938510313475,120.0,18.929,202.0,1.29,0.04,0.43
1996,10,9,283,-0.9873494423939864,0.15855938510313475,140.0,18.703,204.7,1.87,0.09,0.28
1996,11,6,311,-0.801361088174677,0.5981809144059158,1.0,23.75,210.6,0.0,0.0,4.54
1996,11,6,311,-0.801361088174677,0.5981809144059158,21.0,23.675,211.1,0.0,0.0,4.24
1996,11,6,311,-0.801361088174677,0.5981809144059158,40.0,23.601,211.5,0.0,0.0,3.71
1996,11,6,311,-0.801361088174677,0.5981809144059158,60.0,20.61,234.5,0.0,0.0,2.53
1996,11,6,311,-0.801361088174677,0.5981809144059158,80.0,19.337,223.2,0.0,0.0,1.89
1996,11,6,311,-0.801361088174677,0.5981809144059158,100.0,18.757,208.2,0.71,0.0,0.67
1996,11,6,311,-0.801361088174677,0.5981809144059158,120.0,18.552,207.2,2.01,0.06,0.42
1996,11,6,311,-0.801361088174677,0.5981809144059158,140.0,18.459,207.9,2.53,0.09,0.11
1996,12,12,347,-0.3049212246562894,0.9523775757303973,1.0,21.533,214.6,0.08,0.0,16.23
1996,12,12,347,-0.3049212246562894,0.9523775757303973,20.0,21.533,214.4,0.08,0.0,13.08
1996,12,12,347,-0.3049212246562894,0.9523775757303973,40.0,21.528,214.2,0.08,0.0,5.99
1996,12,12,347,-0.3049212246562894,0.9523775757303973,60.0,21.525,214.1,0.08,0.0,2.0
1996,12,12,347,-0.3049212246562894,0.9523775757303973,80.0,21.52,214.1,0.09,0.0,0.44
1996,12,12,347,-0.3049212246562894,0.9523775757303973,100.0,21.518,213.8,0.09,0.0,0.11
1996,12,12,347,-0.3049212246562894,0.9523775757303973,120.0,21.515,214.0,0.11,0.0,-0.07
1996,12,12,347,-0.3049212246562894,0.9523775757303973,140.0,21.514,213.5,0.09,0.0,-0.05
1997,1,14,14,0.2386727660059501,0.9711000518829505,1.0,20.744,217.5,0.0,0.0,7.28
1997,1,14,14,0.2386727660059501,0.9711000518829505,20.0,20.747,217.8,0.0,0.0,5.25
1997,1,14,14,0.2386727660059501,0.9711000518829505,40.0,20.749,217.7,0.0,0.0,2.26
1997,1,14,14,0.2386727660059501,0.9711000518829505,60.0,20.747,218.0,0.0,0.0,0.91
1997,1,14,14,0.2386727660059501,0.9711000518829505,80.0,20.716,216.9,0.0,0.0,0.2
1997,1,14,14,0.2386727660059501,0.9711000518829505,100.0,20.722,216.4,0.07,0.0,0.03
1997,1,14,14,0.2386727660059501,0.9711000518829505,120.0,20.59,208.8,0.32,0.0,-0.03
1997,1,14,14,0.2386727660059501,0.9711000518829505,140.0,20.042,199.1,0.6,0.0,-0.08
1997,1,28,28,0.4635502709028509,0.886070621534138,1.0,20.379,217.6,0.07,0.0,12.16
1997,1,28,28,0.4635502709028509,0.886070621534138,20.0,20.36,217.9,0.09,0.0,12.9
1997,1,28,28,0.4635502709028509,0.886070621534138,40.0,20.363,217.8,0.09,0.0,8.66
1997,1,28,28,0.4635502709028509,0.886070621534138,60.0,20.371,217.5,0.09,0.0,3.12
1997,1,28,28,0.4635502709028509,0.886070621534138,80.0,20.358,217.2,0.11,0.0,0.96
1997,1,28,28,0.4635502709028509,0.886070621534138,100.0,20.346,216.8,0.12,0.0,0.24
1997,1,28,28,0.4635502709028509,0.886070621534138,120.0,19.4,205.3,1.2,0.0,-0.03
1997,1,28,28,0.4635502709028509,0.886070621534138,140.0,18.709,198.7,2.37,0.08,-0.08
1997,2,7,38,0.6084768701151261,0.7935716089521474,1.0,21.063,219.4,0.0,0.0,4.76
1997,2,7,38,0.6084768701151261,0.7935716089521474,20.0,20.966,219.2,0.0,0.0,3.92
1997,2,7,38,0.6084768701151261,0.7935716089521474,40.0,20.918,223.0,0.0,0.0,2.82
1997,2,7,38,0.6084768701151261,0.7935716089521474,60.0,20.548,217.7,0.0,0.0,3.24
1997,2,7,38,0.6084768701151261,0.7935716089521474,80.0,20.439,216.5,0.08,0.0,2.05
1997,2,7,38,0.6084768701151261,0.7935716089521474,100.0,20.316,218.4,0.07,0.0,0.5
1997,2,7,38,0.6084768701151261,0.7935716089521474,120.0,20.259,213.1,0.34,0.0,0.23
1997,2,7,38,0.6084768701151261,0.7935716089521474,140.0,19.269,199.5,1.74,0.06,0.11
1997,2,21,52,0.7802958510707755,0.6254105729852463,1.0,20.982,220.3,0.0,0.0,5.69
1997,2,21,52,0.7802958510707755,0.6254105729852463,20.0,20.652,220.1,0.0,0.0,6.32
1997,2,21,52,0.7802958510707755,0.6254105729852463,40.0,20.55,221.2,0.0,0.0,7.66
1997,2,21,52,0.7802958510707755,0.6254105729852463,60.0,20.378,222.1,0.0,0.0,9.07
1997,2,21,52,0.7802958510707755,0.6254105729852463,80.0,20.125,221.4,0.0,0.0,6.42
1997,2,21,52,0.7802958510707755,0.6254105729852463,100.0,19.905,217.9,0.2,0.0,1.76
1997,2,21,52,0.7802958510707755,0.6254105729852463,120.0,19.675,222.8,0.44,0.0,0.23
1997,2,21,52,0.7802958510707755,0.6254105729852463,140.0,19.521,203.0,1.21,0.05,0.15
1997,3,5,64,0.8919813464595485,0.45207220393230435,1.0,21.171,220.5,0.0,0.0,2.2
1997,3,5,64,0.8919813464595485,0.45207220393230435,20.0,21.082,220.7,0.0,0.0,2.26
1997,3,5,64,0.8919813464595485,0.45207220393230435,40.0,20.699,222.2,0.0,0.0,2.9
1997,3,5,64,0.8919813464595485,0.45207220393230435,60.0,20.316,223.7,0.0,0.0,2.63
1997,3,5,64,0.8919813464595485,0.45207220393230435,80.0,20.285,222.8,0.0,0.0,1.75
1997,3,5,64,0.8919813464595485,0.45207220393230435,100.0,20.252,222.3,0.0,0.0,1.27
1997,3,5,64,0.8919813464595485,0.45207220393230435,120.0,19.907,216.0,0.36,0.0,0.56
1997,3,5,64,0.8919813464595485,0.45207220393230435,140.0,19.386,210.0,1.22,0.04,0.16
1997,3,19,78,0.9741004551724205,0.22611568550828828,1.0,21.0,219.0,0.0,0.0,3.73
1997,3,19,78,0.9741004551724205,0.22611568550828828,20.0,20.824,219.2,0.0,0.04,4.79
1997,3,19,78,0.9741004551724205,0.22611568550828828,40.0,20.813,219.2,0.0,0.0,4.04
1997,3,19,78,0.9741004551724205,0.22611568550828828,60.0,20.809,219.2,0.0,0.0,3.14
1997,3,19,78,0.9741004551724205,0.22611568550828828,80.0,20.125,219.0,0.0,0.0,3.88
1997,3,19,78,0.9741004551724205,0.22611568550828828,100.0,19.918,197.5,0.69,0.0,2.07
1997,3,19,78,0.9741004551724205,0.22611568550828828,120.0,19.563,207.8,0.85,0.0,0.27
1997,3,19,78,0.9741004551724205,0.22611568550828828,140.0,19.312,203.8,1.41,0.05,0.05
1997,4,9,99,0.9911140639934547,-0.1330147065341959,1.0,20.5,221.0,0.0,0.0,8.57
1997,4,9,99,0.9911140639934547,-0.1330147065341959,20.0,20.536,221.1,0.0,0.0,8.17
1997,4,9,99,0.9911140639934547,-0.1330147065341959,40.0,20.477,221.0,0.0,0.0,7.12
1997,4,9,99,0.9911140639934547,-0.1330147065341959,60.0,20.37,221.0,0.0,0.0,4.56
1997,4,9,99,0.9911140639934547,-0.1330147065341959,80.0,20.374,220.8,0.0,0.0,2.53
1997,4,9,99,0.9911140639934547,-0.1330147065341959,100.0,20.344,220.8,0.0,0.0,0.87
1997,4,9,99,0.9911140639934547,-0.1330147065341959,120.0,20.316,220.6,0.0,0.0,0.24
1997,4,9,99,0.9911140639934547,-0.1330147065341959,140.0,20.277,220.4,0.0,0.0,0.06
1997,5,6,126,0.8263541987239096,-0.5631507242749186,1.0,20.822,222.0,0.0,0.0,2.62
1997,5,6,126,0.8263541987239096,-0.5631507242749186,20.0,20.715,222.0,0.0,0.0,4.93
1997,5,6,126,0.8263541987239096,-0.5631507242749186,40.0,20.54,222.5,0.0,0.0,5.61
1997,5,6,126,0.8263541987239096,-0.5631507242749186,60.0,20.376,222.5,0.0,0.0,3.93
1997,5,6,126,0.8263541987239096,-0.5631507242749186,80.0,20.229,220.8,0.0,0.0,2.74
1997,5,6,126,0.8263541987239096,-0.5631507242749186,100.0,20.166,218.1,0.15,0.0,1.98
1997,5,6,126,0.8263541987239096,-0.5631507242749186,120.0,20.128,217.8,0.21,0.0,0.56
1997,5,6,126,0.8263541987239096,-0.5631507242749186,140.0,19.878,218.4,0.28,0.0,0.08
1997,6,11,162,0.3456123126707335,-0.9383773917408641,1.0,23.205,215.7,0.0,0.0,2.56
1997,6,11,162,0.3456123126707335,-0.9383773917408641,20.0,22.955,215.4,0.0,0.0,7.13
1997,6,11,162,0.3456123126707335,-0.9383773917408641,40.0,22.34,220.4,0.0,0.0,6.49
1997,6,11,162,0.3456123126707335,-0.9383773917408641,60.0,20.311,224.7,0.0,0.0,5.8
1997,6,11,162,0.3456123126707335,-0.9383773917408641,80.0,19.608,212.9,0.0,0.0,6.97
1997,6,11,162,0.3456123126707335,-0.9383773917408641,100.0,19.212,208.9,1.14,0.0,1.33
1997,6,11,162,0.3456123126707335,-0.9383773917408641,120.0,18.892,205.2,2.01,0.07,0.1
1997,6,11,162,0.3456123126707335,-0.9383773917408641,140.0,18.596,214.1,1.98,0.07,0.01
1997,7,15,196,-0.23030567023061196,-0.973118337233262,1.0,28.023,203.1,0.0,0.0,2.75
1997,7,15,196,-0.23030567023061196,-0.973118337233262,20.0,25.195,212.0,0.0,0.0,4.64
1997,7,15,196,-0.23030567023061196,-0.973118337233262,40.0,21.662,228.6,0.0,0.0,4.43
1997,7,15,196,-0.23030567023061196,-0.973118337233262,60.0,20.7,226.5,0.0,0.0,4.56
1997,7,15,196,-0.23030567023061196,-0.973118337233262,80.0,19.983,220.3,0.0,0.0,5.96
1997,7,15,196,-0.23030567023061196,-0.973118337233262,100.0,19.335,213.7,0.37,0.0,2.46
1997,7,15,196,-0.23030567023061196,-0.973118337233262,120.0,19.119,208.9,1.36,0.0,0.62
1997,7,15,196,-0.23030567023061196,-0.973118337233262,140.0,18.958,209.9,1.67,0.06,0.15
1997,8,12,224,-0.655156357209085,-0.7554933140726804,1.0,28.428,197.8,0.0,0.0,4.91
1997,8,12,224,-0.655156357209085,-0.7554933140726804,20.0,28.199,199.7,0.0,0.0,3.72
1997,8,12,224,-0.655156357209085,-0.7554933140726804,40.0,24.078,226.5,0.0,0.0,3.05
1997,8,12,224,-0.655156357209085,-0.7554933140726804,60.0,22.453,226.9,0.0,0.0,3.07
1997,8,12,224,-0.655156357209085,-0.7554933140726804,80.0,21.602,232.7,0.0,0.0,2.25
1997,8,12,224,-0.655156357209085,-0.7554933140726804,100.0,20.806,221.7,0.0,0.0,1.3
1997,8,12,224,-0.655156357209085,-0.7554933140726804,120.0,20.386,218.1,0.0,0.0,0.86
1997,8,12,224,-0.655156357209085,-0.7554933140726804,140.0,19.711,212.3,0.06,0.0,0.28
1997,10,7,280,-0.994217906893952,0.10738134666416306,1.0,26.599,201.5,0.0,0.0,3.92
1997,10,7,280,-0.994217906893952,0.10738134666416306,20.0,26.571,200.7,0.0,0.0,0.99
1997,10,7,280,-0.994217906893952,0.10738134666416306,40.0,21.836,235.3,0.0,0.0,3.79
1997,10,7,280,-0.994217906893952,0.10738134666416306,60.0,21.3,228.1,0.0,0.0,3.35
1997,10,7,280,-0.994217906893952,0.10738134666416306,80.0,20.154,220.6,0.0,0.0,2.65
1997,10,7,280,-0.994217906893952,0.10738134666416306,100.0,19.756,215.2,0.0,0.0,1.79
1997,10,7,280,-0.994217906893952,0.10738134666416306,120.0,19.459,210.6,0.51,0.0,0.61
1997,10,7,280,-0.994217906893952,0.10738134666416306,140.0,19.291,210.4,0.99,0.0,0.17
1997,11,12,316,-0.7469720876965551,0.6648553979642866,1.0,24.158,209.1,0.0,0.0,4.85
1997,11,12,316,-0.7469720876965551,0.6648553979642866,20.0,23.909,209.2,0.0,0.0,2.71
1997,11,12,316,-0.7469720876965551,0.6648553979642866,40.0,23.884,209.3,0.0,0.0,3.76
1997,11,12,316,-0.7469720876965551,0.6648553979642866,60.0,23.73,210.3,0.0,0.0,4.75
1997,11,12,316,-0.7469720876965551,0.6648553979642866,80.0,21.748,211.4,0.45,0.0,2.44
1997,11,12,316,-0.7469720876965551,0.6648553979642866,100.0,20.993,213.6,0.15,0.0,0.51
1997,11,12,316,-0.7469720876965551,0.6648553979642866,120.0,19.938,204.9,0.42,0.0,0.2
1997,11,12,316,-0.7469720876965551,0.6648553979642866,140.0,19.299,198.8,1.02,0.0,0.07
1997,12,9,343,-0.3697245428906732,0.9291414114031743,1.0,22.061,212.9,0.0,0.0,10.81
1997,12,9,343,-0.3697245428906732,0.9291414114031743,20.0,22.036,212.9,0.0,0.0,10.37
1997,12,9,343,-0.3697245428906732,0.9291414114031743,40.0,22.039,212.3,0.0,0.0,6.45
1997,12,9,343,-0.3697245428906732,0.9291414114031743,60.0,22.046,212.3,0.0,0.0,2.73
1997,12,9,343,-0.3697245428906732,0.9291414114031743,80.0,22.045,212.4,0.0,0.0,0.85
1997,12,9,343,-0.3697245428906732,0.9291414114031743,100.0,22.049,211.9,0.0,0.0,0.29
1997,12,9,343,-0.3697245428906732,0.9291414114031743,120.0,20.31,203.0,1.04,0.05,0.11
1997,12,9,343,-0.3697245428906732,0.9291414114031743,140.0,19.618,203.0,1.04,0.05,0.03
1998,1,13,13,0.2219215130041655,0.9750645322571948,1.0,21.689,216.1,0.0,0.0,4.76
1998,1,13,13,0.2219215130041655,0.9750645322571948,20.0,21.883,213.8,0.0,0.0,4.45
1998,1,13,13,0.2219215130041655,0.9750645322571948,40.0,21.21,216.5,0.0,0.0,3.8
1998,1,13,13,0.2219215130041655,0.9750645322571948,60.0,20.666,219.9,0.0,0.0,2.55
1998,1,13,13,0.2219215130041655,0.9750645322571948,80.0,20.445,222.2,0.0,0.0,0.8
1998,1,13,13,0.2219215130041655,0.9750645322571948,100.0,20.258,218.5,0.47,0.0,0.5
1998,1,13,13,0.2219215130041655,0.9750645322571948,120.0,19.865,199.9,1.64,0.07,0.13
1998,1,13,13,0.2219215130041655,0.9750645322571948,140.0,19.233,198.8,1.97,0.08,0.02
1998,2,12,43,0.6744436188329455,0.7383263540031065,1.0,20.375,219.5,0.06,0.0,11.8
1998,2,12,43,0.6744436188329455,0.7383263540031065,20.0,20.359,219.6,0.0,0.0,12.62
1998,2,12,43,0.6744436188329455,0.7383263540031065,40.0,20.267,219.5,0.0,0.0,8.77
1998,2,12,43,0.6744436188329455,0.7383263540031065,60.0,20.273,220.9,0.0,0.0,3.82
1998,2,12,43,0.6744436188329455,0.7383263540031065,80.0,20.263,221.5,0.18,0.0,1.2
1998,2,12,43,0.6744436188329455,0.7383263540031065,100.0,20.051,223.2,0.36,0.0,0.21
1998,2,12,43,0.6744436188329455,0.7383263540031065,120.0,19.304,222.9,0.63,0.0,0.08
1998,2,12,43,0.6744436188329455,0.7383263540031065,140.0,19.317,222.0,0.73,0.0,0.12
1998,3,12,71,0.9398560579418954,0.3415707691678556,1.0,19.585,225.7,0.0,0.0,12.55
1998,3,12,71,0.9398560579418954,0.3415707691678556,20.0,19.24,225.9,0.0,0.0,6.77
1998,3,12,71,0.9398560579418954,0.3415707691678556,40.0,19.46,225.9,0.0,0.0,8.78
1998,3,12,71,0.9398560579418954,0.3415707691678556,60.0,19.331,222.7,0.31,0.0,3.03
1998,3,12,71,0.9398560579418954,0.3415707691678556,80.0,19.321,222.3,0.38,0.0,0.47
1998,3,12,71,0.9398560579418954,0.3415707691678556,100.0,19.319,221.8,0.42,0.0,0.31
1998,3,12,71,0.9398560579418954,0.3415707691678556,120.0,19.11,223.2,0.6,0.0,0.08
1998,3,12,71,0.9398560579418954,0.3415707691678556,140.0,19.08,221.4,0.87,0.04,0.04
1998,3,25,84,0.9922222094179323,0.12447926388678915,1.0,20.507,221.2,0.0,0.0,5.05
1998,3,25,84,0.9922222094179323,0.12447926388678915,20.0,20.439,221.2,0.0,0.0,6.84
1998,3,25,84,0.9922222094179323,0.12447926388678915,40.0,20.479,219.8,0.0,0.0,4.1
1998,3,25,84,0.9922222094179323,0.12447926388678915,60.0,20.485,219.4,0.0,0.0,3.45
1998,3,25,84,0.9922222094179323,0.12447926388678915,80.0,20.469,218.6,0.0,0.0,1.18
1998,3,25,84,0.9922222094179323,0.12447926388678915,100.0,19.326,216.5,0.7,0.0,0.13
1998,3,25,84,0.9922222094179323,0.12447926388678915,120.0,19.324,221.6,0.76,0.0,0.16
1998,3,25,84,0.9922222094179323,0.12447926388678915,140.0,19.094,223.1,0.68,0.0,0.09
1998,4,7,97,0.9951053111006976,-0.09882013873287143,1.0,19.994,223.8,0.0,0.0,3.88
1998,4,7,97,0.9951053111006976,-0.09882013873287143,20.0,20.095,224.0,0.0,0.0,0.49
1998,4,7,97,0.9951053111006976,-0.09882013873287143,40.0,19.971,223.8,0.0,0.0,2.66
1998,4,7,97,0.9951053111006976,-0.09882013873287143,60.0,19.965,223.9,0.0,0.0,3.59
1998,4,7,97,0.9951053111006976,-0.09882013873287143,80.0,19.404,227.8,0.0,0.0,1.37
1998,4,7,97,0.9951053111006976,-0.09882013873287143,100.0,19.218,217.3,0.84,0.0,0.89
1998,4,7,97,0.9951053111006976,-0.09882013873287143,120.0,19.12,221.2,0.7,0.0,0.13
1998,4,7,97,0.9951053111006976,-0.09882013873287143,140.0,19.111,220.0,0.89,0.05,0.1
1998,5,5,125,0.8359254794186372,-0.548842958284719,1.0,20.956,222.0,0.0,0.0,4.2
1998,5,5,125,0.8359254794186372,-0.548842958284719,20.0,20.954,222.1,0.0,0.0,3.55
1998,5,5,125,0.8359254794186372,-0.548842958284719,40.0,20.631,223.3,0.0,0.0,0.18
1998,5,5,125,0.8359254794186372,-0.548842958284719,60.0,20.014,224.0,0.0,0.0,2.3
1998,5,5,125,0.8359254794186372,-0.548842958284719,80.0,19.621,223.5,0.0,0.0,1.61
1998,5,5,125,0.8359254794186372,-0.548842958284719,100.0,19.379,219.3,0.42,0.0,0.21
1998,5,5,125,0.8359254794186372,-0.548842958284719,120.0,19.155,217.7,0.9,0.05,0.04
1998,5,5,125,0.8359254794186372,-0.548842958284719,140.0,19.073,219.3,0.99,0.06,-0.04
1998,6,2,153,0.48627270710868997,-0.8738071036110808,1.0,23.399,216.4,0.06,0.0,5.43
1998,6,2,153,0.48627270710868997,-0.8738071036110808,20.0,22.874,218.9,0.06,0.0,4.94
1998,6,2,153,0.48627270710868997,-0.8738071036110808,40.0,20.268,228.1,0.0,0.0,4.36
1998,6,2,153,0.48627270710868997,-0.8738071036110808,60.0,19.427,231.1,0.0,0.0,4.01
1998,6,2,153,0.48627270710868997,-0.8738071036110808,80.0,19.194,224.0,0.09,0.04,3.18
1998,6,2,153,0.48627270710868997,-0.8738071036110808,100.0,19.063,218.0,0.66,0.05,0.85
1998,6,2,153,0.48627270710868997,-0.8738071036110808,120.0,18.986,216.5,0.74,0.06,0.11
1998,6,2,153,0.48627270710868997,-0.8738071036110808,140.0,18.87,213.9,1.11,0.08,-0.09
1998,7,7,188,-0.09453674981719933,-0.9955213724144752,1.0,26.731,204.1,0.0,0.0,0.74
1998,7,7,188,-0.09453674981719933,-0.9955213724144752,20.0,23.871,220.2,0.0,0.0,5.94
1998,7,7,188,-0.09453674981719933,-0.9955213724144752,40.0,20.94,232.8,0.0,0.0,4.66
1998,7,7,188,-0.09453674981719933,-0.9955213724144752,60.0,19.688,230.0,0.0,0.0,4.24
1998,7,7,188,-0.09453674981719933,-0.9955213724144752,80.0,19.33,224.2,0.0,0.0,5.4
1998,7,7,188,-0.09453674981719933,-0.9955213724144752,100.0,19.099,218.0,0.37,0.0,2.04
1998,7,7,188,-0.09453674981719933,-0.9955213724144752,120.0,18.928,214.9,1.01,0.0,0.29
1998,7,7,188,-0.09453674981719933,-0.9955213724144752,140.0,18.891,214.2,1.29,0.05,0.04
1998,8,11,223,-0.6420547132365636,-0.7666588193001592,1.0,28.689,198.7,0.0,0.0,4.16
1998,8,11,223,-0.6420547132365636,-0.7666588193001592,20.0,28.453,199.3,0.0,0.0,2.72
1998,8,11,223,-0.6420547132365636,-0.7666588193001592,40.0,22.859,232.9,0.0,0.0,3.59
1998,8,11,223,-0.6420547132365636,-0.7666588193001592,60.0,20.581,236.2,0.0,0.0,1.77
1998,8,11,223,-0.6420547132365636,-0.7666588193001592,80.0,19.791,229.9,0.0,0.0,0.21
1998,8,11,223,-0.6420547132365636,-0.7666588193001592,100.0,19.217,217.8,0.1,0.0,0.08
1998,8,11,223,-0.6420547132365636,-0.7666588193001592,120.0,18.946,210.9,1.19,0.04,0.03
1998,8,11,223,-0.6420547132365636,-0.7666588193001592,140.0,18.858,209.3,1.8,0.08,-0.03
1998,9,10,253,-0.9368813462954315,-0.34964745525122826,1.0,28.141,197.9,0.0,0.0,3.58
1998,9,10,253,-0.9368813462954315,-0.34964745525122826,20.0,28.128,199.3,0.0,0.0,4.43
1998,9,10,253,-0.9368813462954315,-0.34964745525122826,40.0,27.845,199.2,0.0,0.0,4.26
1998,9,10,253,-0.9368813462954315,-0.34964745525122826,60.0,24.371,207.6,0.0,0.0,5.12
1998,9,10,253,-0.9368813462954315,-0.34964745525122826,80.0,22.729,193.5,0.2,0.0,6.23
1998,9,10,253,-0.9368813462954315,-0.34964745525122826,100.0,21.463,185.0,1.93,0.1,0.78
1998,9,10,253,-0.9368813462954315,-0.34964745525122826,120.0,20.827,193.0,1.74,0.11,0.07
1998,9,10,253,-0.9368813462954315,-0.34964745525122826,140.0,20.374,197.9,1.41,0.09,0.05
1998,10,22,295,-0.9338372288229252,0.35769823883312546,1.0,25.394,204.8,0.0,0.0,3.21
1998,10,22,295,-0.9338372288229252,0.35769823883312546,20.0,25.475,204.2,0.0,0.0,4.36
1998,10,22,295,-0.9338372288229252,0.35769823883312546,40.0,25.418,204.8,0.0,0.0,3.33
1998,10,22,295,-0.9338372288229252,0.35769823883312546,60.0,23.594,214.7,0.0,0.0,3.61
1998,10,22,295,-0.9338372288229252,0.35769823883312546,80.0,22.456,213.7,0.12,0.0,2.98
1998,10,22,295,-0.9338372288229252,0.35769823883312546,100.0,20.84,211.8,0.39,0.0,0.44
1998,10,22,295,-0.9338372288229252,0.35769823883312546,120.0,19.927,210.5,0.51,0.0,0.11
1998,10,22,295,-0.9338372288229252,0.35769823883312546,140.0,19.508,206.9,0.83,0.0,0.02
1998,11,17,321,-0.6870527672236675,0.7266075247685652,1.0,23.974,209.2,0.0,0.0,5.06
1998,11,17,321,-0.6870527672236675,0.7266075247685652,20.0,23.932,208.9,0.0,0.0,4.31
1998,11,17,321,-0.6870527672236675,0.7266075247685652,40.0,23.742,209.2,0.0,0.0,2.23
1998,11,17,321,-0.6870527672236675,0.7266075247685652,60.0,23.666,213.2,0.0,0.0,1.7
1998,11,17,321,-0.6870527672236675,0.7266075247685652,80.0,22.03,209.4,0.11,0.0,0.98
1998,11,17,321,-0.6870527672236675,0.7266075247685652,100.0,20.778,208.4,0.52,0.0,0.59
1998,11,17,321,-0.6870527672236675,0.7266075247685652,120.0,19.84,204.4,1.15,0.06,0.26
1998,11,17,321,-0.6870527672236675,0.7266075247685652,140.0,19.506,205.1,1.25,0.06,0.05
1998,12,8,342,-0.38566340624360745,0.9226395488404875,1.0,23.074,213.0,0.0,0.0,4.53
1998,12,8,342,-0.38566340624360745,0.9226395488404875,20.0,23.079,213.0,0.0,0.0,2.01
1998,12,8,342,-0.38566340624360745,0.9226395488404875,40.0,23.108,213.2,0.0,0.0,2.45
1998,12,8,342,-0.38566340624360745,0.9226395488404875,60.0,23.104,212.9,0.0,0.0,2.17
1998,12,8,342,-0.38566340624360745,0.9226395488404875,80.0,21.921,213.9,0.0,0.0,2.34
1998,12,8,342,-0.38566340624360745,0.9226395488404875,100.0,20.462,217.1,0.0,0.0,0.79
1998,12,8,342,-0.38566340624360745,0.9226395488404875,120.0,20.107,212.6,0.1,0.0,0.17
1998,12,8,342,-0.38566340624360745,0.9226395488404875,140.0,19.557,204.8,0.34,0.0,0.07
1999,1,15,15,0.255353295116187,0.9668478136052775,1.0,21.914,217.4,0.0,0.0,5.1
1999,1,15,15,0.255353295116187,0.9668478136052775,20.0,21.925,217.7,0.0,0.0,4.0
1999,1,15,15,0.255353295116187,0.9668478136052775,40.0,21.909,218.0,0.0,0.0,4.2
1999,1,15,15,0.255353295116187,0.9668478136052775,60.0,21.906,217.2,0.0,0.0,3.11
1999,1,15,15,0.255353295116187,0.9668478136052775,80.0,21.904,217.0,0.0,0.0,1.49
1999,1,15,15,0.255353295116187,0.9668478136052775,100.0,21.888,216.4,0.0,0.0,0.46
1999,1,15,15,0.255353295116187,0.9668478136052775,120.0,18.973,232.9,0.0,0.0,0.25
1999,1,15,15,0.255353295116187,0.9668478136052775,140.0,18.269,214.7,0.39,0.0,0.02
1999,1,27,27,0.4482293417404106,0.893918596519257,1.0,21.61,218.0,0.0,0.0,5.89
1999,1,27,27,0.4482293417404106,0.893918596519257,20.0,21.617,217.8,0.0,0.0,5.73
1999,1,27,27,0.4482293417404106,0.893918596519257,40.0,21.629,217.8,0.0,0.0,4.55
1999,1,27,27,0.4482293417404106,0.893918596519257,60.0,21.63,217.8,0.0,0.0,2.51
1999,1,27,27,0.4482293417404106,0.893918596519257,80.0,21.63,218.4,0.0,0.0,1.26
1999,1,27,27,0.4482293417404106,0.893918596519257,100.0,21.24,212.2,0.73,0.04,0.37
1999,1,27,27,0.4482293417404106,0.893918596519257,120.0,19.303,214.0,0.42,0.0,0.5
1999,1,27,27,0.4482293417404106,0.893918596519257,140.0,18.563,203.7,1.49,0.06,0.1
1999,2,12,43,0.6744436188329455,0.7383263540031065,1.0,21.572,216.7,0.0,0.0,10.45
1999,2,12,43,0.6744436188329455,0.7383263540031065,20.0,21.507,216.3,0.0,0.0,10.6
1999,2,12,43,0.6744436188329455,0.7383263540031065,40.0,21.491,216.6,0.0,0.0,7.97
1999,2,12,43,0.6744436188329455,0.7383263540031065,60.0,21.478,216.1,0.0,0.0,2.79
1999,2,12,43,0.6744436188329455,0.7383263540031065,80.0,21.3,216.0,0.0,0.0,0.38
1999,2,12,43,0.6744436188329455,0.7383263540031065,100.0,21.328,216.9,0.0,0.0,0.0
1999,2,12,43,0.6744436188329455,0.7383263540031065,120.0,20.567,214.8,0.28,0.0,-0.02
1999,2,12,43,0.6744436188329455,0.7383263540031065,140.0,19.986,203.2,0.88,0.0,0.01
1999,2,24,55,0.8115390590073611,0.5842981736283684,1.0,20.6,218.7,0.07,0.0,15.24
1999,2,24,55,0.8115390590073611,0.5842981736283684,20.0,20.585,219.6,0.0,0.0,13.09
1999,2,24,55,0.8115390590073611,0.5842981736283684,40.0,20.594,218.6,0.0,0.0,7.45
1999,2,24,55,0.8115390590073611,0.5842981736283684,60.0,20.597,218.6,0.0,0.0,2.77
1999,2,24,55,0.8115390590073611,0.5842981736283684,80.0,20.59,218.5,0.07,0.0,1.19
1999,2,24,55,0.8115390590073611,0.5842981736283684,100.0,20.591,219.4,0.1,0.0,0.4
1999,2,24,55,0.8115390590073611,0.5842981736283684,120.0,20.599,218.5,0.07,0.0,0.18
1999,2,24,55,0.8115390590073611,0.5842981736283684,140.0,20.544,217.2,0.18,0.0,-0.02
1999,3,23,82,0.9873494423939864,0.15855938510313475,1.0,19.481,226.3,0.06,0.0,8.56
1999,3,23,82,0.9873494423939864,0.15855938510313475,20.0,19.738,224.4,0.06,0.0,9.47
1999,3,23,82,0.9873494423939864,0.15855938510313475,40.0,19.589,224.6,0.06,0.0,5.91
1999,3,23,82,0.9873494423939864,0.15855938510313475,60.0,19.563,222.9,0.06,0.0,1.57
1999,3,23,82,0.9873494423939864,0.15855938510313475,80.0,19.514,222.6,0.06,0.0,0.36
1999,3,23,82,0.9873494423939864,0.15855938510313475,100.0,19.503,221.4,0.0,0.0,0.05
1999,3,23,82,0.9873494423939864,0.15855938510313475,120.0,19.485,219.1,0.0,0.0,0.05
1999,3,23,82,0.9873494423939864,0.15855938510313475,140.0,19.539,217.8,0.29,0.0,0.01
1999,4,7,97,0.9951053111006976,-0.09882013873287143,1.0,19.709,223.2,0.1,0.0,10.97
1999,4,7,97,0.9951053111006976,-0.09882013873287143,20.0,19.712,223.1,0.1,0.0,16.21
1999,4,7,97,0.9951053111006976,-0.09882013873287143,40.0,19.703,222.9,0.1,0.0,7.95
1999,4,7,97,0.9951053111006976,-0.09882013873287143,60.0,19.712,223.1,0.1,0.0,3.05
1999,4,7,97,0.9951053111006976,-0.09882013873287143,80.0,19.69,222.7,0.1,0.0,1.11
1999,4,7,97,0.9951053111006976,-0.09882013873287143,100.0,19.705,222.5,0.1,0.0,0.36
1999,4,7,97,0.9951053111006976,-0.09882013873287143,120.0,19.69,222.3,0.13,0.0,0.1
1999,4,7,97,0.9951053111006976,-0.09882013873287143,140.0,19.593,220.5,0.43,0.04,0.01
1999,5,4,124,0.8452490573530633,-0.5343725582809786,1.0,21.483,220.5,0.0,0.0,5.63
1999,5,4,124,0.8452490573530633,-0.5343725582809786,20.0,21.198,220.8,0.0,0.0,3.89
1999,5,4,124,0.8452490573530633,-0.5343725582809786,40.0,21.074,221.1,0.0,0.0,3.65
1999,5,4,124,0.8452490573530633,-0.5343725582809786,60.0,20.62,212.6,0.0,0.0,3.26
1999,5,4,124,0.8452490573530633,-0.5343725582809786,80.0,19.906,216.9,0.1,0.0,5.89
1999,5,4,124,0.8452490573530633,-0.5343725582809786,100.0,19.572,221.4,0.2,0.0,1.77
1999,5,4,124,0.8452490573530633,-0.5343725582809786,120.0,19.411,220.1,0.39,0.0,0.41
1999,5,4,124,0.8452490573530633,-0.5343725582809786,140.0,19.336,218.7,0.59,0.0,0.15
1999,6,1,152,0.5012418134457758,-0.865307254363206,1.0,22.905,215.8,0.0,0.0,4.97
1999,6,1,152,0.5012418134457758,-0.865307254363206,20.0,22.318,218.7,0.0,0.0,2.75
1999,6,1,152,0.5012418134457758,-0.865307254363206,40.0,20.986,225.5,0.0,0.0,4.48
1999,6,1,152,0.5012418134457758,-0.865307254363206,60.0,19.73,227.9,0.0,0.0,5.39
1999,6,1,152,0.5012418134457758,-0.865307254363206,80.0,19.447,226.9,0.0,0.0,3.24
1999,6,1,152,0.5012418134457758,-0.865307254363206,100.0,19.368,217.5,0.83,0.0,2.47
1999,6,1,152,0.5012418134457758,-0.865307254363206,120.0,19.267,217.9,0.86,0.0,0.51
1999,6,1,152,0.5012418134457758,-0.865307254363206,140.0,19.123,216.2,1.1,0.0,0.09
1999,7,6,187,-0.07738647923346322,-0.9970011699250151,1.0,27.9,202.1,0.0,0.0,5.63
1999,7,6,187,-0.07738647923346322,-0.9970011699250151,20.0,26.633,203.6,0.0,0.0,0.17
1999,7,6,187,-0.07738647923346322,-0.9970011699250151,40.0,22.815,221.4,0.0,0.0,4.05
1999,7,6,187,-0.07738647923346322,-0.9970011699250151,60.0,21.169,220.4,0.0,0.0,4.5
1999,7,6,187,-0.07738647923346322,-0.9970011699250151,80.0,20.366,218.5,0.0,0.0,6.26
1999,7,6,187,-0.07738647923346322,-0.9970011699250151,100.0,19.766,214.9,0.07,0.0,4.42
1999,7,6,187,-0.07738647923346322,-0.9970011699250151,120.0,19.325,212.0,0.45,0.0,1.94
1999,7,6,187,-0.07738647923346322,-0.9970011699250151,140.0,19.151,212.0,0.6,0.0,0.18
1999,8,3,215,-0.5307300481619331,-0.8475409228928312,1.0,27.403,200.6,0.0,0.0,6.26
1999,8,3,215,-0.5307300481619331,-0.8475409228928312,20.0,27.312,200.9,0.0,0.0,6.3
1999,8,3,215,-0.5307300481619331,-0.8475409228928312,40.0,23.575,231.9,0.0,0.0,5.1
1999,8,3,215,-0.5307300481619331,-0.8475409228928312,60.0,21.61,237.0,0.0,0.0,5.92
1999,8,3,215,-0.5307300481619331,-0.8475409228928312,80.0,20.459,232.0,0.0,0.05,4.92
1999,8,3,215,-0.5307300481619331,-0.8475409228928312,100.0,19.933,222.9,0.0,0.0,3.25
1999,8,3,215,-0.5307300481619331,-0.8475409228928312,120.0,19.65,219.7,0.0,0.0,1.35
1999,8,3,215,-0.5307300481619331,-0.8475409228928312,140.0,19.418,205.5,0.99,0.05,0.58
1999,9,15,258,-0.9634705485641486,-0.26781430516217486,1.0,28.011,198.4,0.07,0.0,3.85
1999,9,15,258,-0.9634705485641486,-0.26781430516217486,20.0,27.803,202.8,0.0,0.0,4.45
1999,9,15,258,-0.9634705485641486,-0.26781430516217486,40.0,25.356,219.7,0.0,0.0,2.44
1999,9,15,258,-0.9634705485641486,-0.26781430516217486,60.0,22.291,230.1,0.0,0.0,3.22
1999,9,15,258,-0.9634705485641486,-0.26781430516217486,80.0,20.713,229.9,0.0,0.0,2.57
1999,9,15,258,-0.9634705485641486,-0.26781430516217486,100.0,20.26,229.9,0.0,0.0,2.47
1999,9,15,258,-0.9634705485641486,-0.26781430516217486,120.0,19.524,220.7,0.0,0.0,1.05
1999,9,15,258,-0.9634705485641486,-0.26781430516217486,140.0,19.531,213.7,0.13,0.0,0.29
1999,10,12,285,-0.9813064702716093,0.19245158197082995,1.0,26.261,216.0,0.0,0.0,5.18
1999,10,12,285,-0.9813064702716093,0.19245158197082995,20.0,26.275,202.0,0.0,0.0,4.98
1999,10,12,285,-0.9813064702716093,0.19245158197082995,40.0,26.095,203.8,0.0,0.0,3.93
1999,10,12,285,-0.9813064702716093,0.19245158197082995,60.0,24.2,209.6,0.0,0.0,4.41
1999,10,12,285,-0.9813064702716093,0.19245158197082995,80.0,21.511,224.4,0.0,0.0,4.3
1999,10,12,285,-0.9813064702716093,0.19245158197082995,100.0,21.629,212.5,0.0,0.0,2.14
1999,10,12,285,-0.9813064702716093,0.19245158197082995,120.0,19.812,213.6,0.21,0.0,0.56
1999,10,12,285,-0.9813064702716093,0.19245158197082995,140.0,19.509,203.9,1.07,0.0,0.12
1999,11,10,314,-0.7694148268839381,0.6387494220515268,1.0,24.495,206.9,0.0,0.0,5.87
1999,11,10,314,-0.7694148268839381,0.6387494220515268,20.0,23.833,205.2,0.0,0.0,5.38
1999,11,10,314,-0.7694148268839381,0.6387494220515268,40.0,24.469,204.9,0.0,0.0,4.7
1999,11,10,314,-0.7694148268839381,0.6387494220515268,60.0,24.467,205.6,0.0,0.0,3.4
1999,11,10,314,-0.7694148268839381,0.6387494220515268,80.0,22.56,221.4,0.0,0.0,2.82
1999,11,10,314,-0.7694148268839381,0.6387494220515268,100.0,20.914,221.4,0.0,0.0,1.91
1999,11,10,314,-0.7694148268839381,0.6387494220515268,120.0,20.068,206.5,0.59,0.0,0.57
1999,11,10,314,-0.7694148268839381,0.6387494220515268,140.0,19.686,204.5,0.8,0.0,0.2
1999,12,9,343,-0.3697245428906732,0.9291414114031743,1.0,22.809,210.0,0.0,0.0,3.84
1999,12,9,343,-0.3697245428906732,0.9291414114031743,20.0,22.81,212.3,0.0,0.0,3.85
1999,12,9,343,-0.3697245428906732,0.9291414114031743,40.0,22.813,210.1,0.0,0.0,3.42
1999,12,9,343,-0.3697245428906732,0.9291414114031743,60.0,22.814,209.6,0.0,0.0,2.36
1999,12,9,343,-0.3697245428906732,0.9291414114031743,80.0,22.808,209.5,0.0,0.0,1.14
1999,12,9,343,-0.3697245428906732,0.9291414114031743,100.0,22.187,211.6,0.0,0.0,0.78
1999,12,9,343,-0.3697245428906732,0.9291414114031743,120.0,20.279,206.6,0.3,0.0,0.31
1999,12,9,343,-0.3697245428906732,0.9291414114031743,140.0,19.804,202.8,0.8,0.0,0.07
2000,1,29,29,0.47873384011578846,0.8779600847008882,1.0,20.523,215.5,0.0,0.0,5.96
2000,1,29,29,0.47873384011578846,0.8779600847008882,20.0,20.612,215.1,0.0,0.0,6.76
2000,1,29,29,0.47873384011578846,0.8779600847008882,40.0,20.533,215.1,0.0,0.0,4.25
2000,1,29,29,0.47873384011578846,0.8779600847008882,60.0,20.616,215.4,0.0,0.0,2.07
2000,1,29,29,0.47873384011578846,0.8779600847008882,80.0,20.619,215.6,0.0,0.0,1.26
2000,1,29,29,0.47873384011578846,0.8779600847008882,100.0,20.396,215.7,0.0,0.0,0.41
2000,1,29,29,0.47873384011578846,0.8779600847008882,120.0,20.258,216.1,0.0,0.0,0.09
2000,1,29,29,0.47873384011578846,0.8779600847008882,140.0,19.758,215.3,0.14,0.0,0.0
2000,2,15,46,0.7116566222817746,0.7025274741691571,1.0,19.951,220.7,0.0,0.0,8.76
2000,2,15,46,0.7116566222817746,0.7025274741691571,20.0,19.942,221.4,0.0,0.0,10.4
2000,2,15,46,0.7116566222817746,0.7025274741691571,40.0,19.895,220.6,0.0,0.0,5.71
2000,2,15,46,0.7116566222817746,0.7025274741691571,60.0,19.89,219.4,0.0,0.0,2.51
2000,2,15,46,0.7116566222817746,0.7025274741691571,80.0,19.828,215.5,0.34,0.0,0.61
2000,2,15,46,0.7116566222817746,0.7025274741691571,100.0,19.79,215.6,0.36,0.0,0.19
2000,2,15,46,0.7116566222817746,0.7025274741691571,120.0,19.692,216.2,0.36,0.0,0.07
2000,2,15,46,0.7116566222817746,0.7025274741691571,140.0,19.642,216.3,0.49,0.0,0.0
2000,3,14,74,0.9562348265919056,0.29260033563334836,1.0,19.361,226.1,0.11,0.0,16.94
2000,3,14,74,0.9562348265919056,0.29260033563334836,20.0,19.249,226.4,0.14,0.0,10.51
2000,3,14,74,0.9562348265919056,0.29260033563334836,40.0,19.22,226.2,0.11,0.0,10.74
2000,3,14,74,0.9562348265919056,0.29260033563334836,60.0,19.18,224.3,0.2,0.0,4.55
2000,3,14,74,0.9562348265919056,0.29260033563334836,80.0,19.09,216.9,0.95,0.04,1.44
2000,3,14,74,0.9562348265919056,0.29260033563334836,100.0,19.08,216.6,1.02,0.0,0.49
2000,3,14,74,0.9562348265919056,0.29260033563334836,120.0,19.078,216.2,1.06,0.04,0.24
2000,3,14,74,0.9562348265919056,0.29260033563334836,140.0,19.08,215.7,1.08,0.0,-0.01
2000,4,11,102,0.9829265519799822,-0.18399835165768005,1.0,20.858,229.3,0.0,0.0,7.74
2000,4,11,102,0.9829265519799822,-0.18399835165768005,20.0,19.911,228.9,0.0,0.0,9.52
2000,4,11,102,0.9829265519799822,-0.18399835165768005,40.0,19.886,228.9,0.0,0.0,5.56
2000,4,11,102,0.9829265519799822,-0.18399835165768005,60.0,19.107,226.6,0.12,0.0,3.43
2000,4,11,102,0.9829265519799822,-0.18399835165768005,80.0,19.14,222.8,0.81,0.04,1.03
2000,4,11,102,0.9829265519799822,-0.18399835165768005,100.0,19.061,216.5,2.06,0.06,0.29
2000,5,10,131,0.7748840413670407,-0.6321034111873487,1.0,22.688,222.0,0.0,0.0,5.8
2000,5,10,131,0.7748840413670407,-0.6321034111873487,20.0,21.505,224.2,0.0,0.0,4.2
2000,5,10,131,0.7748840413670407,-0.6321034111873487,40.0,20.567,231.5,0.0,0.0,4.63
2000,5,10,131,0.7748840413670407,-0.6321034111873487,60.0,19.774,231.4,0.0,0.0,5.15
2000,5,10,131,0.7748840413670407,-0.6321034111873487,80.0,19.354,227.3,0.0,0.0,6.18
2000,5,10,131,0.7748840413670407,-0.6321034111873487,100.0,19.197,217.8,1.0,0.0,1.73
2000,5,10,131,0.7748840413670407,-0.6321034111873487,120.0,19.194,217.3,1.13,0.0,0.35
2000,5,10,131,0.7748840413670407,-0.6321034111873487,140.0,19.185,217.6,1.1,0.04,0.07
2000,6,6,158,0.4093559588156213,-0.9123747579707273,1.0,24.934,208.5,0.0,0.0,4.8
2000,6,6,158,0.4093559588156213,-0.9123747579707273,20.0,24.629,210.4,0.0,0.0,4.28
2000,6,6,158,0.4093559588156213,-0.9123747579707273,40.0,20.916,221.4,0.0,0.0,4.18
2000,6,6,158,0.4093559588156213,-0.9123747579707273,60.0,20.261,222.2,0.0,0.0,4.02
2000,6,6,158,0.4093559588156213,-0.9123747579707273,80.0,20.688,216.1,0.0,0.0,3.51
2000,6,6,158,0.4093559588156213,-0.9123747579707273,100.0,20.316,220.2,0.0,0.0,2.42
2000,6,6,158,0.4093559588156213,-0.9123747579707273,120.0,19.865,211.8,0.0,0.0,1.53
2000,6,6,158,0.4093559588156213,-0.9123747579707273,140.0,19.566,207.7,0.22,0.0,0.3
2000,7,11,193,-0.17976658572556214,-0.9837092937736098,1.0,26.505,203.0,0.0,0.0,6.17
2000,7,11,193,-0.17976658572556214,-0.9837092937736098,20.0,26.46,204.0,0.0,0.0,6.5
2000,7,11,193,-0.17976658572556214,-0.9837092937736098,40.0,24.317,203.2,0.0,0.0,5.69
2000,7,11,193,-0.17976658572556214,-0.9837092937736098,60.0,22.556,219.0,0.0,0.0,4.97
2000,7,11,193,-0.17976658572556214,-0.9837092937736098,80.0,22.132,212.0,0.0,0.0,4.72
2000,7,11,193,-0.17976658572556214,-0.9837092937736098,100.0,21.192,211.4,0.0,0.0,2.92
2000,7,11,193,-0.17976658572556214,-0.9837092937736098,120.0,20.608,204.4,0.77,0.0,0.59
2000,7,11,193,-0.17976658572556214,-0.9837092937736098,140.0,19.97,217.7,0.28,0.08,0.08
2000,8,8,221,-0.6152845999633277,-0.7883050558305253,1.0,28.913,202.1,0.0,0.0,6.13
2000,8,8,221,-0.6152845999633277,-0.7883050558305253,20.0,27.042,207.4,0.0,0.0,5.28
2000,8,8,221,-0.6152845999633277,-0.7883050558305253,40.0,25.242,218.2,0.0,0.0,4.7
2000,8,8,221,-0.6152845999633277,-0.7883050558305253,60.0,22.72,216.2,0.0,0.0,4.97
2000,8,8,221,-0.6152845999633277,-0.7883050558305253,80.0,21.808,201.6,0.15,0.0,7.88
2000,8,8,221,-0.6152845999633277,-0.7883050558305253,100.0,20.738,201.7,0.6,0.0,3.82
2000,8,8,221,-0.6152845999633277,-0.7883050558305253,120.0,20.049,209.1,0.44,0.0,0.43
2000,8,8,221,-0.6152845999633277,-0.7883050558305253,140.0,19.547,207.5,1.05,0.0,0.07
2000,9,13,257,-0.9587178169872964,-0.2843591872810036,1.0,27.957,197.6,0.0,0.0,2.66
2000,9,13,257,-0.9587178169872964,-0.2843591872810036,20.0,28.051,197.6,0.0,0.0,3.55
2000,9,13,257,-0.9587178169872964,-0.2843591872810036,40.0,24.651,225.7,0.0,0.0,2.86
2000,9,13,257,-0.9587178169872964,-0.2843591872810036,60.0,22.989,223.7,0.0,0.0,2.47
2000,9,13,257,-0.9587178169872964,-0.2843591872810036,80.0,21.755,222.7,0.0,0.0,2.42
2000,9,13,257,-0.9587178169872964,-0.2843591872810036,100.0,20.84,216.8,0.0,0.0,1.86
2000,9,13,257,-0.9587178169872964,-0.2843591872810036,120.0,20.073,214.2,0.17,0.0,0.6
2000,9,13,257,-0.9587178169872964,-0.2843591872810036,140.0,19.732,212.1,0.0,0.0,0.09
2000,12,12,347,-0.3049212246562894,0.9523775757303973,1.0,21.913,214.8,0.06,0.0,5.05
2000,12,12,347,-0.3049212246562894,0.9523775757303973,20.0,21.976,215.1,0.0,0.0,5.35
2000,12,12,347,-0.3049212246562894,0.9523775757303973,40.0,21.929,214.5,0.06,0.0,4.72
2000,12,12,347,-0.3049212246562894,0.9523775757303973,60.0,21.873,214.1,0.0,0.0,3.14
2000,12,12,347,-0.3049212246562894,0.9523775757303973,80.0,21.831,214.1,0.0,0.0,1.59
2000,12,12,347,-0.3049212246562894,0.9523775757303973,100.0,20.199,214.6,0.33,0.0,1.08
2000,12,12,347,-0.3049212246562894,0.9523775757303973,120.0,19.562,205.4,0.5,0.0,0.46
2000,12,12,347,-0.3049212246562894,0.9523775757303973,140.0,19.217,201.6,1.23,0.05,0.09
2001,1,30,30,0.49377555015997715,0.869589389346611,1.0,20.179,219.6,0.06,0.0,9.18
2001,1,30,30,0.49377555015997715,0.869589389346611,20.0,20.116,220.3,0.06,0.0,10.24
2001,1,30,30,0.49377555015997715,0.869589389346611,40.0,20.115,219.4,0.06,0.0,6.42
2001,1,30,30,0.49377555015997715,0.869589389346611,60.0,20.112,219.1,0.06,0.0,3.26
2001,1,30,30,0.49377555015997715,0.869589389346611,80.0,20.111,219.1,0.06,0.0,1.99
2001,1,30,30,0.49377555015997715,0.869589389346611,100.0,20.044,219.0,0.06,0.0,0.69
2001,1,30,30,0.49377555015997715,0.869589389346611,120.0,19.947,219.3,0.06,0.0,0.12
2001,1,30,30,0.49377555015997715,0.869589389346611,140.0,19.863,211.1,0.61,0.0,-0.02
2001,2,20,51,0.7694148268839378,0.6387494220515272,20.0,19.944,222.9,0.0,0.0,2.35
2001,2,20,51,0.7694148268839378,0.6387494220515272,40.0,19.895,222.2,0.0,0.0,11.77
2001,2,20,51,0.7694148268839378,0.6387494220515272,60.0,19.896,221.7,0.0,0.0,5.97
2001,2,20,51,0.7694148268839378,0.6387494220515272,80.0,19.882,221.6,0.0,0.0,2.55
2001,2,20,51,0.7694148268839378,0.6387494220515272,100.0,19.115,215.3,0.98,0.05,1.0
2001,2,20,51,0.7694148268839378,0.6387494220515272,120.0,19.055,216.8,1.11,0.06,0.05
2001,2,20,51,0.7694148268839378,0.6387494220515272,140.0,19.163,216.9,1.11,0.06,0.08
2001,3,20,79,0.9778483415056568,0.20931464596304847,1.0,19.682,220.7,0.06,0.05,2.92
2001,3,20,79,0.9778483415056568,0.20931464596304847,20.0,19.684,222.5,0.0,0.05,10.02
2001,3,20,79,0.9778483415056568,0.20931464596304847,40.0,19.679,220.8,0.0,0.05,5.99
2001,3,20,79,0.9778483415056568,0.20931464596304847,60.0,19.66,219.4,0.14,0.05,3.8
2001,3,20,79,0.9778483415056568,0.20931464596304847,80.0,18.925,222.6,0.64,0.06,1.7
2001,3,20,79,0.9778483415056568,0.20931464596304847,100.0,18.84,222.4,0.73,0.06,0.67
2001,3,20,79,0.9778483415056568,0.20931464596304847,120.0,18.799,221.9,0.84,0.08,0.28
2001,3,20,79,0.9778483415056568,0.20931464596304847,140.0,18.777,221.6,0.89,0.09,0.13
2001,4,18,108,0.9587178169872964,-0.2843591872810034,1.0,20.129,224.6,0.0,0.0,2.09
2001,4,18,108,0.9587178169872964,-0.2843591872810034,20.0,19.998,225.9,0.0,0.0,1.17
2001,4,18,108,0.9587178169872964,-0.2843591872810034,40.0,19.829,227.1,0.0,0.0,3.57
2001,4,18,108,0.9587178169872964,-0.2843591872810034,60.0,19.797,225.5,0.0,0.0,2.45
2001,4,18,108,0.9587178169872964,-0.2843591872810034,80.0,19.696,224.4,0.21,0.0,0.89
2001,4,18,108,0.9587178169872964,-0.2843591872810034,100.0,19.186,231.4,0.53,0.0,1.2
2001,4,18,108,0.9587178169872964,-0.2843591872810034,120.0,18.924,211.4,1.71,0.05,0.32
2001,4,18,108,0.9587178169872964,-0.2843591872810034,140.0,18.863,211.3,2.1,0.07,0.03
2001,5,15,135,0.7295575540864875,-0.6839194216246106,1.0,21.341,219.5,0.23,0.0,3.72
2001,5,15,135,0.7295575540864875,-0.6839194216246106,20.0,22.777,221.4,0.0,0.0,10.47
2001,5,15,135,0.7295575540864875,-0.6839194216246106,40.0,20.663,226.3,0.0,0.0,1.88
2001,5,15,135,0.7295575540864875,-0.6839194216246106,60.0,20.473,225.6,0.0,0.0,6.49
2001,5,15,135,0.7295575540864875,-0.6839194216246106,80.0,20.289,226.5,0.0,0.0,4.72
2001,5,15,135,0.7295575540864875,-0.6839194216246106,100.0,19.507,229.9,0.0,0.0,1.37
2001,5,15,135,0.7295575540864875,-0.6839194216246106,120.0,19.095,206.2,1.69,0.05,0.62
2001,5,15,135,0.7295575540864875,-0.6839194216246106,140.0,18.981,200.8,2.32,0.07,0.4
2001,6,5,156,0.440518784350495,-0.8977433935342337,1.0,24.457,210.9,0.0,0.0,2.53
2001,6,5,156,0.440518784350495,-0.8977433935342337,20.0,22.852,216.6,0.0,0.0,4.53
2001,6,5,156,0.440518784350495,-0.8977433935342337,40.0,22.304,219.6,0.0,0.0,6.02
2001,6,5,156,0.440518784350495,-0.8977433935342337,60.0,21.83,220.2,0.0,0.0,6.55
2001,6,5,156,0.440518784350495,-0.8977433935342337,80.0,21.457,220.5,0.0,0.0,4.06
2001,6,5,156,0.440518784350495,-0.8977433935342337,100.0,21.075,220.5,0.0,0.0,3.34
2001,6,5,156,0.440518784350495,-0.8977433935342337,120.0,20.658,209.3,0.0,0.0,1.63
2001,6,5,156,0.440518784350495,-0.8977433935342337,140.0,20.43,208.9,0.0,0.05,1.8
2001,7,18,199,-0.2802306751992161,-0.9599326896597445,1.0,26.508,208.4,0.0,0.0,7.58
2001,7,18,199,-0.2802306751992161,-0.9599326896597445,20.0,26.149,205.4,0.0,0.0,2.68
2001,7,18,199,-0.2802306751992161,-0.9599326896597445,40.0,22.853,221.2,0.0,0.0,6.29
2001,7,18,199,-0.2802306751992161,-0.9599326896597445,60.0,21.225,228.1,0.0,0.0,5.04
2001,7,18,199,-0.2802306751992161,-0.9599326896597445,80.0,19.879,224.4,0.0,0.0,3.79
2001,7,18,199,-0.2802306751992161,-0.9599326896597445,100.0,19.415,215.0,0.4,0.04,2.96
2001,7,18,199,-0.2802306751992161,-0.9599326896597445,120.0,19.333,215.6,0.41,0.1,0.68
2001,7,18,199,-0.2802306751992161,-0.9599326896597445,140.0,19.081,213.2,0.89,0.1,0.19
2001,8,7,219,-0.5877852522924734,-0.8090169943749472,1.0,28.216,201.3,0.0,0.0,4.84
2001,8,7,219,-0.5877852522924734,-0.8090169943749472,20.0,27.586,200.6,0.0,0.0,3.85
2001,8,7,219,-0.5877852522924734,-0.8090169943749472,40.0,22.699,230.5,0.0,0.0,4.23
2001,8,7,219,-0.5877852522924734,-0.8090169943749472,60.0,21.555,235.9,0.0,0.0,4.85
2001,8,7,219,-0.5877852522924734,-0.8090169943749472,80.0,20.212,232.3,0.0,0.0,3.76
2001,8,7,219,-0.5877852522924734,-0.8090169943749472,100.0,19.372,219.3,0.0,0.0,1.81
2001,8,7,219,-0.5877852522924734,-0.8090169943749472,120.0,18.952,208.2,0.42,0.0,0.61
2001,8,7,219,-0.5877852522924734,-0.8090169943749472,140.0,18.773,201.7,1.49,0.0,0.2
2001,9,12,255,-0.9483615800121716,-0.31719128858910595,1.0,27.564,202.3,0.0,0.0,4.26
2001,9,12,255,-0.9483615800121716,-0.31719128858910595,20.0,27.559,200.7,0.0,0.0,2.6
2001,9,12,255,-0.9483615800121716,-0.31719128858910595,40.0,25.539,229.4,0.0,0.0,6.48
2001,9,12,255,-0.9483615800121716,-0.31719128858910595,60.0,22.723,230.1,0.0,0.0,4.69
2001,9,12,255,-0.9483615800121716,-0.31719128858910595,80.0,20.386,224.2,0.0,0.0,3.33
2001,9,12,255,-0.9483615800121716,-0.31719128858910595,100.0,19.58,213.0,0.0,0.0,2.27
2001,9,12,255,-0.9483615800121716,-0.31719128858910595,120.0,19.252,198.1,1.35,0.0,0.79
2001,9,12,255,-0.9483615800121716,-0.31719128858910595,140.0,19.016,204.7,1.49,0.04,0.03
2001,11,9,313,-0.780295851070776,0.6254105729852457,1.0,24.364,209.9,0.0,0.0,6.19
2001,11,9,313,-0.780295851070776,0.6254105729852457,20.0,24.488,210.7,0.0,0.0,12.28
2001,11,9,313,-0.780295851070776,0.6254105729852457,40.0,24.354,209.6,0.0,0.0,7.85
2001,11,9,313,-0.780295851070776,0.6254105729852457,60.0,23.555,218.8,0.0,0.0,6.87
2001,11,9,313,-0.780295851070776,0.6254105729852457,80.0,20.896,228.1,0.0,0.0,5.62
2001,11,9,313,-0.780295851070776,0.6254105729852457,100.0,19.926,207.4,0.0,0.0,2.57
2001,11,9,313,-0.780295851070776,0.6254105729852457,120.0,19.286,199.3,1.0,0.0,0.71
2001,11,9,313,-0.780295851070776,0.6254105729852457,140.0,19.095,196.8,2.03,0.12,0.22
2001,12,11,345,-0.33752289959411347,0.941317317512847,1.0,22.262,215.6,0.0,0.04,10.87
2001,12,11,345,-0.33752289959411347,0.941317317512847,20.0,22.278,215.9,0.0,0.04,10.51
2001,12,11,345,-0.33752289959411347,0.941317317512847,40.0,22.28,215.5,0.0,0.09,7.13
2001,12,11,345,-0.33752289959411347,0.941317317512847,60.0,22.284,215.2,0.0,0.04,5.1
2001,12,11,345,-0.33752289959411347,0.941317317512847,80.0,22.274,215.2,0.0,0.04,1.41
2001,12,11,345,-0.33752289959411347,0.941317317512847,100.0,20.419,214.6,0.11,0.04,1.47
2001,12,11,345,-0.33752289959411347,0.941317317512847,120.0,19.523,208.3,0.38,0.04,0.32
2002,2,13,44,0.6870527672236669,0.7266075247685656,1.0,20.243,220.5,0.29,0.06,14.36
2002,2,13,44,0.6870527672236669,0.7266075247685656,40.0,19.677,220.2,0.27,0.0,14.24
2002,2,13,44,0.6870527672236669,0.7266075247685656,60.0,19.629,219.9,0.38,0.0,5.62
2002,2,13,44,0.6870527672236669,0.7266075247685656,80.0,20.229,220.2,0.37,0.0,1.3
2002,2,13,44,0.6870527672236669,0.7266075247685656,100.0,19.606,220.1,0.42,0.0,0.4
2002,2,13,44,0.6870527672236669,0.7266075247685656,120.0,19.589,219.8,0.46,0.0,0.11
2002,2,13,44,0.6870527672236669,0.7266075247685656,140.0,19.543,219.5,0.87,0.0,0.03
2002,2,27,58,0.8406184056344782,0.5416278206559814,1.0,20.522,221.3,0.0,0.04,13.86
2002,2,27,58,0.8406184056344782,0.5416278206559814,20.0,20.293,221.0,0.0,0.0,15.74
2002,2,27,58,0.8406184056344782,0.5416278206559814,40.0,20.161,221.9,0.08,0.0,12.24
2002,2,27,58,0.8406184056344782,0.5416278206559814,60.0,19.932,221.8,0.16,0.0,4.98
2002,2,27,58,0.8406184056344782,0.5416278206559814,80.0,19.918,216.8,0.65,0.0,1.7
2002,2,27,58,0.8406184056344782,0.5416278206559814,100.0,19.465,219.9,0.73,0.0,0.7
2002,2,27,58,0.8406184056344782,0.5416278206559814,120.0,19.388,219.8,0.85,0.0,0.3
2002,2,27,58,0.8406184056344782,0.5416278206559814,140.0,19.36,219.5,0.9,0.04,0.08
2002,3,7,66,0.9070138128026359,0.4211008707960896,1.0,20.175,222.1,0.43,0.0,10.08
2002,3,7,66,0.9070138128026359,0.4211008707960896,20.0,20.177,221.9,0.43,0.0,11.91
2002,3,7,66,0.9070138128026359,0.4211008707960896,40.0,20.174,222.0,0.43,0.0,8.04
2002,3,7,66,0.9070138128026359,0.4211008707960896,60.0,20.177,221.9,0.43,0.0,5.01
2002,3,7,66,0.9070138128026359,0.4211008707960896,80.0,20.179,221.8,0.43,0.0,1.88
2002,3,7,66,0.9070138128026359,0.4211008707960896,100.0,20.18,221.7,0.43,0.0,0.78
2002,3,7,66,0.9070138128026359,0.4211008707960896,120.0,19.926,217.4,0.73,0.04,0.26
2002,3,7,66,0.9070138128026359,0.4211008707960896,140.0,19.677,208.5,1.24,0.06,0.08
2002,3,19,78,0.9741004551724205,0.22611568550828828,1.0,19.942,226.4,0.0,0.0,10.26
2002,3,19,78,0.9741004551724205,0.22611568550828828,20.0,19.965,226.3,0.0,0.0,12.46
2002,3,19,78,0.9741004551724205,0.22611568550828828,40.0,19.907,226.1,0.0,0.0,7.01
2002,3,19,78,0.9741004551724205,0.22611568550828828,60.0,19.668,222.8,0.26,0.0,9.9
2002,3,19,78,0.9741004551724205,0.22611568550828828,80.0,19.557,220.1,0.53,0.05,0.51
2002,3,19,78,0.9741004551724205,0.22611568550828828,100.0,19.333,211.4,1.35,0.08,1.36
2002,3,19,78,0.9741004551724205,0.22611568550828828,120.0,19.339,210.9,1.47,0.09,0.4
2002,3,19,78,0.9741004551724205,0.22611568550828828,140.0,19.108,223.6,0.89,0.04,0.12
2002,4,16,106,0.9679377830240642,-0.25119006388481935,1.0,21.801,221.3,0.0,0.04,3.57
2002,4,16,106,0.9679377830240642,-0.25119006388481935,20.0,21.189,220.4,0.0,0.04,3.64
2002,4,16,106,0.9679377830240642,-0.25119006388481935,40.0,20.92,221.9,0.0,0.0,2.98
2002,4,16,106,0.9679377830240642,-0.25119006388481935,60.0,20.836,221.8,0.0,0.04,2.49
2002,4,16,106,0.9679377830240642,-0.25119006388481935,80.0,20.806,221.3,0.0,0.0,1.93
2002,4,16,106,0.9679377830240642,-0.25119006388481935,100.0,20.684,220.4,0.0,0.0,1.88
2002,4,16,106,0.9679377830240642,-0.25119006388481935,120.0,20.003,216.3,0.28,0.0,1.7
2002,4,16,106,0.9679377830240642,-0.25119006388481935,140.0,19.722,215.9,0.58,0.0,0.41
2002,5,13,133,0.7526668275320085,-0.6584015846980488,1.0,21.717,222.9,0.0,0.0,4.97
2002,5,13,133,0.7526668275320085,-0.6584015846980488,20.0,21.592,222.3,0.0,0.0,4.76
2002,5,13,133,0.7526668275320085,-0.6584015846980488,40.0,20.76,225.1,0.0,0.0,4.86
2002,5,13,133,0.7526668275320085,-0.6584015846980488,60.0,19.965,225.0,0.0,0.0,6.43
2002,5,13,133,0.7526668275320085,-0.6584015846980488,80.0,19.505,211.1,1.0,0.0,4.46
2002,5,13,133,0.7526668275320085,-0.6584015846980488,100.0,19.469,211.0,1.31,0.04,1.23
2002,5,13,133,0.7526668275320085,-0.6584015846980488,120.0,19.238,213.0,1.43,0.06,0.03
2002,5,13,133,0.7526668275320085,-0.6584015846980488,140.0,19.149,214.6,1.41,0.06,0.03
2002,6,4,155,0.4559066935084588,-0.8900275764346767,1.0,23.474,215.1,0.0,0.0,6.58
2002,6,4,155,0.4559066935084588,-0.8900275764346767,20.0,22.9,218.1,0.0,0.0,5.12
2002,6,4,155,0.4559066935084588,-0.8900275764346767,40.0,20.701,223.2,0.0,0.0,5.57
2002,6,4,155,0.4559066935084588,-0.8900275764346767,60.0,20.708,229.0,0.0,0.0,6.25
2002,6,4,155,0.4559066935084588,-0.8900275764346767,80.0,19.93,224.0,0.0,0.0,4.86
2002,6,4,155,0.4559066935084588,-0.8900275764346767,100.0,19.541,216.8,0.62,0.0,3.08
2002,6,4,155,0.4559066935084588,-0.8900275764346767,120.0,19.295,214.5,1.28,0.05,0.83
2002,6,4,155,0.4559066935084588,-0.8900275764346767,140.0,19.153,213.8,1.39,0.06,0.16
2002,7,2,183,-0.008606996888688009,-0.9999629591162655,1.0,26.874,202.6,0.0,0.0,7.72
2002,7,2,183,-0.008606996888688009,-0.9999629591162655,20.0,25.759,211.2,0.0,0.0,7.63
2002,7,2,183,-0.008606996888688009,-0.9999629591162655,40.0,22.416,233.2,0.0,0.0,6.39
2002,7,2,183,-0.008606996888688009,-0.9999629591162655,60.0,21.368,231.2,0.0,0.0,4.75
2002,7,2,183,-0.008606996888688009,-0.9999629591162655,80.0,20.401,227.4,0.0,0.0,2.33
2002,7,2,183,-0.008606996888688009,-0.9999629591162655,100.0,20.253,220.8,0.0,0.0,2.36
2002,7,2,183,-0.008606996888688009,-0.9999629591162655,120.0,19.213,223.0,0.0,0.0,1.56
2002,7,2,183,-0.008606996888688009,-0.9999629591162655,140.0,19.047,204.3,0.52,0.0,0.63
2002,8,20,232,-0.7526668275320083,-0.6584015846980489,1.0,27.861,200.5,0.0,0.0,7.14
2002,8,20,232,-0.7526668275320083,-0.6584015846980489,20.0,27.333,199.3,0.0,0.0,5.4
2002,8,20,232,-0.7526668275320083,-0.6584015846980489,40.0,25.605,214.1,0.0,0.0,4.44
2002,8,20,232,-0.7526668275320083,-0.6584015846980489,60.0,22.58,233.5,0.0,0.0,4.25
2002,8,20,232,-0.7526668275320083,-0.6584015846980489,80.0,21.691,231.5,0.0,0.0,3.1
2002,8,20,232,-0.7526668275320083,-0.6584015846980489,100.0,20.622,226.6,0.0,0.0,2.25
2002,8,20,232,-0.7526668275320083,-0.6584015846980489,120.0,19.993,217.9,0.0,0.0,1.29
2002,8,20,232,-0.7526668275320083,-0.6584015846980489,140.0,19.504,210.3,0.35,0.0,0.24
2002,9,17,260,-0.9721181966290612,-0.23449138957041052,1.0,27.217,198.2,0.0,0.0,6.58
2002,9,17,260,-0.9721181966290612,-0.23449138957041052,20.0,26.953,198.5,0.0,0.0,6.35
2002,9,17,260,-0.9721181966290612,-0.23449138957041052,40.0,26.946,203.4,0.0,0.0,6.98
2002,9,17,260,-0.9721181966290612,-0.23449138957041052,60.0,24.248,201.1,0.0,0.0,5.9
2002,9,17,260,-0.9721181966290612,-0.23449138957041052,80.0,22.341,217.5,0.0,0.0,8.42
2002,9,17,260,-0.9721181966290612,-0.23449138957041052,100.0,21.267,214.0,0.0,0.0,1.36
2002,9,17,260,-0.9721181966290612,-0.23449138957041052,120.0,20.383,213.1,0.17,0.0,0.73
2002,9,17,260,-0.9721181966290612,-0.23449138957041052,140.0,19.919,202.3,0.92,0.0,0.17
2002,10,8,281,-0.9922222094179324,0.12447926388678869,1.0,26.404,202.9,0.0,0.06,5.76
2002,10,8,281,-0.9922222094179324,0.12447926388678869,20.0,26.414,202.5,0.0,0.05,6.18
2002,10,8,281,-0.9922222094179324,0.12447926388678869,40.0,26.237,208.9,0.0,0.05,5.74
2002,10,8,281,-0.9922222094179324,0.12447926388678869,60.0,24.399,211.6,0.0,0.06,4.98
2002,10,8,281,-0.9922222094179324,0.12447926388678869,80.0,23.009,214.1,0.0,0.04,3.31
2002,10,8,281,-0.9922222094179324,0.12447926388678869,100.0,22.953,213.7,0.09,0.04,1.45
2002,10,8,281,-0.9922222094179324,0.12447926388678869,120.0,20.545,202.9,1.12,0.06,0.83
2002,10,8,281,-0.9922222094179324,0.12447926388678869,140.0,19.846,203.1,1.31,0.06,0.22
2002,11,13,317,-0.7354170229639858,0.6776147890466887,1.0,24.667,209.9,0.0,0.0,7.84
2002,11,13,317,-0.7354170229639858,0.6776147890466887,20.0,24.686,209.6,0.0,0.0,8.2
2002,11,13,317,-0.7354170229639858,0.6776147890466887,40.0,24.332,207.4,0.0,0.0,4.75
2002,11,13,317,-0.7354170229639858,0.6776147890466887,60.0,24.232,208.2,0.0,0.0,5.51
2002,11,13,317,-0.7354170229639858,0.6776147890466887,80.0,22.074,219.2,0.0,0.0,3.63
2002,11,13,317,-0.7354170229639858,0.6776147890466887,100.0,20.981,204.5,0.54,0.0,2.9
2002,11,13,317,-0.7354170229639858,0.6776147890466887,120.0,20.678,213.4,0.07,0.0,0.58
2002,11,13,317,-0.7354170229639858,0.6776147890466887,140.0,20.02,204.8,0.81,0.0,0.04
2002,12,10,344,-0.3536761221763721,0.935367949313148,1.0,23.398,211.7,0.0,0.0,6.88
2002,12,10,344,-0.3536761221763721,0.935367949313148,20.0,23.491,212.0,0.0,0.0,7.0
2002,12,10,344,-0.3536761221763721,0.935367949313148,40.0,23.474,210.4,0.0,0.0,3.82
2002,12,10,344,-0.3536761221763721,0.935367949313148,60.0,23.351,210.1,0.0,0.0,2.63
2002,12,10,344,-0.3536761221763721,0.935367949313148,80.0,22.729,211.2,0.0,0.0,1.1
2002,12,10,344,-0.3536761221763721,0.935367949313148,100.0,22.543,210.1,0.0,0.0,0.48
2002,12,10,344,-0.3536761221763721,0.935367949313148,120.0,21.354,204.1,0.75,0.04,0.36
2002,12,10,344,-0.3536761221763721,0.935367949313148,140.0,20.792,206.9,0.42,0.0,-0.02
2003,2,4,35,0.5667017562911176,0.8239230057575542,1.0,20.903,218.4,0.0,0.0,12.95
2003,2,4,35,0.5667017562911176,0.8239230057575542,20.0,20.806,216.5,0.0,0.0,12.57
2003,2,4,35,0.5667017562911176,0.8239230057575542,40.0,20.806,217.6,0.0,0.0,7.93
2003,2,4,35,0.5667017562911176,0.8239230057575542,60.0,20.804,217.0,0.0,0.0,4.95
2003,2,4,35,0.5667017562911176,0.8239230057575542,80.0,20.667,213.7,0.2,0.0,2.14
2003,2,4,35,0.5667017562911176,0.8239230057575542,100.0,20.417,217.3,0.1,0.0,0.7
2003,2,4,35,0.5667017562911176,0.8239230057575542,120.0,20.378,217.9,0.09,0.0,0.07
2003,2,4,35,0.5667017562911176,0.8239230057575542,140.0,20.273,215.3,0.25,0.0,0.08
2003,2,21,52,0.7802958510707755,0.6254105729852463,1.0,20.688,222.0,0.0,0.0,6.99
2003,2,21,52,0.7802958510707755,0.6254105729852463,20.0,20.38,220.0,0.0,0.0,7.02
2003,2,21,52,0.7802958510707755,0.6254105729852463,40.0,20.241,222.7,0.0,0.0,5.78
2003,2,21,52,0.7802958510707755,0.6254105729852463,60.0,20.129,217.9,0.28,0.0,2.64
2003,2,21,52,0.7802958510707755,0.6254105729852463,80.0,19.894,221.3,0.27,0.0,0.76
2003,2,21,52,0.7802958510707755,0.6254105729852463,100.0,19.875,219.1,0.47,0.0,0.28
2003,2,21,52,0.7802958510707755,0.6254105729852463,120.0,19.902,219.3,0.49,0.0,0.23
2003,2,21,52,0.7802958510707755,0.6254105729852463,140.0,19.792,218.0,0.67,0.0,0.11
2003,3,4,63,0.8840675099433636,0.4673592171580022,20.0,19.667,225.4,0.61,0.0,17.71
2003,3,4,63,0.8840675099433636,0.4673592171580022,40.0,19.603,226.0,0.63,0.0,7.37
2003,3,4,63,0.8840675099433636,0.4673592171580022,60.0,19.579,225.0,0.66,0.04,3.17
2003,3,4,63,0.8840675099433636,0.4673592171580022,80.0,19.53,222.9,0.91,0.0,0.72
2003,3,4,63,0.8840675099433636,0.4673592171580022,100.0,19.487,222.0,1.04,0.04,0.63
2003,3,4,63,0.8840675099433636,0.4673592171580022,120.0,19.433,219.0,1.27,0.05,0.24
2003,3,4,63,0.8840675099433636,0.4673592171580022,140.0,19.417,220.4,1.19,0.04,0.2
2003,3,21,80,0.9813064702716093,0.19245158197082998,1.0,19.813,224.8,0.0,0.0,11.67
2003,3,21,80,0.9813064702716093,0.19245158197082998,20.0,19.977,224.4,0.0,0.0,13.82
2003,3,21,80,0.9813064702716093,0.19245158197082998,40.0,19.937,225.0,0.0,0.0,10.96
2003,3,21,80,0.9813064702716093,0.19245158197082998,60.0,19.86,220.2,0.34,0.0,7.0
2003,3,21,80,0.9813064702716093,0.19245158197082998,80.0,19.545,220.0,0.73,0.0,2.88
2003,3,21,80,0.9813064702716093,0.19245158197082998,100.0,19.431,216.7,1.1,0.0,1.07
2003,3,21,80,0.9813064702716093,0.19245158197082998,120.0,19.316,213.2,1.38,0.05,0.39
2003,3,21,80,0.9813064702716093,0.19245158197082998,140.0,19.165,218.0,1.4,0.06,0.0
2003,4,2,92,0.9999166586547379,-0.01291029607500882,1.0,19.731,228.0,0.55,0.0,5.56
2003,4,2,92,0.9999166586547379,-0.01291029607500882,20.0,19.637,228.4,0.55,0.0,6.17
2003,4,2,92,0.9999166586547379,-0.01291029607500882,40.0,19.853,228.4,0.54,0.0,6.48
2003,4,2,92,0.9999166586547379,-0.01291029607500882,60.0,19.541,228.4,0.54,0.0,5.21
2003,4,2,92,0.9999166586547379,-0.01291029607500882,80.0,19.234,220.2,1.19,0.04,3.41
2003,4,2,92,0.9999166586547379,-0.01291029607500882,100.0,19.165,216.6,1.52,0.06,3.13
2003,4,2,92,0.9999166586547379,-0.01291029607500882,120.0,18.987,219.5,1.66,0.07,0.36
2003,4,2,92,0.9999166586547379,-0.01291029607500882,140.0,18.924,219.7,1.74,0.08,0.1
2003,4,3,93,0.9995462806873573,-0.030120304846908114,1.0,19.731,228.0,0.55,0.0,14.36
2003,4,3,93,0.9995462806873573,-0.030120304846908114,20.0,19.637,228.4,0.55,0.0,16.99
2003,4,3,93,0.9995462806873573,-0.030120304846908114,40.0,19.853,228.4,0.54,0.0,16.22
2003,4,3,93,0.9995462806873573,-0.030120304846908114,60.0,19.541,228.4,0.54,0.0,17.18
2003,4,3,93,0.9995462806873573,-0.030120304846908114,80.0,19.234,220.2,1.19,0.04,3.31
2003,4,3,93,0.9995462806873573,-0.030120304846908114,100.0,19.165,216.6,1.52,0.06,0.74
2003,4,3,93,0.9995462806873573,-0.030120304846908114,120.0,18.987,219.5,1.66,0.07,0.3
2003,4,3,93,0.9995462806873573,-0.030120304846908114,140.0,18.924,219.7,1.74,0.08,0.27
2003,5,20,140,0.6680638642135335,-0.7441039398713607,1.0,22.746,215.9,0.0,0.0,5.56
2003,5,20,140,0.6680638642135335,-0.7441039398713607,20.0,22.705,219.0,0.0,0.0,6.17
2003,5,20,140,0.6680638642135335,-0.7441039398713607,40.0,22.742,217.2,0.0,0.0,6.48
2003,5,20,140,0.6680638642135335,-0.7441039398713607,60.0,21.355,227.4,0.0,0.0,5.21
2003,5,20,140,0.6680638642135335,-0.7441039398713607,80.0,20.559,226.7,0.0,0.0,3.41
2003,5,20,140,0.6680638642135335,-0.7441039398713607,100.0,19.926,223.4,0.0,0.0,3.13
2003,5,20,140,0.6680638642135335,-0.7441039398713607,120.0,19.67,209.4,0.79,0.0,0.36
2003,5,20,140,0.6680638642135335,-0.7441039398713607,140.0,19.403,209.0,1.35,0.04,0.1
2003,7,4,185,-0.04302223300453034,-0.99907411510223,1.0,27.113,207.5,0.0,0.0,4.56
2003,7,4,185,-0.04302223300453034,-0.99907411510223,20.0,26.095,207.4,0.0,0.0,6.01
2003,7,4,185,-0.04302223300453034,-0.99907411510223,40.0,22.803,227.3,0.0,0.0,6.52
2003,7,4,185,-0.04302223300453034,-0.99907411510223,60.0,20.757,241.8,0.0,0.0,5.97
2003,7,4,185,-0.04302223300453034,-0.99907411510223,80.0,19.714,230.5,0.0,0.0,4.14
2003,7,4,185,-0.04302223300453034,-0.99907411510223,100.0,19.261,220.5,0.0,0.0,3.89
2003,7,4,185,-0.04302223300453034,-0.99907411510223,120.0,19.07,210.2,0.79,0.0,1.2
2003,7,4,185,-0.04302223300453034,-0.99907411510223,140.0,18.908,207.9,2.09,0.0,0.15
2003,7,15,196,-0.23030567023061196,-0.973118337233262,1.0,27.831,204.5,0.0,0.0,6.49
2003,7,15,196,-0.23030567023061196,-0.973118337233262,20.0,26.434,210.6,0.0,0.0,6.08
2003,7,15,196,-0.23030567023061196,-0.973118337233262,40.0,23.421,228.2,0.0,0.0,7.12
2003,7,15,196,-0.23030567023061196,-0.973118337233262,60.0,21.776,248.4,0.0,0.0,5.69
2003,7,15,196,-0.23030567023061196,-0.973118337233262,80.0,19.326,241.7,0.0,0.0,3.53
2003,7,15,196,-0.23030567023061196,-0.973118337233262,100.0,18.98,221.8,0.0,0.0,1.36
2003,7,15,196,-0.23030567023061196,-0.973118337233262,120.0,18.828,214.8,0.54,0.0,1.01
2003,7,15,196,-0.23030567023061196,-0.973118337233262,140.0,18.735,215.4,1.21,0.04,0.44
2003,8,12,224,-0.655156357209085,-0.7554933140726804,1.0,28.856,199.0,0.0,0.0,4.45
2003,8,12,224,-0.655156357209085,-0.7554933140726804,20.0,28.814,201.4,0.0,0.0,6.14
2003,8,12,224,-0.655156357209085,-0.7554933140726804,40.0,25.132,212.7,0.0,0.0,5.33
2003,8,12,224,-0.655156357209085,-0.7554933140726804,60.0,22.663,233.9,0.0,0.0,4.83
2003,8,12,224,-0.655156357209085,-0.7554933140726804,80.0,21.561,229.4,0.0,0.0,3.12
2003,8,12,224,-0.655156357209085,-0.7554933140726804,100.0,20.41,227.7,0.0,0.0,1.53
2003,8,12,224,-0.655156357209085,-0.7554933140726804,120.0,19.726,203.5,1.49,0.0,1.08
2003,8,12,224,-0.655156357209085,-0.7554933140726804,140.0,19.364,207.4,0.94,0.0,1.11
2003,9,19,262,-0.9796136916454901,-0.20089055513063528,1.0,26.865,210.0,0.0,0.0,7.28
2003,9,19,262,-0.9796136916454901,-0.20089055513063528,20.0,26.402,202.5,0.0,0.0,5.87
2003,9,19,262,-0.9796136916454901,-0.20089055513063528,40.0,25.745,213.2,0.0,0.0,5.56
2003,9,19,262,-0.9796136916454901,-0.20089055513063528,60.0,23.409,214.4,0.0,0.0,7.24
2003,9,19,262,-0.9796136916454901,-0.20089055513063528,80.0,20.711,213.2,0.0,0.0,6.28
2003,9,19,262,-0.9796136916454901,-0.20089055513063528,100.0,19.781,207.4,0.92,0.0,1.92
2003,9,19,262,-0.9796136916454901,-0.20089055513063528,120.0,19.449,204.8,1.38,0.0,0.39
2003,9,19,262,-0.9796136916454901,-0.20089055513063528,140.0,19.243,209.5,1.8,0.09,0.08
2003,11,4,308,-0.8311706263658079,0.5560174366570446,1.0,25.141,205.4,0.0,0.0,5.8
2003,11,4,308,-0.8311706263658079,0.5560174366570446,20.0,25.162,204.7,0.0,0.0,6.14
2003,11,4,308,-0.8311706263658079,0.5560174366570446,40.0,25.153,204.9,0.0,0.04,4.73
2003,11,4,308,-0.8311706263658079,0.5560174366570446,60.0,25.144,207.0,0.0,0.04,3.46
2003,11,4,308,-0.8311706263658079,0.5560174366570446,80.0,23.874,197.1,0.46,0.05,4.37
2003,11,4,308,-0.8311706263658079,0.5560174366570446,100.0,22.167,191.1,1.48,0.07,0.74
2003,11,4,308,-0.8311706263658079,0.5560174366570446,120.0,20.978,198.2,1.51,0.09,0.21
2003,11,4,308,-0.8311706263658079,0.5560174366570446,140.0,20.187,196.3,1.92,0.11,-0.02
2003,12,2,336,-0.4787338401157883,0.8779600847008883,1.0,24.207,208.9,0.0,0.0,4.6
2003,12,2,336,-0.4787338401157883,0.8779600847008883,20.0,24.209,208.6,0.0,0.0,5.38
2003,12,2,336,-0.4787338401157883,0.8779600847008883,40.0,24.206,216.4,0.0,0.0,4.05
2003,12,2,336,-0.4787338401157883,0.8779600847008883,60.0,24.229,208.5,0.0,0.0,3.13
2003,12,2,336,-0.4787338401157883,0.8779600847008883,80.0,24.019,209.8,0.0,0.0,2.14
2003,12,2,336,-0.4787338401157883,0.8779600847008883,100.0,21.66,218.2,0.09,0.0,1.75
2003,12,2,336,-0.4787338401157883,0.8779600847008883,120.0,20.044,215.2,0.3,0.0,0.36
2003,12,2,336,-0.4787338401157883,0.8779600847008883,140.0,19.465,203.0,1.32,0.04,-0.17
2004,1,27,27,0.4482293417404106,0.893918596519257,1.0,20.303,219.8,0.11,0.0,15.92
2004,1,27,27,0.4482293417404106,0.893918596519257,20.0,20.337,220.1,0.1,0.0,14.52
2004,1,27,27,0.4482293417404106,0.893918596519257,40.0,20.305,219.8,0.1,0.0,8.31
2004,1,27,27,0.4482293417404106,0.893918596519257,60.0,20.301,219.5,0.11,0.0,3.09
2004,1,27,27,0.4482293417404106,0.893918596519257,80.0,20.296,220.1,0.15,0.0,0.97
2004,1,27,27,0.4482293417404106,0.893918596519257,100.0,20.276,218.8,0.17,0.0,0.12
2004,1,27,27,0.4482293417404106,0.893918596519257,120.0,20.199,216.5,0.3,0.0,-0.03
2004,1,27,27,0.4482293417404106,0.893918596519257,140.0,20.042,212.3,0.59,0.0,-0.18
2004,2,14,45,0.699458327051647,0.7146733860429609,1.0,20.486,219.4,0.08,0.0,11.24
2004,2,14,45,0.699458327051647,0.7146733860429609,20.0,20.4,219.3,0.08,0.0,13.29
2004,2,14,45,0.699458327051647,0.7146733860429609,40.0,20.346,219.7,0.08,0.0,7.24
2004,2,14,45,0.699458327051647,0.7146733860429609,60.0,20.194,220.9,0.08,0.0,5.34
2004,2,14,45,0.699458327051647,0.7146733860429609,80.0,19.885,219.4,0.23,0.0,2.0
2004,2,14,45,0.699458327051647,0.7146733860429609,100.0,19.923,220.2,0.25,0.0,0.78
2004,2,14,45,0.699458327051647,0.7146733860429609,120.0,19.862,220.3,0.28,0.0,0.34
2004,2,14,45,0.699458327051647,0.7146733860429609,140.0,19.749,217.4,0.53,0.0,0.1
2004,3,10,70,0.9338372288229252,0.35769823883312546,1.0,20.039,224.4,0.0,0.03,8.61
2004,3,10,70,0.9338372288229252,0.35769823883312546,20.0,20.192,226.0,0.0,0.0,1.34
2004,3,10,70,0.9338372288229252,0.35769823883312546,40.0,20.159,224.5,0.0,0.0,2.24
2004,3,10,70,0.9338372288229252,0.35769823883312546,60.0,20.069,224.0,0.0,0.0,1.21
2004,3,10,70,0.9338372288229252,0.35769823883312546,80.0,19.723,223.9,0.0,0.0,0.45
2004,3,10,70,0.9338372288229252,0.35769823883312546,100.0,19.856,223.0,0.34,0.0,0.35
2004,3,10,70,0.9338372288229252,0.35769823883312546,120.0,19.683,222.9,0.35,0.0,0.16
2004,3,10,70,0.9338372288229252,0.35769823883312546,140.0,19.647,222.4,0.38,0.0,0.12
2004,3,23,83,0.989932495087353,0.141540295217043,1.0,20.023,227.6,0.0,0.0,8.67
2004,3,23,83,0.989932495087353,0.141540295217043,20.0,19.928,226.2,0.0,0.0,3.82
2004,3,23,83,0.989932495087353,0.141540295217043,40.0,20.025,226.4,0.0,0.0,6.77
2004,3,23,83,0.989932495087353,0.141540295217043,60.0,19.889,226.2,0.0,0.0,1.36
2004,3,23,83,0.989932495087353,0.141540295217043,80.0,19.871,225.4,0.0,0.0,1.58
2004,3,23,83,0.989932495087353,0.141540295217043,100.0,19.873,225.1,0.0,0.0,0.75
2004,3,23,83,0.989932495087353,0.141540295217043,120.0,19.865,225.8,0.0,0.0,0.14
2004,3,23,83,0.989932495087353,0.141540295217043,140.0,19.79,223.9,0.1,0.05,0.01
2004,4,7,98,0.9932568492674143,-0.11593459959550041,1.0,20.109,222.2,0.0,0.03,13.73
2004,4,7,98,0.9932568492674143,-0.11593459959550041,20.0,20.119,222.4,0.0,0.0,14.68
2004,4,7,98,0.9932568492674143,-0.11593459959550041,40.0,20.092,222.5,0.0,0.0,4.09
2004,4,7,98,0.9932568492674143,-0.11593459959550041,60.0,20.091,222.2,0.0,0.0,5.96
2004,4,7,98,0.9932568492674143,-0.11593459959550041,80.0,20.078,222.6,0.0,0.0,1.74
2004,4,7,98,0.9932568492674143,-0.11593459959550041,100.0,20.016,221.5,0.34,0.0,0.72
2004,4,7,98,0.9932568492674143,-0.11593459959550041,120.0,19.749,221.9,0.35,0.0,0.16
2004,4,7,98,0.9932568492674143,-0.11593459959550041,140.0,19.762,221.9,0.38,0.0,0.05
2004,4,21,112,0.9368813462954315,-0.3496474552512284,20.0,19.934,226.2,0.0,0.0,1.33
2004,4,21,112,0.9368813462954315,-0.3496474552512284,40.0,19.745,227.5,0.0,0.0,0.51
2004,4,21,112,0.9368813462954315,-0.3496474552512284,60.0,19.664,226.9,0.0,0.0,2.09
2004,4,21,112,0.9368813462954315,-0.3496474552512284,80.0,19.701,225.9,0.0,0.0,3.79
2004,4,21,112,0.9368813462954315,-0.3496474552512284,100.0,19.484,223.3,0.32,0.0,1.31
2004,4,21,112,0.9368813462954315,-0.3496474552512284,120.0,19.448,221.4,0.55,0.0,0.14
2004,4,21,112,0.9368813462954315,-0.3496474552512284,140.0,19.472,221.3,0.24,0.0,0.18
2004,5,18,139,0.6807734094770161,-0.7324940716135789,1.0,23.022,217.1,0.0,0.0,1.46
2004,5,18,139,0.6807734094770161,-0.7324940716135789,20.0,21.963,216.2,0.0,0.0,1.38
2004,5,18,139,0.6807734094770161,-0.7324940716135789,40.0,21.957,220.1,0.0,0.0,0.89
2004,5,18,139,0.6807734094770161,-0.7324940716135789,60.0,20.194,222.0,0.0,0.0,0.42
2004,5,18,139,0.6807734094770161,-0.7324940716135789,80.0,19.593,211.7,0.0,0.0,5.39
2004,5,18,139,0.6807734094770161,-0.7324940716135789,100.0,19.477,221.0,0.32,0.0,3.14
2004,5,18,139,0.6807734094770161,-0.7324940716135789,120.0,19.122,228.2,0.0,0.0,0.77
2004,5,18,139,0.6807734094770161,-0.7324940716135789,140.0,18.993,216.1,1.46,0.05,0.2
2004,6,15,167,0.26366549272800704,-0.9646141756912435,1.0,24.417,210.8,0.0,0.0,5.74
2004,6,15,167,0.26366549272800704,-0.9646141756912435,20.0,24.257,213.7,0.0,0.0,5.94
2004,6,15,167,0.26366549272800704,-0.9646141756912435,40.0,22.568,222.3,0.0,0.0,5.86
2004,6,15,167,0.26366549272800704,-0.9646141756912435,60.0,20.484,228.5,0.0,0.0,3.81
2004,6,15,167,0.26366549272800704,-0.9646141756912435,80.0,20.193,232.2,0.0,0.0,2.65
2004,6,15,167,0.26366549272800704,-0.9646141756912435,100.0,19.42,209.8,1.18,0.0,0.1
2004,6,15,167,0.26366549272800704,-0.9646141756912435,120.0,19.352,210.7,1.23,0.0,1.37
2004,6,15,167,0.26366549272800704,-0.9646141756912435,140.0,19.042,211.4,1.8,0.07,0.63
2004,7,14,196,-0.23030567023061196,-0.973118337233262,1.0,27.135,202.0,0.0,0.0,0.7
2004,7,14,196,-0.23030567023061196,-0.973118337233262,20.0,25.45,208.8,0.0,0.0,4.95
2004,7,14,196,-0.23030567023061196,-0.973118337233262,40.0,23.198,227.5,0.0,0.0,3.03
2004,7,14,196,-0.23030567023061196,-0.973118337233262,60.0,21.477,226.8,0.0,0.0,1.46
2004,7,14,196,-0.23030567023061196,-0.973118337233262,80.0,20.651,221.5,0.0,0.0,2.23
2004,7,14,196,-0.23030567023061196,-0.973118337233262,100.0,19.651,212.0,0.2,0.0,1.23
2004,7,14,196,-0.23030567023061196,-0.973118337233262,120.0,19.671,215.7,0.0,0.0,1.15
2004,7,14,196,-0.23030567023061196,-0.973118337233262,140.0,19.29,212.5,0.45,0.0,0.39
2004,8,17,230,-0.7295575540864876,-0.6839194216246105,1.0,28.48,204.5,0.0,0.0,3.44
2004,8,17,230,-0.7295575540864876,-0.6839194216246105,20.0,27.475,205.4,0.0,0.0,4.35
2004,8,17,230,-0.7295575540864876,-0.6839194216246105,40.0,27.109,203.7,0.0,0.0,4.91
2004,8,17,230,-0.7295575540864876,-0.6839194216246105,60.0,24.413,223.8,0.0,0.0,2.0
2004,8,17,230,-0.7295575540864876,-0.6839194216246105,80.0,23.107,228.1,0.0,0.0,3.66
2004,8,17,230,-0.7295575540864876,-0.6839194216246105,100.0,21.354,219.3,0.0,0.0,2.47
2004,8,17,230,-0.7295575540864876,-0.6839194216246105,120.0,20.791,215.6,0.0,0.0,1.95
2004,8,17,230,-0.7295575540864876,-0.6839194216246105,140.0,20.116,212.6,0.09,0.0,0.65
2004,9,14,258,-0.9634705485641486,-0.26781430516217486,1.0,28.109,201.7,0.0,0.0,5.22
2004,9,14,258,-0.9634705485641486,-0.26781430516217486,20.0,28.049,199.0,0.0,0.0,5.33
2004,9,14,258,-0.9634705485641486,-0.26781430516217486,40.0,24.499,226.5,0.0,0.0,5.04
2004,9,14,258,-0.9634705485641486,-0.26781430516217486,60.0,22.346,227.0,0.0,0.0,3.7
2004,9,14,258,-0.9634705485641486,-0.26781430516217486,80.0,20.396,230.1,0.0,0.0,2.96
2004,9,14,258,-0.9634705485641486,-0.26781430516217486,100.0,19.507,210.3,0.96,0.0,2.47
2004,9,14,258,-0.9634705485641486,-0.26781430516217486,120.0,19.141,207.8,1.45,0.04,0.59
2004,9,14,258,-0.9634705485641486,-0.26781430516217486,140.0,18.888,204.0,2.42,0.09,0.12
2004,12,8,343,-0.3697245428906732,0.9291414114031743,1.0,23.013,211.6,0.0,0.0,0.44
2004,12,8,343,-0.3697245428906732,0.9291414114031743,20.0,22.991,212.8,0.0,0.0,3.96
2004,12,8,343,-0.3697245428906732,0.9291414114031743,40.0,22.993,211.5,0.0,0.0,0.47
2004,12,8,343,-0.3697245428906732,0.9291414114031743,60.0,22.776,212.4,0.0,0.0,0.37
2004,12,8,343,-0.3697245428906732,0.9291414114031743,80.0,22.316,208.7,0.0,0.0,1.09
2004,12,8,343,-0.3697245428906732,0.9291414114031743,100.0,21.983,212.9,0.0,0.0,1.66
2004,12,8,343,-0.3697245428906732,0.9291414114031743,120.0,20.236,201.2,0.7,0.0,0.3
2004,12,8,343,-0.3697245428906732,0.9291414114031743,140.0,19.555,200.9,1.56,0.04,0.1
2005,1,27,27,0.4482293417404106,0.893918596519257,1.0,20.928,216.1,0.0,0.0,1.89
2005,1,27,27,0.4482293417404106,0.893918596519257,20.0,20.943,215.9,0.0,0.0,1.08
2005,1,27,27,0.4482293417404106,0.893918596519257,40.0,20.928,215.7,0.0,0.0,5.3
2005,1,27,27,0.4482293417404106,0.893918596519257,60.0,20.943,216.7,0.0,0.0,2.74
2005,1,27,27,0.4482293417404106,0.893918596519257,80.0,20.935,215.8,0.0,0.0,0.99
2005,1,27,27,0.4482293417404106,0.893918596519257,100.0,20.939,215.7,0.0,0.0,0.23
2005,1,27,27,0.4482293417404106,0.893918596519257,120.0,20.941,217.9,0.0,0.0,0.13
2005,1,27,27,0.4482293417404106,0.893918596519257,140.0,20.938,215.7,0.0,0.0,0.01
2005,2,8,39,0.6220467484408675,0.7829801036770629,1.0,20.265,218.0,0.12,0.0,2.17
2005,2,8,39,0.6220467484408675,0.7829801036770629,20.0,20.306,217.1,0.13,0.0,12.8
2005,2,8,39,0.6220467484408675,0.7829801036770629,40.0,20.261,217.9,0.14,0.0,7.21
2005,2,8,39,0.6220467484408675,0.7829801036770629,60.0,20.266,217.9,0.13,0.0,1.09
2005,2,8,39,0.6220467484408675,0.7829801036770629,80.0,20.285,210.9,0.99,0.0,1.71
2005,2,8,39,0.6220467484408675,0.7829801036770629,100.0,20.351,217.3,0.17,0.0,0.53
2005,2,8,39,0.6220467484408675,0.7829801036770629,120.0,20.288,216.7,0.2,0.0,0.1
2005,2,8,39,0.6220467484408675,0.7829801036770629,140.0,20.283,216.2,0.21,0.0,0.16
2005,2,24,55,0.8115390590073611,0.5842981736283684,1.0,19.799,220.3,0.26,0.0,10.54
2005,2,24,55,0.8115390590073611,0.5842981736283684,20.0,19.698,219.5,0.23,0.0,17.05
2005,2,24,55,0.8115390590073611,0.5842981736283684,40.0,19.712,220.1,0.26,0.0,11.35
2005,2,24,55,0.8115390590073611,0.5842981736283684,60.0,19.699,220.1,0.23,0.0,0.53
2005,2,24,55,0.8115390590073611,0.5842981736283684,80.0,19.7,219.4,0.24,0.0,1.9
2005,2,24,55,0.8115390590073611,0.5842981736283684,100.0,19.705,219.8,0.26,0.0,0.5
2005,2,24,55,0.8115390590073611,0.5842981736283684,120.0,19.707,219.5,0.27,0.0,0.15
2005,2,24,55,0.8115390590073611,0.5842981736283684,140.0,19.721,219.2,0.28,0.0,0.05
2005,3,8,67,0.9141279881853337,0.40542572835999735,1.0,19.308,219.6,0.69,0.0,17.31
2005,3,8,67,0.9141279881853337,0.40542572835999735,40.0,19.301,220.3,0.71,0.0,11.47
2005,3,8,67,0.9141279881853337,0.40542572835999735,60.0,19.302,218.9,0.7,0.0,5.08
2005,3,8,67,0.9141279881853337,0.40542572835999735,80.0,19.308,219.0,0.69,0.0,2.26
2005,3,8,67,0.9141279881853337,0.40542572835999735,100.0,19.307,218.8,0.72,0.0,0.87
2005,3,8,67,0.9141279881853337,0.40542572835999735,120.0,19.311,218.7,0.74,0.0,0.25
2005,3,8,67,0.9141279881853337,0.40542572835999735,140.0,19.318,218.9,0.7,0.0,0.02
2005,3,21,80,0.9813064702716093,0.19245158197082998,1.0,19.484,223.5,0.23,0.0,14.18
2005,3,21,80,0.9813064702716093,0.19245158197082998,20.0,19.46,222.7,0.23,0.0,15.64
2005,3,21,80,0.9813064702716093,0.19245158197082998,40.0,19.505,222.4,0.22,0.0,10.44
2005,3,21,80,0.9813064702716093,0.19245158197082998,60.0,19.506,220.6,0.23,0.0,5.38
2005,3,21,80,0.9813064702716093,0.19245158197082998,80.0,19.411,222.3,0.26,0.0,1.95
2005,3,21,80,0.9813064702716093,0.19245158197082998,100.0,19.38,221.8,0.46,0.0,0.67
2005,3,21,80,0.9813064702716093,0.19245158197082998,120.0,19.358,222.3,0.29,0.0,0.23
2005,3,21,80,0.9813064702716093,0.19245158197082998,140.0,19.353,222.3,0.45,0.0,0.16
2005,4,6,96,0.9966589017541702,-0.08167639533042241,1.0,20.139,222.6,0.0,0.0,7.15
2005,4,6,96,0.9966589017541702,-0.08167639533042241,20.0,20.054,223.0,0.0,0.0,8.25
2005,4,6,96,0.9966589017541702,-0.08167639533042241,40.0,20.047,222.5,0.0,0.0,6.47
2005,4,6,96,0.9966589017541702,-0.08167639533042241,60.0,19.983,222.4,0.07,0.0,5.71
2005,4,6,96,0.9966589017541702,-0.08167639533042241,80.0,19.905,219.1,0.3,0.0,2.63
2005,4,6,96,0.9966589017541702,-0.08167639533042241,100.0,19.806,217.3,0.45,0.0,1.01
2005,4,6,96,0.9966589017541702,-0.08167639533042241,120.0,19.778,216.7,0.51,0.0,0.22
2005,4,6,96,0.9966589017541702,-0.08167639533042241,140.0,19.618,216.2,0.6,0.0,0.26
2005,4,19,109,0.9536809966304457,-0.30081980763566735,1.0,19.81,231.5,0.0,0.0,16.09
2005,4,19,109,0.9536809966304457,-0.30081980763566735,20.0,19.851,232.3,0.0,0.0,14.12
2005,4,19,109,0.9536809966304457,-0.30081980763566735,40.0,19.406,236.0,0.0,0.0,8.9
2005,4,19,109,0.9536809966304457,-0.30081980763566735,60.0,19.164,216.2,1.06,0.03,7.65
2005,4,19,109,0.9536809966304457,-0.30081980763566735,80.0,18.934,221.7,0.82,0.0,4.51
2005,4,19,109,0.9536809966304457,-0.30081980763566735,100.0,19.342,214.0,1.07,0.04,1.0
2005,4,19,109,0.9536809966304457,-0.30081980763566735,120.0,18.708,216.2,1.82,0.08,0.21
2005,4,19,109,0.9536809966304457,-0.30081980763566735,140.0,18.726,216.6,1.89,0.08,0.08
2005,5,17,137,0.705583610107178,-0.7086266782644596,1.0,21.776,221.8,0.0,0.0,7.57
2005,5,17,137,0.705583610107178,-0.7086266782644596,20.0,21.47,223.9,0.0,0.0,7.81
2005,5,17,137,0.705583610107178,-0.7086266782644596,40.0,20.424,226.5,0.0,0.0,5.79
2005,5,17,137,0.705583610107178,-0.7086266782644596,60.0,19.81,224.2,0.0,0.0,6.26
2005,5,17,137,0.705583610107178,-0.7086266782644596,80.0,19.524,221.0,0.19,0.0,0.97
2005,5,17,137,0.705583610107178,-0.7086266782644596,100.0,19.282,214.5,0.99,0.03,0.22
2005,5,17,137,0.705583610107178,-0.7086266782644596,120.0,19.182,213.8,1.4,0.05,0.16
2005,5,17,137,0.705583610107178,-0.7086266782644596,140.0,19.037,213.0,1.8,0.06,0.18
2005,6,14,165,0.29671281927349075,-0.9549667548552551,1.0,24.64,212.2,0.0,0.0,0.55
2005,6,14,165,0.29671281927349075,-0.9549667548552551,20.0,23.833,214.3,0.0,0.0,0.96
2005,6,14,165,0.29671281927349075,-0.9549667548552551,40.0,21.443,226.9,0.0,0.0,1.19
2005,6,14,165,0.29671281927349075,-0.9549667548552551,60.0,20.332,228.3,0.0,0.0,4.63
2005,6,14,165,0.29671281927349075,-0.9549667548552551,80.0,19.977,225.3,0.0,0.0,5.05
2005,6,14,165,0.29671281927349075,-0.9549667548552551,100.0,19.607,220.9,0.05,0.0,4.26
2005,6,14,165,0.29671281927349075,-0.9549667548552551,120.0,19.372,213.3,0.88,0.04,1.01
2005,6,14,165,0.29671281927349075,-0.9549667548552551,140.0,19.254,214.6,1.26,0.05,0.34
2005,7,19,200,-0.2967128192734901,-0.9549667548552553,1.0,28.281,200.8,0.0,0.0,0.56
2005,7,19,200,-0.2967128192734901,-0.9549667548552553,20.0,26.663,210.0,0.0,0.0,1.72
2005,7,19,200,-0.2967128192734901,-0.9549667548552553,40.0,22.684,232.0,0.0,0.0,1.58
2005,7,19,200,-0.2967128192734901,-0.9549667548552553,60.0,20.816,237.9,0.0,0.0,3.13
2005,7,19,200,-0.2967128192734901,-0.9549667548552553,80.0,19.904,227.3,0.1,0.0,3.74
2005,7,19,200,-0.2967128192734901,-0.9549667548552553,100.0,19.879,217.7,0.62,0.0,2.79
2005,7,19,200,-0.2967128192734901,-0.9549667548552553,120.0,19.462,214.7,0.9,0.0,1.34
2005,7,19,200,-0.2967128192734901,-0.9549667548552553,140.0,19.005,211.4,2.04,0.04,0.51
2005,8,9,221,-0.6152845999633277,-0.7883050558305253,1.0,26.856,203.5,0.0,0.0,1.01
2005,8,9,221,-0.6152845999633277,-0.7883050558305253,20.0,26.683,205.1,0.0,0.0,1.86
2005,8,9,221,-0.6152845999633277,-0.7883050558305253,40.0,21.459,238.8,0.0,0.0,1.77
2005,8,9,221,-0.6152845999633277,-0.7883050558305253,60.0,20.178,229.3,0.0,0.0,3.5
2005,8,9,221,-0.6152845999633277,-0.7883050558305253,80.0,19.498,223.5,0.0,0.0,3.13
2005,8,9,221,-0.6152845999633277,-0.7883050558305253,100.0,19.156,216.1,0.3,0.0,3.94
2005,8,9,221,-0.6152845999633277,-0.7883050558305253,120.0,19.034,212.0,1.31,0.03,0.95
2005,8,9,221,-0.6152845999633277,-0.7883050558305253,140.0,18.982,213.4,1.58,0.06,0.44
2005,9,6,249,-0.9106046300942162,-0.41327860778290443,1.0,27.981,200.1,0.0,0.0,7.05
2005,9,6,249,-0.9106046300942162,-0.41327860778290443,20.0,27.604,203.6,0.0,0.0,4.94
2005,9,6,249,-0.9106046300942162,-0.41327860778290443,40.0,23.673,232.9,0.0,0.0,6.03
2005,9,6,249,-0.9106046300942162,-0.41327860778290443,60.0,21.764,239.9,0.0,0.0,4.09
2005,9,6,249,-0.9106046300942162,-0.41327860778290443,80.0,20.324,229.7,0.0,0.0,3.05
2005,9,6,249,-0.9106046300942162,-0.41327860778290443,100.0,19.758,219.5,0.09,0.0,1.14
2005,9,6,249,-0.9106046300942162,-0.41327860778290443,120.0,19.307,208.7,0.91,0.0,0.43
2005,9,6,249,-0.9106046300942162,-0.41327860778290443,140.0,19.008,206.2,2.03,0.07,0.26
2005,10,11,284,-0.9844738167520923,0.17553149042142777,1.0,26.056,204.7,0.0,0.0,4.53
2005,10,11,284,-0.9844738167520923,0.17553149042142777,20.0,25.971,204.5,0.0,0.0,4.17
2005,10,11,284,-0.9844738167520923,0.17553149042142777,40.0,24.756,204.4,0.0,0.0,4.67
2005,10,11,284,-0.9844738167520923,0.17553149042142777,60.0,21.977,230.1,0.0,0.0,3.06
2005,10,11,284,-0.9844738167520923,0.17553149042142777,80.0,20.141,225.6,0.0,0.0,1.12
2005,10,11,284,-0.9844738167520923,0.17553149042142777,100.0,19.666,212.2,0.45,0.0,1.02
2005,10,11,284,-0.9844738167520923,0.17553149042142777,120.0,19.369,206.0,1.52,0.04,0.14
2005,10,11,284,-0.9844738167520923,0.17553149042142777,140.0,19.054,205.8,2.35,0.07,0.09
2005,11,10,314,-0.7694148268839381,0.6387494220515268,1.0,24.715,208.6,0.0,0.0,4.86
2005,11,10,314,-0.7694148268839381,0.6387494220515268,20.0,24.718,208.3,0.0,0.0,4.79
2005,11,10,314,-0.7694148268839381,0.6387494220515268,40.0,24.718,208.6,0.0,0.0,4.26
2005,11,10,314,-0.7694148268839381,0.6387494220515268,60.0,21.948,236.0,0.0,0.0,3.77
2005,11,10,314,-0.7694148268839381,0.6387494220515268,80.0,20.413,224.5,0.0,0.0,2.52
2005,11,10,314,-0.7694148268839381,0.6387494220515268,100.0,19.365,219.7,0.0,0.0,0.78
2005,11,10,314,-0.7694148268839381,0.6387494220515268,120.0,18.988,208.6,1.03,0.03,0.27
2005,11,10,314,-0.7694148268839381,0.6387494220515268,140.0,18.904,207.4,1.61,0.05,0.04
2005,12,8,342,-0.38566340624360745,0.9226395488404875,1.0,22.555,215.6,0.0,0.0,4.72
2005,12,8,342,-0.38566340624360745,0.9226395488404875,20.0,22.565,216.6,0.0,0.0,4.31
2005,12,8,342,-0.38566340624360745,0.9226395488404875,40.0,22.489,214.6,0.0,0.0,3.6
2005,12,8,342,-0.38566340624360745,0.9226395488404875,60.0,22.586,214.7,0.0,0.0,2.34
2005,12,8,342,-0.38566340624360745,0.9226395488404875,80.0,20.526,224.1,0.0,0.0,0.79
2005,12,8,342,-0.38566340624360745,0.9226395488404875,100.0,19.616,218.9,0.04,0.0,0.81
2005,12,8,342,-0.38566340624360745,0.9226395488404875,120.0,19.13,211.1,0.47,0.0,0.35
2005,12,8,342,-0.38566340624360745,0.9226395488404875,140.0,19.088,205.0,1.69,0.04,0.12
2006,1,29,29,0.47873384011578846,0.8779600847008882,2.7,19.794,221.5,0.36,0.0,9.61
2006,1,29,29,0.47873384011578846,0.8779600847008882,18.8,19.814,221.2,0.33,0.0,10.14
2006,1,29,29,0.47873384011578846,0.8779600847008882,38.3,19.819,221.4,0.33,0.0,8.45
2006,1,29,29,0.47873384011578846,0.8779600847008882,61.1,19.818,221.1,0.34,0.0,3.38
2006,1,29,29,0.47873384011578846,0.8779600847008882,81.7,19.815,221.1,0.34,0.0,1.08
2006,1,29,29,0.47873384011578846,0.8779600847008882,94.9,19.832,220.9,0.35,0.0,0.45
2006,1,29,29,0.47873384011578846,0.8779600847008882,124.1,19.834,221.1,0.33,0.0,0.08
2006,1,29,29,0.47873384011578846,0.8779600847008882,137.6,19.835,220.6,0.37,0.0,0.05
2006,2,8,39,0.6220467484408675,0.7829801036770629,1.1,19.748,222.2,0.42,0.0,13.39
2006,2,8,39,0.6220467484408675,0.7829801036770629,19.7,19.751,222.2,0.4,0.0,11.14
2006,2,8,39,0.6220467484408675,0.7829801036770629,41.4,19.756,222.1,0.41,0.0,5.03
2006,2,8,39,0.6220467484408675,0.7829801036770629,59.4,19.752,222.2,0.4,0.0,1.35
2006,2,8,39,0.6220467484408675,0.7829801036770629,79.0,19.737,222.2,0.42,0.0,0.21
2006,2,8,39,0.6220467484408675,0.7829801036770629,99.2,19.742,221.9,0.45,0.0,0.12
2006,2,8,39,0.6220467484408675,0.7829801036770629,121.4,19.74,220.9,0.56,0.0,-0.05
2006,2,8,39,0.6220467484408675,0.7829801036770629,139.7,19.726,220.3,0.62,0.0,-0.04
2006,2,22,53,0.7909456567567772,0.6118864012687243,0.9,19.331,224.8,0.14,0.0,16.45
2006,2,22,53,0.7909456567567772,0.6118864012687243,19.8,19.336,225.0,0.15,0.0,17.31
2006,2,22,53,0.7909456567567772,0.6118864012687243,40.0,19.339,225.1,0.14,0.0,9.6
2006,2,22,53,0.7909456567567772,0.6118864012687243,59.9,19.335,224.7,0.16,0.0,3.84
2006,2,22,53,0.7909456567567772,0.6118864012687243,81.2,19.311,224.7,0.15,0.0,1.21
2006,2,22,53,0.7909456567567772,0.6118864012687243,101.3,19.308,223.9,0.2,0.0,0.26
2006,2,22,53,0.7909456567567772,0.6118864012687243,119.3,19.292,223.5,0.2,0.0,-0.04
2006,2,22,53,0.7909456567567772,0.6118864012687243,139.0,19.291,223.7,0.26,0.0,0.06
2006,4,5,95,0.9979171608653922,-0.06450844944931623,20.5,19.051,231.3,0.0,0.0,12.62
2006,4,5,95,0.9979171608653922,-0.06450844944931623,42.3,18.841,228.9,0.0,0.0,6.02
2006,4,5,95,0.9979171608653922,-0.06450844944931623,59.5,18.787,229.2,0.09,0.0,2.51
2006,4,5,95,0.9979171608653922,-0.06450844944931623,80.1,18.726,222.3,1.0,0.0,0.49
2006,4,5,95,0.9979171608653922,-0.06450844944931623,100.6,18.695,223.2,1.06,0.0,0.09
2006,4,5,95,0.9979171608653922,-0.06450844944931623,122.3,18.624,223.7,1.02,0.03,-0.07
2006,4,5,95,0.9979171608653922,-0.06450844944931623,137.3,18.6,217.9,1.64,0.05,-0.01
2006,5,10,130,0.7856498550787147,-0.6186714032625031,2.9,21.691,218.1,0.0,0.0,4.95
2006,5,10,130,0.7856498550787147,-0.6186714032625031,20.6,21.333,219.8,0.0,0.0,3.06
2006,5,10,130,0.7856498550787147,-0.6186714032625031,40.4,21.27,220.0,0.0,0.0,2.96
2006,5,10,130,0.7856498550787147,-0.6186714032625031,60.2,21.049,220.8,0.0,0.0,2.69
2006,5,10,130,0.7856498550787147,-0.6186714032625031,81.4,20.633,221.1,0.0,0.0,1.83
2006,5,10,130,0.7856498550787147,-0.6186714032625031,99.5,19.697,217.3,0.1,0.0,0.99
2006,5,10,130,0.7856498550787147,-0.6186714032625031,120.2,19.63,212.9,0.79,0.0,0.63
2006,5,10,130,0.7856498550787147,-0.6186714032625031,140.8,19.358,212.5,1.16,0.0,0.25
2006,6,27,178,0.07738647923346301,-0.9970011699250151,3.5,25.667,207.4,0.0,0.0,7.45
2006,6,27,178,0.07738647923346301,-0.9970011699250151,19.9,24.088,217.1,0.0,0.0,5.08
2006,6,27,178,0.07738647923346301,-0.9970011699250151,40.9,22.056,233.8,0.0,0.0,5.08
2006,6,27,178,0.07738647923346301,-0.9970011699250151,59.9,20.073,231.1,0.0,0.0,6.18
2006,6,27,178,0.07738647923346301,-0.9970011699250151,99.9,18.862,213.7,0.57,0.0,2.39
2006,6,27,178,0.07738647923346301,-0.9970011699250151,120.4,18.728,208.4,2.1,0.06,0.61
2006,6,27,178,0.07738647923346301,-0.9970011699250151,141.4,18.612,208.2,2.64,0.09,0.17
2006,6,27,178,0.07738647923346301,-0.9970011699250151,80.9,19.09,229.8,0.0,0.0,4.16
2006,7,19,200,-0.2967128192734901,-0.9549667548552553,4.2,27.282,202.5,0.0,0.0,3.0
2006,7,19,200,-0.2967128192734901,-0.9549667548552553,19.7,25.683,202.8,0.0,0.0,3.71
2006,7,19,200,-0.2967128192734901,-0.9549667548552553,40.4,22.628,234.8,0.0,0.0,3.36
2006,7,19,200,-0.2967128192734901,-0.9549667548552553,59.5,20.863,234.8,0.0,0.0,2.8
2006,7,19,200,-0.2967128192734901,-0.9549667548552553,80.9,19.951,230.0,0.0,0.0,1.94
2006,7,19,200,-0.2967128192734901,-0.9549667548552553,100.2,19.449,217.4,0.0,0.0,1.33
2006,7,19,200,-0.2967128192734901,-0.9549667548552553,121.3,19.107,204.1,1.03,0.0,0.64
2006,7,19,200,-0.2967128192734901,-0.9549667548552553,141.7,18.765,201.4,2.59,0.07,0.11
2006,8,9,221,-0.6152845999633277,-0.7883050558305253,3.1,28.012,204.0,0.0,0.0,5.54
2006,8,9,221,-0.6152845999633277,-0.7883050558305253,19.1,27.663,201.8,0.0,0.0,5.36
2006,8,9,221,-0.6152845999633277,-0.7883050558305253,40.4,23.239,240.9,0.0,0.0,5.57
2006,8,9,221,-0.6152845999633277,-0.7883050558305253,59.7,20.375,241.3,0.0,0.0,5.07
2006,8,9,221,-0.6152845999633277,-0.7883050558305253,79.5,19.206,233.5,0.0,0.0,10.08
2006,8,9,221,-0.6152845999633277,-0.7883050558305253,99.1,18.843,208.3,0.77,0.0,1.29
2006,8,9,221,-0.6152845999633277,-0.7883050558305253,120.2,18.589,204.9,1.91,0.06,0.37
2006,8,9,221,-0.6152845999633277,-0.7883050558305253,140.0,18.468,211.3,2.45,0.08,0.04
2006,9,6,249,-0.9106046300942162,-0.41327860778290443,3.0,27.401,220.8,0.0,0.0,5.02
2006,9,6,249,-0.9106046300942162,-0.41327860778290443,21.0,27.327,200.3,0.0,0.0,5.15
2006,9,6,249,-0.9106046300942162,-0.41327860778290443,40.8,22.861,230.2,0.0,0.0,5.18
2006,9,6,249,-0.9106046300942162,-0.41327860778290443,60.5,21.008,229.6,0.0,0.0,5.62
2006,9,6,249,-0.9106046300942162,-0.41327860778290443,81.2,19.989,229.9,0.0,0.0,4.03
2006,9,6,249,-0.9106046300942162,-0.41327860778290443,101.1,19.384,213.4,0.17,0.0,1.94
2006,9,6,249,-0.9106046300942162,-0.41327860778290443,121.8,18.894,207.9,1.39,0.04,0.38
2006,9,6,249,-0.9106046300942162,-0.41327860778290443,139.9,18.675,206.1,2.54,0.08,0.02
2006,10,12,285,-0.9813064702716093,0.19245158197082995,3.0,26.966,202.8,0.0,0.0,3.22
2006,10,12,285,-0.9813064702716093,0.19245158197082995,20.9,26.983,203.0,0.0,0.0,3.25
2006,10,12,285,-0.9813064702716093,0.19245158197082995,40.2,23.435,224.2,0.0,0.0,2.83
2006,10,12,285,-0.9813064702716093,0.19245158197082995,60.4,22.149,233.0,0.0,0.0,2.62
2006,10,12,285,-0.9813064702716093,0.19245158197082995,80.5,20.833,222.9,0.0,0.0,2.37
2006,10,12,285,-0.9813064702716093,0.19245158197082995,101.1,21.012,206.4,0.12,0.0,1.36
2006,10,12,285,-0.9813064702716093,0.19245158197082995,120.0,19.373,201.3,0.62,0.0,0.33
2006,10,12,285,-0.9813064702716093,0.19245158197082995,139.8,19.093,206.0,1.51,0.04,0.07
2006,11,8,312,-0.7909456567567774,0.6118864012687242,3.8,23.837,211.2,0.0,0.0,5.55
2006,11,8,312,-0.7909456567567774,0.6118864012687242,21.2,23.837,209.1,0.0,0.0,5.53
2006,11,8,312,-0.7909456567567774,0.6118864012687242,40.1,23.842,209.3,0.0,0.0,3.6
2006,11,8,312,-0.7909456567567774,0.6118864012687242,60.1,23.843,209.1,0.0,0.0,1.89
2006,11,8,312,-0.7909456567567774,0.6118864012687242,82.3,22.011,202.8,0.32,0.0,3.32
2006,11,8,312,-0.7909456567567774,0.6118864012687242,100.4,21.222,209.9,0.5,0.0,0.55
2006,11,8,312,-0.7909456567567774,0.6118864012687242,119.6,20.134,203.4,1.02,0.04,0.23
2006,11,8,312,-0.7909456567567774,0.6118864012687242,139.2,19.625,199.2,2.25,0.08,0.02
2006,12,5,339,-0.4327755925504317,0.9015016841318838,3.3,23.395,212.2,0.0,0.0,0.01
2006,12,5,339,-0.4327755925504317,0.9015016841318838,20.0,23.216,209.9,0.0,0.0,5.34
2006,12,5,339,-0.4327755925504317,0.9015016841318838,38.4,23.218,210.3,0.0,0.0,3.13
2006,12,5,339,-0.4327755925504317,0.9015016841318838,58.2,23.216,212.9,0.0,0.0,1.4
2006,12,5,339,-0.4327755925504317,0.9015016841318838,80.0,23.007,212.3,0.0,0.0,0.68
2006,12,5,339,-0.4327755925504317,0.9015016841318838,101.5,22.846,213.1,0.0,0.0,0.02
2006,12,5,339,-0.4327755925504317,0.9015016841318838,118.2,22.512,210.1,0.6,0.0,0.22
2006,12,5,339,-0.4327755925504317,0.9015016841318838,141.1,20.91,199.1,1.53,0.05,-0.04
2007,2,1,32,0.5234156073655503,0.8520775211013093,40.7,20.036,220.6,0.0,0.0,10.43
2007,2,1,32,0.5234156073655503,0.8520775211013093,60.3,20.04,220.6,0.0,0.0,3.77
2007,2,1,32,0.5234156073655503,0.8520775211013093,76.9,20.037,220.5,0.0,0.0,1.02
2007,2,1,32,0.5234156073655503,0.8520775211013093,99.0,20.044,220.4,0.0,0.0,0.33
2007,2,1,32,0.5234156073655503,0.8520775211013093,121.1,20.052,220.6,0.0,0.0,0.06
2007,2,1,32,0.5234156073655503,0.8520775211013093,140.7,20.054,205.4,1.56,0.04,-0.02
2007,2,22,53,0.7909456567567772,0.6118864012687243,5.8,19.734,221.3,0.19,0.0,2.17
2007,2,22,53,0.7909456567567772,0.6118864012687243,19.4,19.74,221.4,0.18,0.0,3.48
2007,2,22,53,0.7909456567567772,0.6118864012687243,39.4,19.741,221.7,0.2,0.0,2.07
2007,2,22,53,0.7909456567567772,0.6118864012687243,59.8,19.748,221.3,0.18,0.0,1.34
2007,2,22,53,0.7909456567567772,0.6118864012687243,80.1,19.753,221.1,0.18,0.0,0.47
2007,2,22,53,0.7909456567567772,0.6118864012687243,99.3,19.758,221.2,0.17,0.0,0.05
2007,2,22,53,0.7909456567567772,0.6118864012687243,118.5,19.762,221.1,0.2,0.0,-0.07
2007,2,22,53,0.7909456567567772,0.6118864012687243,143.2,19.731,220.4,0.28,0.0,0.01
2007,3,7,66,0.9070138128026359,0.4211008707960896,6.1,19.584,223.5,0.12,0.0,0.75
2007,3,7,66,0.9070138128026359,0.4211008707960896,19.7,19.538,223.5,0.14,0.0,3.46
2007,3,7,66,0.9070138128026359,0.4211008707960896,39.9,19.55,223.6,0.14,0.0,3.43
2007,3,7,66,0.9070138128026359,0.4211008707960896,60.9,19.551,223.2,0.14,0.0,2.17
2007,3,7,66,0.9070138128026359,0.4211008707960896,80.1,19.554,222.7,0.17,0.0,0.86
2007,3,7,66,0.9070138128026359,0.4211008707960896,99.9,19.557,219.7,0.11,0.0,0.46
2007,3,7,66,0.9070138128026359,0.4211008707960896,121.5,19.562,223.2,0.17,0.0,0.14
2007,3,7,66,0.9070138128026359,0.4211008707960896,138.1,19.562,223.3,0.16,0.0,-0.03
2007,3,21,80,0.9813064702716093,0.19245158197082998,3.8,19.545,225.8,0.06,0.0,2.84
2007,3,21,80,0.9813064702716093,0.19245158197082998,19.6,19.558,225.9,0.0,0.0,3.14
2007,3,21,80,0.9813064702716093,0.19245158197082998,40.8,19.498,226.0,0.0,0.0,5.21
2007,3,21,80,0.9813064702716093,0.19245158197082998,61.1,19.51,226.0,0.0,0.0,2.47
2007,3,21,80,0.9813064702716093,0.19245158197082998,81.6,19.497,225.2,0.05,0.0,1.23
2007,3,21,80,0.9813064702716093,0.19245158197082998,102.0,19.483,225.3,0.06,0.0,0.19
2007,3,21,80,0.9813064702716093,0.19245158197082998,121.3,19.472,224.4,0.16,0.0,0.28
2007,3,21,80,0.9813064702716093,0.19245158197082998,140.3,19.436,223.7,0.31,0.0,0.07
2007,4,3,93,0.9995462806873573,-0.030120304846908114,40.0,19.394,227.8,0.0,0.0,13.29
2007,4,3,93,0.9995462806873573,-0.030120304846908114,60.0,19.386,226.8,0.0,0.0,10.16
2007,4,3,93,0.9995462806873573,-0.030120304846908114,80.0,19.388,226.1,0.06,0.0,1.73
2007,4,3,93,0.9995462806873573,-0.030120304846908114,100.0,19.119,206.7,1.6,0.04,0.55
2007,4,3,93,0.9995462806873573,-0.030120304846908114,120.0,19.381,225.1,0.13,0.0,0.33
2007,4,3,93,0.9995462806873573,-0.030120304846908114,140.0,19.106,223.4,0.35,0.0,0.01
2007,4,15,105,0.9721181966290613,-0.23449138957040985,1.0,20.32,223.8,0.0,0.0,6.43
2007,4,15,105,0.9721181966290613,-0.23449138957040985,20.0,20.416,223.2,0.0,0.0,5.99
2007,4,15,105,0.9721181966290613,-0.23449138957040985,40.0,19.875,227.2,0.0,0.0,6.07
2007,4,15,105,0.9721181966290613,-0.23449138957040985,60.0,19.527,226.4,0.0,0.0,4.39
2007,4,15,105,0.9721181966290613,-0.23449138957040985,80.0,19.413,222.5,0.23,0.0,3.64
2007,4,15,105,0.9721181966290613,-0.23449138957040985,100.0,19.045,221.7,0.33,0.0,1.58
2007,4,15,105,0.9721181966290613,-0.23449138957040985,120.0,19.331,221.6,0.36,0.0,0.24
2007,4,15,105,0.9721181966290613,-0.23449138957040985,140.0,19.239,216.2,1.12,0.0,0.2
2007,5,16,136,0.717676913675962,-0.6963762255968722,80.0,19.547,225.9,0.0,0.0,0.92
2007,5,16,136,0.717676913675962,-0.6963762255968722,100.0,19.113,219.8,0.65,0.0,0.27
2007,5,16,136,0.717676913675962,-0.6963762255968722,120.0,18.817,204.8,2.13,0.06,0.04
2007,5,17,137,0.705583610107178,-0.7086266782644596,0.0,21.416,222.1,0.0,0.0,6.26
2007,5,17,137,0.705583610107178,-0.7086266782644596,20.0,21.443,222.1,0.0,0.0,6.21
2007,5,17,137,0.705583610107178,-0.7086266782644596,40.0,21.258,225.8,0.0,0.06,0.07
2007,5,17,137,0.705583610107178,-0.7086266782644596,60.0,20.068,225.2,0.0,0.0,3.81
2007,6,21,172,0.1797665857255624,-0.9837092937736097,1.0,23.665,214.7,0.0,0.0,5.31
2007,6,21,172,0.1797665857255624,-0.9837092937736097,20.0,22.522,229.2,0.0,0.0,4.35
2007,6,21,172,0.1797665857255624,-0.9837092937736097,40.0,21.463,236.5,0.0,0.0,5.41
2007,6,21,172,0.1797665857255624,-0.9837092937736097,60.0,20.668,228.8,0.0,0.0,3.76
2007,6,21,172,0.1797665857255624,-0.9837092937736097,80.0,20.041,219.8,0.0,0.0,2.2
2007,6,21,172,0.1797665857255624,-0.9837092937736097,100.0,19.616,216.8,0.55,0.0,1.73
2007,6,21,172,0.1797665857255624,-0.9837092937736097,120.0,19.421,214.7,0.65,0.0,1.79
2007,6,21,172,0.1797665857255624,-0.9837092937736097,140.0,19.2,214.5,1.11,0.0,0.56
2007,7,19,200,-0.2967128192734901,-0.9549667548552553,80.0,19.718,228.4,0.53,0.0,2.56
2007,7,19,200,-0.2967128192734901,-0.9549667548552553,100.0,19.14,209.8,1.69,0.04,0.6
2007,7,19,200,-0.2967128192734901,-0.9549667548552553,120.0,18.701,209.8,2.04,0.05,0.69
2007,7,19,200,-0.2967128192734901,-0.9549667548552553,140.0,18.511,209.4,2.43,0.07,0.01
2007,7,19,200,-0.2967128192734901,-0.9549667548552553,0.0,26.765,205.2,0.0,0.0,5.85
2007,7,19,200,-0.2967128192734901,-0.9549667548552553,20.0,24.669,214.7,0.0,0.0,6.61
2007,7,19,200,-0.2967128192734901,-0.9549667548552553,40.0,22.317,227.8,0.0,0.0,5.98
2007,7,19,200,-0.2967128192734901,-0.9549667548552553,60.0,20.718,228.2,0.0,0.0,4.06
2007,8,17,229,-0.7176769136759615,-0.6963762255968726,1.0,27.618,207.6,0.0,0.0,4.28
2007,8,17,229,-0.7176769136759615,-0.6963762255968726,100.0,19.497,209.8,0.06,0.0,0.79
2007,8,17,229,-0.7176769136759615,-0.6963762255968726,120.0,19.303,202.8,1.12,0.0,1.15
2007,8,17,229,-0.7176769136759615,-0.6963762255968726,140.0,19.012,205.4,2.09,0.05,0.09
2007,8,17,229,-0.7176769136759615,-0.6963762255968726,20.0,25.687,205.0,0.0,0.0,5.32
2007,8,17,229,-0.7176769136759615,-0.6963762255968726,40.0,22.251,229.3,0.0,0.0,3.38
2007,8,17,229,-0.7176769136759615,-0.6963762255968726,60.0,20.875,233.2,0.0,0.0,3.21
2007,8,17,229,-0.7176769136759615,-0.6963762255968726,80.0,20.137,220.7,0.0,0.0,2.41
2007,9,8,251,-0.9242907221930934,-0.3816892202666586,5.0,26.778,202.4,0.0,0.04,7.09
2007,9,8,251,-0.9242907221930934,-0.3816892202666586,19.5,26.784,201.6,0.0,0.0,6.77
2007,9,8,251,-0.9242907221930934,-0.3816892202666586,40.1,25.569,207.5,0.0,0.0,8.18
2007,9,8,251,-0.9242907221930934,-0.3816892202666586,60.1,22.77,210.3,0.0,0.0,6.74
2007,9,8,251,-0.9242907221930934,-0.3816892202666586,80.5,21.727,229.5,0.0,0.0,2.67
2007,9,8,251,-0.9242907221930934,-0.3816892202666586,101.3,20.435,219.1,0.08,0.0,1.37
2007,9,8,251,-0.9242907221930934,-0.3816892202666586,121.1,19.751,196.5,2.37,0.09,0.3
2007,9,8,251,-0.9242907221930934,-0.3816892202666586,139.8,19.314,204.5,1.67,0.07,0.12
2007,10,6,279,-0.9959189961471792,0.0902516100310407,1.0,26.953,201.9,0.0,0.0,5.63
2007,10,6,279,-0.9959189961471792,0.0902516100310407,40.0,26.711,203.6,0.0,0.0,5.08
2007,10,6,279,-0.9959189961471792,0.0902516100310407,60.0,23.57,217.2,0.0,0.0,6.06
2007,10,6,279,-0.9959189961471792,0.0902516100310407,80.0,22.292,215.6,0.0,0.0,0.6
2007,10,6,279,-0.9959189961471792,0.0902516100310407,100.0,20.591,207.8,0.31,0.0,0.46
2007,10,6,279,-0.9959189961471792,0.0902516100310407,120.0,20.105,200.8,1.53,0.04,0.39
2007,10,6,279,-0.9959189961471792,0.0902516100310407,140.0,19.471,195.4,2.52,0.09,0.12
2007,11,14,318,-0.7236440382959124,0.690173388242972,1.0,24.21,208.0,0.0,0.0,5.13
2007,11,14,318,-0.7236440382959124,0.690173388242972,20.0,24.207,206.4,0.0,0.0,5.6
2007,11,14,318,-0.7236440382959124,0.690173388242972,40.0,24.241,208.2,0.0,0.0,4.15
2007,11,14,318,-0.7236440382959124,0.690173388242972,60.0,24.017,206.9,0.0,0.0,2.2
2007,11,14,318,-0.7236440382959124,0.690173388242972,80.0,23.002,196.4,0.16,0.0,1.96
2007,11,14,318,-0.7236440382959124,0.690173388242972,100.0,21.736,198.6,1.22,0.04,0.3
2007,11,14,318,-0.7236440382959124,0.690173388242972,120.0,19.771,200.2,1.58,0.06,0.06
2007,11,14,318,-0.7236440382959124,0.690173388242972,140.0,19.87,188.9,1.4,0.06,0.06
2007,12,6,340,-0.41719360261231697,0.9088176373395028,80.0,22.74,211.1,0.17,0.0,0.65
2007,12,6,340,-0.41719360261231697,0.9088176373395028,100.0,20.005,203.0,1.01,0.04,0.2
2007,12,6,340,-0.41719360261231697,0.9088176373395028,120.0,19.363,197.9,1.96,0.06,0.02
2007,12,6,340,-0.41719360261231697,0.9088176373395028,140.0,19.077,198.2,2.52,0.09,0.14
2007,12,6,340,-0.41719360261231697,0.9088176373395028,1.0,22.741,213.6,0.0,0.0,4.82
2007,12,6,340,-0.41719360261231697,0.9088176373395028,20.0,22.747,213.2,0.0,0.0,4.68
2007,12,6,340,-0.41719360261231697,0.9088176373395028,40.0,22.747,213.2,0.0,0.0,3.37
2007,12,6,340,-0.41719360261231697,0.9088176373395028,60.0,22.705,213.1,0.0,0.0,1.75
2008,1,17,17,0.288482432880609,0.9574851883550393,4.2,20.707,219.7,0.23,0.0,13.61
2008,1,17,17,0.288482432880609,0.9574851883550393,19.9,20.721,218.8,0.23,0.0,11.45
2008,1,17,17,0.288482432880609,0.9574851883550393,40.0,20.73,218.5,0.23,0.0,5.86
2008,1,17,17,0.288482432880609,0.9574851883550393,61.3,20.718,218.3,0.22,0.0,2.09
2008,1,17,17,0.288482432880609,0.9574851883550393,79.9,20.723,217.8,0.24,0.0,0.42
2008,1,17,17,0.288482432880609,0.9574851883550393,102.2,20.728,217.6,0.26,0.0,0.1
2008,1,17,17,0.288482432880609,0.9574851883550393,120.0,20.666,214.7,0.54,0.0,-0.01
2008,1,17,17,0.288482432880609,0.9574851883550393,141.3,20.141,201.2,1.61,0.06,-0.03
2008,2,12,43,0.6744436188329455,0.7383263540031065,5.5,20.651,220.8,0.0,0.0,5.18
2008,2,12,43,0.6744436188329455,0.7383263540031065,19.7,20.653,220.6,0.0,0.0,5.99
2008,2,12,43,0.6744436188329455,0.7383263540031065,39.4,20.724,220.6,0.0,0.0,4.83
2008,2,12,43,0.6744436188329455,0.7383263540031065,60.1,20.624,220.9,0.0,0.0,2.58
2008,2,12,43,0.6744436188329455,0.7383263540031065,80.4,20.554,220.8,0.0,0.0,1.45
2008,2,12,43,0.6744436188329455,0.7383263540031065,99.2,20.349,218.4,0.11,0.0,0.72
2008,2,12,43,0.6744436188329455,0.7383263540031065,119.5,19.431,210.1,0.68,0.0,0.32
2008,2,12,43,0.6744436188329455,0.7383263540031065,139.6,18.889,195.2,2.14,0.04,-0.13
2008,2,23,54,0.8013610881746766,0.5981809144059165,3.5,20.762,222.0,0.0,0.0,1.87
2008,2,23,54,0.8013610881746766,0.5981809144059165,21.1,20.77,220.8,0.0,0.0,4.08
2008,2,23,54,0.8013610881746766,0.5981809144059165,40.9,20.64,222.8,0.0,0.0,3.71
2008,2,23,54,0.8013610881746766,0.5981809144059165,60.8,20.506,219.8,0.0,0.0,3.58
2008,2,23,54,0.8013610881746766,0.5981809144059165,80.9,20.506,221.8,0.0,0.0,1.8
2008,2,23,54,0.8013610881746766,0.5981809144059165,101.1,20.492,220.9,0.0,0.0,0.75
2008,2,23,54,0.8013610881746766,0.5981809144059165,120.0,20.43,218.0,0.24,0.0,0.35
2008,2,23,54,0.8013610881746766,0.5981809144059165,141.2,19.409,202.0,0.52,0.0,0.25
2008,3,13,73,0.9510565162951535,0.30901699437494745,4.7,20.384,221.2,0.0,0.0,4.19
2008,3,13,73,0.9510565162951535,0.30901699437494745,19.9,20.385,222.0,0.0,0.0,4.81
2008,3,13,73,0.9510565162951535,0.30901699437494745,39.8,20.383,222.9,0.0,0.0,3.35
2008,3,13,73,0.9510565162951535,0.30901699437494745,59.7,20.386,223.8,0.0,0.0,2.65
2008,3,13,73,0.9510565162951535,0.30901699437494745,81.1,20.391,224.6,0.0,0.0,1.41
2008,3,13,73,0.9510565162951535,0.30901699437494745,99.1,19.71,224.1,0.0,0.0,3.35
2008,3,13,73,0.9510565162951535,0.30901699437494745,121.5,19.292,217.0,0.65,0.0,0.25
2008,3,13,73,0.9510565162951535,0.30901699437494745,139.4,19.087,211.6,1.42,0.0,0.14
2008,3,25,85,0.994217906893952,0.10738134666416309,4.1,19.907,224.5,0.0,0.0,11.67
2008,3,25,85,0.994217906893952,0.10738134666416309,20.9,19.86,225.9,0.0,0.0,10.86
2008,3,25,85,0.994217906893952,0.10738134666416309,40.6,19.579,220.8,0.0,0.0,7.56
2008,3,25,85,0.994217906893952,0.10738134666416309,60.1,19.512,222.9,0.0,0.0,2.06
2008,3,25,85,0.994217906893952,0.10738134666416309,79.2,19.426,222.9,0.0,0.0,0.55
2008,3,25,85,0.994217906893952,0.10738134666416309,99.4,19.405,220.8,0.39,0.0,0.12
2008,3,25,85,0.994217906893952,0.10738134666416309,120.0,19.39,220.6,0.38,0.0,0.02
2008,3,25,85,0.994217906893952,0.10738134666416309,140.5,19.358,207.6,1.51,0.0,-0.03
2008,4,15,106,0.9679377830240642,-0.25119006388481935,4.9,21.376,219.1,0.0,0.0,2.61
2008,4,15,106,0.9679377830240642,-0.25119006388481935,19.9,21.383,219.3,0.0,0.0,1.84
2008,4,15,106,0.9679377830240642,-0.25119006388481935,36.9,21.059,220.1,0.0,0.0,0.61
2008,4,15,106,0.9679377830240642,-0.25119006388481935,60.9,20.692,220.8,0.0,0.0,1.12
2008,4,15,106,0.9679377830240642,-0.25119006388481935,78.8,20.44,219.9,0.0,0.0,0.66
2008,4,15,106,0.9679377830240642,-0.25119006388481935,98.4,20.302,226.1,0.0,0.0,0.55
2008,4,15,106,0.9679377830240642,-0.25119006388481935,119.7,20.005,222.6,0.0,0.0,0.4
2008,5,30,151,0.5160623910158528,-0.8565509959010036,21.8,20.969,222.0,0.0,0.0,9.46
2008,5,30,151,0.5160623910158528,-0.8565509959010036,1.0,21.04,222.0,0.0,0.0,6.73
2008,5,30,151,0.5160623910158528,-0.8565509959010036,41.1,20.37,224.8,0.0,0.0,4.17
2008,5,30,151,0.5160623910158528,-0.8565509959010036,60.6,19.212,228.8,0.0,0.0,5.45
2008,5,30,151,0.5160623910158528,-0.8565509959010036,80.8,18.903,222.4,0.0,0.0,3.07
2008,5,30,151,0.5160623910158528,-0.8565509959010036,100.9,18.749,216.6,0.68,0.04,0.86
2008,5,30,151,0.5160623910158528,-0.8565509959010036,119.9,18.669,215.1,1.54,0.05,0.19
2008,5,30,151,0.5160623910158528,-0.8565509959010036,140.6,18.551,215.8,1.97,0.06,-0.01
2008,6,22,174,0.1457991969198751,-0.9893142039703663,4.5,24.366,210.4,0.0,0.0,6.65
2008,6,22,174,0.1457991969198751,-0.9893142039703663,21.2,23.222,215.0,0.0,0.0,7.19
2008,6,22,174,0.1457991969198751,-0.9893142039703663,40.4,21.936,223.5,0.0,0.0,4.91
2008,6,22,174,0.1457991969198751,-0.9893142039703663,60.4,21.046,226.4,0.0,0.0,4.42
2008,6,22,174,0.1457991969198751,-0.9893142039703663,80.8,20.677,226.5,0.0,0.0,3.43
2008,6,22,174,0.1457991969198751,-0.9893142039703663,100.5,20.315,226.8,0.0,0.0,2.22
2008,6,22,174,0.1457991969198751,-0.9893142039703663,120.4,19.869,224.8,0.0,0.0,1.38
2008,6,22,174,0.1457991969198751,-0.9893142039703663,140.3,19.735,222.8,0.0,0.0,0.69
2008,8,14,227,-0.6932812268869771,-0.7206671495538615,3.4,26.988,199.4,0.05,0.0,4.31
2008,8,14,227,-0.6932812268869771,-0.7206671495538615,19.0,26.303,199.2,0.05,0.0,5.22
2008,8,14,227,-0.6932812268869771,-0.7206671495538615,39.9,23.082,220.7,0.05,0.0,4.66
2008,8,14,227,-0.6932812268869771,-0.7206671495538615,59.5,20.132,228.1,0.06,0.0,6.13
2008,8,14,227,-0.6932812268869771,-0.7206671495538615,79.4,19.625,219.8,0.1,0.0,4.07
2008,8,14,227,-0.6932812268869771,-0.7206671495538615,100.2,19.57,207.2,1.39,0.0,0.83
2008,8,14,227,-0.6932812268869771,-0.7206671495538615,119.3,19.177,204.1,2.0,0.04,0.15
2008,8,14,227,-0.6932812268869771,-0.7206671495538615,140.7,18.953,204.7,2.09,0.04,0.04
2008,9,12,256,-0.9536809966304455,-0.300819807635668,3.5,28.617,198.7,0.06,0.0,3.9
2008,9,12,256,-0.9536809966304455,-0.300819807635668,19.7,27.768,208.6,0.06,0.0,3.59
2008,9,12,256,-0.9536809966304455,-0.300819807635668,40.0,23.659,225.4,0.06,0.0,4.17
2008,9,12,256,-0.9536809966304455,-0.300819807635668,58.9,21.279,225.7,0.06,0.0,2.95
2008,9,12,256,-0.9536809966304455,-0.300819807635668,79.7,19.886,220.1,0.06,0.0,4.18
2008,9,12,256,-0.9536809966304455,-0.300819807635668,100.1,19.32,207.4,1.28,0.0,2.06
2008,9,12,256,-0.9536809966304455,-0.300819807635668,119.4,19.141,203.0,2.12,0.0,0.52
2008,9,12,256,-0.9536809966304455,-0.300819807635668,139.6,18.852,204.3,2.72,0.06,-0.07
2008,10,9,283,-0.9873494423939864,0.15855938510313475,4.2,27.107,205.8,0.0,0.0,3.2
2008,10,9,283,-0.9873494423939864,0.15855938510313475,18.7,27.111,201.4,0.0,0.0,2.93
2008,10,9,283,-0.9873494423939864,0.15855938510313475,40.1,26.85,202.7,0.0,0.0,3.14
2008,10,9,283,-0.9873494423939864,0.15855938510313475,58.5,22.693,217.6,0.0,0.0,3.12
2008,10,9,283,-0.9873494423939864,0.15855938510313475,76.7,21.112,217.5,0.11,0.0,4.31
2008,10,9,283,-0.9873494423939864,0.15855938510313475,95.8,20.394,205.0,0.97,0.0,1.22
2008,10,9,283,-0.9873494423939864,0.15855938510313475,117.6,19.778,203.8,1.37,0.04,0.21
2008,10,9,283,-0.9873494423939864,0.15855938510313475,138.3,19.256,198.3,2.16,0.07,0.02
2008,11,10,315,-0.7583058084785625,0.6518989958787125,3.3,24.207,209.4,0.0,0.0,3.14
2008,11,10,315,-0.7583058084785625,0.6518989958787125,19.5,24.225,208.8,0.0,0.0,3.51
2008,11,10,315,-0.7583058084785625,0.6518989958787125,40.0,24.233,213.0,0.0,0.0,3.09
2008,11,10,315,-0.7583058084785625,0.6518989958787125,58.1,24.282,209.3,0.0,0.0,2.26
2008,11,10,315,-0.7583058084785625,0.6518989958787125,79.8,23.666,227.6,0.0,0.0,1.97
2008,11,10,315,-0.7583058084785625,0.6518989958787125,100.2,21.009,216.9,0.0,0.0,1.36
2008,11,10,315,-0.7583058084785625,0.6518989958787125,120.1,19.969,200.9,0.56,0.0,0.3
2008,11,10,315,-0.7583058084785625,0.6518989958787125,139.7,19.642,200.1,1.01,0.0,0.06
2009,2,9,40,0.6354323008901774,0.7721565844991642,20.3,20.358,220.3,0.0,0.0,15.79
2009,2,9,40,0.6354323008901774,0.7721565844991642,40.9,20.366,221.8,0.0,0.0,11.07
2009,2,9,40,0.6354323008901774,0.7721565844991642,60.8,20.371,219.6,0.0,0.0,4.49
2009,2,9,40,0.6354323008901774,0.7721565844991642,81.2,20.377,222.1,0.0,0.0,2.2
2009,2,9,40,0.6354323008901774,0.7721565844991642,98.7,20.382,220.2,0.0,0.0,0.81
2009,2,9,40,0.6354323008901774,0.7721565844991642,119.8,20.412,220.6,0.0,0.0,0.07
2009,2,9,40,0.6354323008901774,0.7721565844991642,140.1,19.272,220.5,0.06,0.0,0.06
2009,4,1,91,0.9999907397361901,0.004303538296244289,100.8,20.504,220.9,0.06,0.0,9.14
2009,4,1,91,0.9999907397361901,0.004303538296244289,121.1,20.464,234.1,0.14,0.0,2.19
2009,4,1,91,0.9999907397361901,0.004303538296244289,139.9,20.436,219.7,0.56,0.0,1.77
2009,4,15,105,0.9721181966290613,-0.23449138957040985,3.9,20.883,219.4,0.0,0.0,3.32
2009,4,15,105,0.9721181966290613,-0.23449138957040985,19.6,20.871,219.3,0.0,0.0,4.26
2009,4,15,105,0.9721181966290613,-0.23449138957040985,40.2,20.831,219.2,0.0,0.0,3.59
2009,4,15,105,0.9721181966290613,-0.23449138957040985,60.2,20.78,219.6,0.0,0.0,2.95
2009,4,15,105,0.9721181966290613,-0.23449138957040985,80.2,20.523,219.6,0.0,0.0,2.32
2009,4,15,105,0.9721181966290613,-0.23449138957040985,100.9,20.223,219.8,0.0,0.0,1.88
2009,4,15,105,0.9721181966290613,-0.23449138957040985,119.6,19.999,215.9,0.34,0.0,0.58
2009,5,16,136,0.717676913675962,-0.6963762255968722,3.8,21.876,219.8,0.0,0.04,3.34
2009,5,16,136,0.717676913675962,-0.6963762255968722,20.0,21.888,219.7,0.0,0.0,3.99
2009,5,16,136,0.717676913675962,-0.6963762255968722,39.2,21.886,220.8,0.0,0.0,3.69
2009,5,16,136,0.717676913675962,-0.6963762255968722,60.3,21.339,222.0,0.0,0.0,2.97
2009,5,16,136,0.717676913675962,-0.6963762255968722,79.3,20.803,220.0,0.0,0.0,3.58
2009,5,16,136,0.717676913675962,-0.6963762255968722,101.4,20.714,217.8,0.0,0.0,3.53
2009,5,16,136,0.717676913675962,-0.6963762255968722,120.6,20.681,214.0,0.23,0.0,2.44
2009,5,16,136,0.717676913675962,-0.6963762255968722,140.6,20.64,211.9,0.41,0.0,0.41
2009,6,11,162,0.3456123126707335,-0.9383773917408641,8.7,24.863,211.0,0.0,0.0,4.32
2009,6,11,162,0.3456123126707335,-0.9383773917408641,19.7,23.249,222.8,0.0,0.0,4.83
2009,6,11,162,0.3456123126707335,-0.9383773917408641,41.0,21.236,231.5,0.0,0.0,5.0
2009,6,11,162,0.3456123126707335,-0.9383773917408641,59.7,20.415,234.8,0.0,0.0,4.0
2009,6,11,162,0.3456123126707335,-0.9383773917408641,80.1,19.715,230.3,0.0,0.0,3.83
2009,6,11,162,0.3456123126707335,-0.9383773917408641,98.0,19.456,224.3,0.2,0.0,1.92
2009,6,11,162,0.3456123126707335,-0.9383773917408641,120.5,19.127,213.5,1.03,0.0,0.03
2009,7,15,196,-0.23030567023061196,-0.973118337233262,4.7,26.899,204.3,0.0,0.0,4.53
2009,7,15,196,-0.23030567023061196,-0.973118337233262,20.0,25.085,207.9,0.0,0.0,4.98
2009,7,15,196,-0.23030567023061196,-0.973118337233262,39.9,21.938,231.7,0.0,0.0,4.15
2009,7,15,196,-0.23030567023061196,-0.973118337233262,59.9,20.328,216.9,0.44,0.0,15.83
2009,7,15,196,-0.23030567023061196,-0.973118337233262,79.9,19.849,221.7,0.0,0.0,2.54
2009,7,15,196,-0.23030567023061196,-0.973118337233262,100.6,19.462,212.8,0.65,0.0,0.92
2009,7,15,196,-0.23030567023061196,-0.973118337233262,120.2,19.28,208.6,1.68,0.0,0.35
2009,7,15,196,-0.23030567023061196,-0.973118337233262,139.5,19.112,209.7,1.83,0.04,-0.06
2009,8,15,227,-0.6932812268869771,-0.7206671495538615,3.8,28.517,206.6,0.0,0.0,5.64
2009,8,15,227,-0.6932812268869771,-0.7206671495538615,20.3,28.141,206.6,0.0,0.0,3.67
2009,8,15,227,-0.6932812268869771,-0.7206671495538615,39.5,25.233,206.6,0.0,0.0,4.19
2009,8,15,227,-0.6932812268869771,-0.7206671495538615,61.5,23.28,209.4,0.0,0.0,4.53
2009,8,15,227,-0.6932812268869771,-0.7206671495538615,80.0,21.67,208.7,0.0,0.04,4.4
2009,8,15,227,-0.6932812268869771,-0.7206671495538615,101.4,20.797,194.0,1.45,0.0,1.71
2009,8,15,227,-0.6932812268869771,-0.7206671495538615,120.2,20.198,196.7,1.89,0.06,0.31
2009,8,15,227,-0.6932812268869771,-0.7206671495538615,141.3,19.586,208.4,1.46,0.04,0.05
2009,9,12,255,-0.9483615800121716,-0.31719128858910595,4.6,28.227,196.9,0.05,0.04,5.61
2009,9,12,255,-0.9483615800121716,-0.31719128858910595,20.0,28.109,204.8,0.0,0.05,5.95
2009,9,12,255,-0.9483615800121716,-0.31719128858910595,40.8,24.723,224.6,0.0,0.04,6.62
2009,9,12,255,-0.9483615800121716,-0.31719128858910595,60.5,22.789,226.2,0.0,0.04,4.44
2009,9,12,255,-0.9483615800121716,-0.31719128858910595,80.9,20.773,219.4,0.16,0.04,3.11
2009,9,12,255,-0.9483615800121716,-0.31719128858910595,100.6,19.992,215.9,0.43,0.05,1.17
2009,9,12,255,-0.9483615800121716,-0.31719128858910595,120.7,19.627,208.5,1.1,0.06,0.35
2009,9,12,255,-0.9483615800121716,-0.31719128858910595,139.0,19.424,207.1,1.34,0.07,0.07
2009,10,10,283,-0.9873494423939864,0.15855938510313475,4.2,27.121,201.2,0.0,0.04,3.73
2009,10,10,283,-0.9873494423939864,0.15855938510313475,20.1,26.888,200.2,0.0,0.04,3.0
2009,10,10,283,-0.9873494423939864,0.15855938510313475,39.6,27.083,202.9,0.0,0.05,1.95
2009,10,10,283,-0.9873494423939864,0.15855938510313475,59.9,25.372,209.6,0.0,0.05,3.29
2009,10,10,283,-0.9873494423939864,0.15855938510313475,80.2,22.823,209.5,0.0,0.04,7.94
2009,10,10,283,-0.9873494423939864,0.15855938510313475,99.0,21.214,203.3,0.69,0.07,1.41
2009,10,10,283,-0.9873494423939864,0.15855938510313475,119.6,20.431,203.1,1.23,0.07,0.15
2009,10,10,283,-0.9873494423939864,0.15855938510313475,139.1,19.803,203.3,1.34,0.07,-0.02
2009,11,8,312,-0.7909456567567774,0.6118864012687242,5.2,24.516,206.1,0.0,0.0,1.95
2009,11,8,312,-0.7909456567567774,0.6118864012687242,19.6,24.529,205.7,0.0,0.0,2.38
2009,11,8,312,-0.7909456567567774,0.6118864012687242,39.5,24.534,207.2,0.0,0.0,2.74
2009,11,8,312,-0.7909456567567774,0.6118864012687242,60.3,24.537,206.8,0.0,0.0,1.47
2009,11,8,312,-0.7909456567567774,0.6118864012687242,78.9,24.268,206.3,0.0,0.0,1.76
2009,11,8,312,-0.7909456567567774,0.6118864012687242,100.5,22.848,198.7,0.23,0.0,1.15
2009,11,8,312,-0.7909456567567774,0.6118864012687242,121.0,21.518,197.5,1.22,0.0,0.15
2009,11,8,312,-0.7909456567567774,0.6118864012687242,141.4,20.57,201.4,1.33,0.0,-0.07
2009,12,9,343,-0.3697245428906732,0.9291414114031743,4.6,23.004,211.2,0.0,0.0,4.32
2009,12,9,343,-0.3697245428906732,0.9291414114031743,20.1,22.898,212.0,0.0,0.0,5.61
2009,12,9,343,-0.3697245428906732,0.9291414114031743,39.7,22.895,212.5,0.0,0.0,4.28
2009,12,9,343,-0.3697245428906732,0.9291414114031743,60.2,22.745,211.5,0.0,0.0,2.53
2009,12,9,343,-0.3697245428906732,0.9291414114031743,80.9,22.604,208.6,0.13,0.0,0.49
2009,12,9,343,-0.3697245428906732,0.9291414114031743,99.3,21.972,206.1,0.49,0.0,0.52
2009,12,9,343,-0.3697245428906732,0.9291414114031743,120.3,20.593,194.8,1.44,0.0,-0.06
2009,12,9,343,-0.3697245428906732,0.9291414114031743,141.3,19.794,202.7,1.63,0.04,-0.1
2010,2,24,55,0.8115390590073611,0.5842981736283684,21.0,18.458,222.6,1.13,0.0,17.72
2010,2,24,55,0.8115390590073611,0.5842981736283684,39.9,18.46,222.9,1.22,0.0,17.02
2010,2,24,55,0.8115390590073611,0.5842981736283684,79.6,18.471,220.5,1.78,0.04,3.29
2010,2,24,55,0.8115390590073611,0.5842981736283684,119.9,18.507,220.9,2.01,0.05,0.44
2010,2,24,55,0.8115390590073611,0.5842981736283684,139.8,18.481,220.6,2.05,0.04,0.06
2010,3,25,84,0.9922222094179323,0.12447926388678915,40.6,18.712,235.7,0.21,0.0,8.59
2010,3,25,84,0.9922222094179323,0.12447926388678915,60.2,18.817,227.6,0.21,0.0,2.12
2010,3,25,84,0.9922222094179323,0.12447926388678915,80.2,18.504,222.7,0.92,0.0,0.75
2010,3,25,84,0.9922222094179323,0.12447926388678915,100.9,18.486,222.4,1.64,0.04,1.51
2010,3,25,84,0.9922222094179323,0.12447926388678915,119.9,18.46,220.0,1.64,0.05,0.09
2010,3,25,84,0.9922222094179323,0.12447926388678915,140.8,18.407,217.6,2.0,0.06,0.42
2010,4,7,97,0.9951053111006976,-0.09882013873287143,39.8,18.578,241.9,0.0,0.0,13.1
2010,4,7,97,0.9951053111006976,-0.09882013873287143,59.9,18.469,235.1,0.34,0.0,2.0
2010,4,7,97,0.9951053111006976,-0.09882013873287143,79.1,18.394,230.1,0.87,0.0,-0.29
2010,4,7,97,0.9951053111006976,-0.09882013873287143,100.1,18.377,227.8,1.17,0.0,0.17
2010,4,7,97,0.9951053111006976,-0.09882013873287143,119.6,18.372,227.6,1.29,0.0,-0.01
2010,4,7,97,0.9951053111006976,-0.09882013873287143,140.0,18.358,226.2,1.34,0.0,0.09
2010,4,22,112,0.9368813462954315,-0.3496474552512284,4.0,20.086,225.5,0.2,0.0,2.45
2010,4,22,112,0.9368813462954315,-0.3496474552512284,21.0,20.09,225.7,0.19,0.0,2.83
2010,4,22,112,0.9368813462954315,-0.3496474552512284,40.3,20.086,227.0,0.19,0.0,4.06
2010,4,22,112,0.9368813462954315,-0.3496474552512284,59.6,20.055,225.6,0.2,0.0,3.77
2010,4,22,112,0.9368813462954315,-0.3496474552512284,79.8,19.327,214.4,0.87,0.0,6.21
2010,4,22,112,0.9368813462954315,-0.3496474552512284,101.4,19.033,211.0,1.78,0.04,0.97
2010,4,22,112,0.9368813462954315,-0.3496474552512284,121.0,18.912,211.1,2.22,0.04,0.24
2010,4,22,112,0.9368813462954315,-0.3496474552512284,139.1,18.76,210.6,2.41,0.04,0.07
2010,5,14,134,0.7412220108485958,-0.6712599575675313,4.9,20.3,228.8,0.2,0.0,9.73
2010,5,14,134,0.7412220108485958,-0.6712599575675313,20.2,20.304,229.6,0.19,0.0,9.39
2010,5,14,134,0.7412220108485958,-0.6712599575675313,40.8,19.313,242.2,0.19,0.0,5.84
2010,5,14,134,0.7412220108485958,-0.6712599575675313,60.4,19.021,233.6,0.22,0.0,3.29
2010,5,14,134,0.7412220108485958,-0.6712599575675313,79.9,18.763,221.6,1.32,0.0,2.74
2010,5,14,134,0.7412220108485958,-0.6712599575675313,100.5,18.498,215.0,2.58,0.09,0.36
2010,6,23,174,0.1457991969198751,-0.9893142039703663,2.4,27.176,208.7,0.2,0.0,9.17
2010,6,23,174,0.1457991969198751,-0.9893142039703663,19.9,22.82,228.0,0.2,0.0,7.78
2010,6,23,174,0.1457991969198751,-0.9893142039703663,39.8,20.044,242.6,0.2,0.0,6.42
2010,6,23,174,0.1457991969198751,-0.9893142039703663,59.8,19.478,226.3,0.19,0.0,5.23
2010,6,23,174,0.1457991969198751,-0.9893142039703663,79.7,18.738,222.4,0.59,0.0,4.79
2010,6,23,174,0.1457991969198751,-0.9893142039703663,99.9,18.531,217.2,1.88,0.0,0.75
2010,6,23,174,0.1457991969198751,-0.9893142039703663,120.0,18.417,214.1,2.67,0.0,0.06
2010,7,24,205,-0.37770796520396466,-0.9259247771938499,5.1,28.419,200.5,0.0,0.0,3.9
2010,7,24,205,-0.37770796520396466,-0.9259247771938499,21.6,27.324,205.0,0.0,0.0,4.06
2010,7,24,205,-0.37770796520396466,-0.9259247771938499,39.8,23.08,238.1,0.0,0.0,4.21
2010,7,24,205,-0.37770796520396466,-0.9259247771938499,60.7,21.529,228.3,0.0,0.0,3.79
2010,7,24,205,-0.37770796520396466,-0.9259247771938499,81.1,20.284,227.9,0.0,0.0,2.66
2010,7,24,205,-0.37770796520396466,-0.9259247771938499,100.4,19.644,216.6,0.0,0.0,2.09
2010,7,24,205,-0.37770796520396466,-0.9259247771938499,120.2,19.268,203.7,1.06,0.0,0.59
2010,7,24,205,-0.37770796520396466,-0.9259247771938499,140.1,19.08,200.7,1.94,0.04,0.12
2010,8,21,233,-0.7638886127905429,-0.64534811322955,4.6,28.721,196.1,0.19,0.04,4.92
2010,8,21,233,-0.7638886127905429,-0.64534811322955,19.7,28.206,198.9,0.19,0.0,6.22
2010,8,21,233,-0.7638886127905429,-0.64534811322955,39.4,23.674,230.1,0.22,0.0,4.96
2010,8,21,233,-0.7638886127905429,-0.64534811322955,60.0,21.492,222.6,0.21,0.0,4.62
2010,8,21,233,-0.7638886127905429,-0.64534811322955,79.3,19.919,220.1,0.45,0.0,5.72
2010,8,21,233,-0.7638886127905429,-0.64534811322955,99.7,19.498,198.0,0.21,0.0,1.39
2010,8,21,233,-0.7638886127905429,-0.64534811322955,120.1,19.172,199.4,0.38,0.0,0.23
2010,8,21,233,-0.7638886127905429,-0.64534811322955,140.5,18.876,206.7,1.53,0.0,0.14
2010,9,6,249,-0.9106046300942162,-0.41327860778290443,4.3,27.902,199.2,0.07,0.0,-2.3
2010,9,6,249,-0.9106046300942162,-0.41327860778290443,20.8,27.459,200.5,0.07,0.0,4.73
2010,9,6,249,-0.9106046300942162,-0.41327860778290443,39.8,24.504,210.7,0.08,0.0,2.94
2010,9,6,249,-0.9106046300942162,-0.41327860778290443,59.7,22.416,213.0,0.06,0.0,6.33
2010,9,6,249,-0.9106046300942162,-0.41327860778290443,79.9,21.345,210.3,0.36,0.0,4.02
2010,9,6,249,-0.9106046300942162,-0.41327860778290443,98.2,20.143,205.2,1.18,0.0,0.48
2010,9,6,249,-0.9106046300942162,-0.41327860778290443,120.0,19.572,204.9,1.59,0.09,0.06
2010,10,7,280,-0.994217906893952,0.10738134666416306,4.9,25.901,204.1,0.08,0.0,2.37
2010,10,7,280,-0.994217906893952,0.10738134666416306,19.9,25.94,204.2,0.09,0.0,2.08
2010,10,7,280,-0.994217906893952,0.10738134666416306,39.9,25.961,205.2,0.09,0.0,0.46
2010,10,7,280,-0.994217906893952,0.10738134666416306,59.4,24.902,204.2,0.09,0.0,4.3
2010,10,7,280,-0.994217906893952,0.10738134666416306,79.4,23.011,207.6,0.23,0.0,4.7
2010,10,7,280,-0.994217906893952,0.10738134666416306,100.5,21.285,195.9,1.35,0.05,1.36
2010,10,7,280,-0.994217906893952,0.10738134666416306,120.7,20.601,194.1,1.8,0.05,0.22
2010,10,7,280,-0.994217906893952,0.10738134666416306,137.7,20.058,194.9,2.39,0.06,0.13
2010,11,11,315,-0.7583058084785625,0.6518989958787125,9.2,24.254,207.2,0.09,0.0,4.62
2010,11,11,315,-0.7583058084785625,0.6518989958787125,20.0,24.254,207.4,0.08,0.0,2.45
2010,11,11,315,-0.7583058084785625,0.6518989958787125,40.1,24.257,209.6,0.08,0.0,2.22
2010,11,11,315,-0.7583058084785625,0.6518989958787125,60.6,24.259,207.2,0.08,0.0,1.92
2010,11,11,315,-0.7583058084785625,0.6518989958787125,78.6,24.169,207.2,0.12,0.0,0.43
2010,11,11,315,-0.7583058084785625,0.6518989958787125,98.2,20.573,199.0,1.18,0.04,4.39
2010,11,11,315,-0.7583058084785625,0.6518989958787125,118.0,19.754,197.3,2.62,0.08,0.01
2010,11,11,315,-0.7583058084785625,0.6518989958787125,140.3,19.285,196.9,2.64,0.06,0.09
2010,12,9,343,-0.3697245428906732,0.9291414114031743,3.8,22.185,210.3,0.13,0.0,4.36
2010,12,9,343,-0.3697245428906732,0.9291414114031743,17.7,22.191,213.4,0.13,0.0,5.93
2010,12,9,343,-0.3697245428906732,0.9291414114031743,38.3,22.196,209.6,0.13,0.0,3.12
2010,12,9,343,-0.3697245428906732,0.9291414114031743,60.0,22.195,214.3,0.14,0.0,1.85
2010,12,9,343,-0.3697245428906732,0.9291414114031743,78.0,22.189,210.3,0.14,0.0,-0.78
2010,12,9,343,-0.3697245428906732,0.9291414114031743,97.1,22.144,212.6,0.2,0.0,0.06
2010,12,9,343,-0.3697245428906732,0.9291414114031743,120.9,20.504,192.2,1.99,0.06,0.95
2010,12,9,343,-0.3697245428906732,0.9291414114031743,139.5,19.671,192.2,2.41,0.06,1.27
2011,3,6,65,0.8996308696522433,0.43665123195606403,4.9,18.905,226.3,1.09,0.0,15.71
2011,3,6,65,0.8996308696522433,0.43665123195606403,19.1,18.909,226.0,1.1,0.04,13.58
2011,3,6,65,0.8996308696522433,0.43665123195606403,40.3,18.916,227.5,1.09,0.04,6.03
2011,3,6,65,0.8996308696522433,0.43665123195606403,58.8,18.921,224.3,1.07,0.04,4.12
2011,3,6,65,0.8996308696522433,0.43665123195606403,79.6,18.931,225.9,1.04,0.04,1.31
2011,3,6,65,0.8996308696522433,0.43665123195606403,100.1,18.934,226.0,1.08,0.04,0.44
2011,3,6,65,0.8996308696522433,0.43665123195606403,119.1,18.934,225.5,1.11,0.04,0.13
2011,3,6,65,0.8996308696522433,0.43665123195606403,139.3,18.937,227.2,1.14,0.04,-0.12
2011,3,27,86,0.995918996147179,0.09025161003104117,4.2,18.932,232.0,0.14,0.0,16.25
2011,3,27,86,0.995918996147179,0.09025161003104117,19.0,18.79,232.4,0.12,0.0,15.49
2011,3,27,86,0.995918996147179,0.09025161003104117,39.1,18.79,231.9,0.13,0.0,16.41
2011,3,27,86,0.995918996147179,0.09025161003104117,59.7,18.779,229.0,0.39,0.0,6.08
2011,3,27,86,0.995918996147179,0.09025161003104117,79.7,18.753,224.8,0.87,0.0,2.01
2011,3,27,86,0.995918996147179,0.09025161003104117,99.2,18.662,224.0,1.06,0.0,0.17
2011,3,27,86,0.995918996147179,0.09025161003104117,120.0,18.497,224.0,1.39,0.05,0.08
2011,3,27,86,0.995918996147179,0.09025161003104117,140.0,18.453,218.3,1.85,0.07,0.08
2011,4,7,97,0.9951053111006976,-0.09882013873287143,5.4,18.63,231.0,0.57,0.07,9.2
2011,4,7,97,0.9951053111006976,-0.09882013873287143,38.5,18.642,231.3,0.6,0.0,12.14
2011,4,7,97,0.9951053111006976,-0.09882013873287143,60.7,18.637,230.5,0.63,0.05,4.52
2011,4,7,97,0.9951053111006976,-0.09882013873287143,80.2,18.583,229.7,0.78,0.07,0.85
2011,4,7,97,0.9951053111006976,-0.09882013873287143,100.7,18.458,222.5,1.52,0.06,0.03
2011,4,7,97,0.9951053111006976,-0.09882013873287143,118.7,18.384,217.2,2.3,0.12,0.01
2011,4,7,97,0.9951053111006976,-0.09882013873287143,138.8,18.326,220.8,2.07,0.1,-0.02
2011,4,27,117,0.9033558023246845,-0.4288919379124835,5.1,20.974,225.1,0.0,0.0,5.54
2011,4,27,117,0.9033558023246845,-0.4288919379124835,20.2,20.495,229.3,0.0,0.0,4.02
2011,4,27,117,0.9033558023246845,-0.4288919379124835,40.5,19.392,238.7,0.0,0.0,3.92
2011,4,27,117,0.9033558023246845,-0.4288919379124835,60.8,18.877,222.4,0.0,0.0,8.04
2011,4,27,117,0.9033558023246845,-0.4288919379124835,79.1,18.567,223.4,1.62,0.0,4.05
2011,4,27,117,0.9033558023246845,-0.4288919379124835,99.3,18.472,216.8,1.73,0.05,4.1
2011,4,27,117,0.9033558023246845,-0.4288919379124835,120.2,18.358,216.8,2.63,0.08,0.06
2011,5,18,138,0.6932812268869777,-0.7206671495538609,3.5,21.441,222.6,0.0,0.0,2.83
2011,5,18,138,0.6932812268869777,-0.7206671495538609,20.9,20.425,226.5,0.0,0.0,6.25
2011,5,18,138,0.6932812268869777,-0.7206671495538609,39.1,20.277,228.0,0.0,0.0,4.61
2011,5,18,138,0.6932812268869777,-0.7206671495538609,60.1,18.952,228.8,0.08,0.0,8.06
2011,5,18,138,0.6932812268869777,-0.7206671495538609,79.7,18.809,217.7,1.67,0.06,1.64
2011,5,18,138,0.6932812268869777,-0.7206671495538609,101.1,18.613,216.0,2.17,0.06,0.41
2011,5,18,138,0.6932812268869777,-0.7206671495538609,120.1,18.468,213.3,2.39,0.08,-0.02
2011,5,18,138,0.6932812268869777,-0.7206671495538609,139.9,18.346,213.3,2.68,0.12,-0.04
2011,6,16,167,0.26366549272800704,-0.9646141756912435,4.3,23.739,213.3,0.11,0.04,4.66
2011,6,16,167,0.26366549272800704,-0.9646141756912435,19.3,23.237,214.2,0.11,0.04,4.56
2011,6,16,167,0.26366549272800704,-0.9646141756912435,41.1,21.031,229.3,0.11,0.0,6.86
2011,6,16,167,0.26366549272800704,-0.9646141756912435,58.7,20.495,228.3,0.11,0.0,9.06
2011,6,16,167,0.26366549272800704,-0.9646141756912435,80.4,19.616,221.6,0.31,0.0,2.73
2011,6,16,167,0.26366549272800704,-0.9646141756912435,99.9,19.268,214.7,0.65,0.0,1.2
2011,6,16,167,0.26366549272800704,-0.9646141756912435,119.3,18.974,216.2,1.35,0.06,0.18
2011,6,16,167,0.26366549272800704,-0.9646141756912435,141.0,18.779,212.7,1.86,0.07,0.06
2011,7,7,188,-0.09453674981719933,-0.9955213724144752,4.9,27.485,201.3,0.11,0.0,1.97
2011,7,7,188,-0.09453674981719933,-0.9955213724144752,19.6,24.221,215.4,0.11,0.0,3.06
2011,7,7,188,-0.09453674981719933,-0.9955213724144752,40.3,21.567,234.1,0.11,0.0,4.88
2011,7,7,188,-0.09453674981719933,-0.9955213724144752,60.9,20.459,227.8,0.11,0.04,4.18
2011,7,7,188,-0.09453674981719933,-0.9955213724144752,80.0,19.521,223.7,0.18,0.04,2.35
2011,7,7,188,-0.09453674981719933,-0.9955213724144752,99.3,18.99,211.2,1.36,0.06,1.54
2011,7,7,188,-0.09453674981719933,-0.9955213724144752,120.8,18.696,210.0,2.25,0.1,0.31
2011,8,19,231,-0.7412220108485957,-0.6712599575675315,5.4,27.845,199.1,0.12,0.0,2.59
2011,8,19,231,-0.7412220108485957,-0.6712599575675315,20.0,27.633,202.7,0.11,0.0,3.13
2011,8,19,231,-0.7412220108485957,-0.6712599575675315,40.6,24.16,240.4,0.11,0.0,3.48
2011,8,19,231,-0.7412220108485957,-0.6712599575675315,60.2,21.205,237.5,0.11,0.0,3.46
2011,8,19,231,-0.7412220108485957,-0.6712599575675315,80.7,19.81,225.2,0.11,0.0,2.23
2011,8,19,231,-0.7412220108485957,-0.6712599575675315,100.4,19.085,222.5,0.15,0.0,1.03
2011,8,19,231,-0.7412220108485957,-0.6712599575675315,119.7,18.731,207.7,1.08,0.0,0.37
2011,8,19,231,-0.7412220108485957,-0.6712599575675315,141.4,18.496,203.5,2.41,0.09,-0.03
2011,9,13,256,-0.9536809966304455,-0.300819807635668,5.6,28.295,201.8,0.0,0.0,2.01
2011,9,13,256,-0.9536809966304455,-0.300819807635668,19.6,28.114,199.8,0.0,0.0,1.98
2011,9,13,256,-0.9536809966304455,-0.300819807635668,39.3,25.566,232.0,0.0,0.0,2.11
2011,9,13,256,-0.9536809966304455,-0.300819807635668,59.5,22.836,231.7,0.0,0.0,1.14
2011,9,13,256,-0.9536809966304455,-0.300819807635668,80.0,21.272,224.3,0.0,0.0,1.03
2011,9,13,256,-0.9536809966304455,-0.300819807635668,99.5,20.842,211.8,0.0,0.0,0.76
2011,9,13,256,-0.9536809966304455,-0.300819807635668,119.8,19.593,200.4,0.49,0.0,0.31
2011,9,13,256,-0.9536809966304455,-0.300819807635668,139.0,19.166,207.1,0.64,0.05,0.05
2011,11,1,305,-0.858763958275803,0.5123714121284235,5.2,26.008,202.2,0.0,0.0,5.84
2011,11,1,305,-0.858763958275803,0.5123714121284235,18.6,26.022,203.2,0.0,0.0,6.95
2011,11,1,305,-0.858763958275803,0.5123714121284235,41.1,26.024,202.3,0.0,0.0,4.87
2011,11,1,305,-0.858763958275803,0.5123714121284235,59.9,26.016,201.9,0.0,0.0,3.43
2011,11,1,305,-0.858763958275803,0.5123714121284235,81.5,26.017,196.0,0.0,0.0,2.08
2011,11,1,305,-0.858763958275803,0.5123714121284235,98.7,23.785,195.0,0.33,0.0,0.74
2011,11,1,305,-0.858763958275803,0.5123714121284235,119.0,22.011,188.7,1.42,0.0,0.15
2011,11,1,305,-0.858763958275803,0.5123714121284235,139.5,20.929,188.4,1.88,0.06,0.0
2011,11,18,322,-0.6744436188329457,0.7383263540031063,4.0,24.245,207.8,0.0,0.0,4.31
2011,11,18,322,-0.6744436188329457,0.7383263540031063,19.8,24.254,207.7,0.0,0.0,4.54
2011,11,18,322,-0.6744436188329457,0.7383263540031063,40.2,24.264,207.6,0.0,0.0,2.45
2011,11,18,322,-0.6744436188329457,0.7383263540031063,60.3,24.281,208.1,0.0,0.0,0.96
2011,11,18,322,-0.6744436188329457,0.7383263540031063,80.2,24.359,208.1,0.06,0.0,0.55
2011,11,18,322,-0.6744436188329457,0.7383263540031063,99.3,21.589,196.5,1.41,0.06,0.2
2011,11,18,322,-0.6744436188329457,0.7383263540031063,119.9,20.318,192.6,2.13,0.09,0.01
2011,11,18,322,-0.6744436188329457,0.7383263540031063,139.5,19.474,191.2,2.72,0.11,-0.13
2011,12,9,343,-0.3697245428906732,0.9291414114031743,4.7,22.871,212.3,0.0,0.0,5.55
2011,12,9,343,-0.3697245428906732,0.9291414114031743,19.7,22.867,212.2,0.0,0.0,4.72
2011,12,9,343,-0.3697245428906732,0.9291414114031743,39.7,22.781,212.3,0.0,0.0,4.18
2011,12,9,343,-0.3697245428906732,0.9291414114031743,60.3,22.795,212.1,0.0,0.0,1.85
2011,12,9,343,-0.3697245428906732,0.9291414114031743,81.2,22.707,210.1,0.14,0.0,0.65
2011,12,9,343,-0.3697245428906732,0.9291414114031743,100.4,21.508,187.6,2.14,0.1,0.36
2011,12,9,343,-0.3697245428906732,0.9291414114031743,120.6,20.764,187.9,2.52,0.11,0.09
2011,12,9,343,-0.3697245428906732,0.9291414114031743,139.3,19.962,191.3,2.54,0.11,-0.07
2012,1,30,30,0.49377555015997715,0.869589389346611,4.5,20.738,223.0,0.0,0.0,12.82
2012,1,30,30,0.49377555015997715,0.869589389346611,19.5,20.742,221.2,0.12,0.0,11.95
2012,1,30,30,0.49377555015997715,0.869589389346611,38.4,20.723,219.5,0.14,0.0,4.53
2012,1,30,30,0.49377555015997715,0.869589389346611,79.7,20.767,219.4,0.09,0.0,0.23
2012,1,30,30,0.49377555015997715,0.869589389346611,101.0,20.842,217.7,0.2,0.0,0.21
2012,1,30,30,0.49377555015997715,0.869589389346611,117.4,20.848,215.0,0.44,0.0,0.01
2012,1,30,30,0.49377555015997715,0.869589389346611,139.4,20.697,196.3,2.51,0.1,-0.03
2012,2,10,41,0.6486295610349814,0.7611042586607747,4.4,20.749,224.7,0.05,0.0,5.25
2012,2,10,41,0.6486295610349814,0.7611042586607747,19.2,20.721,224.6,0.05,0.0,3.94
2012,2,10,41,0.6486295610349814,0.7611042586607747,39.5,20.692,224.3,0.05,0.0,2.85
2012,2,10,41,0.6486295610349814,0.7611042586607747,59.6,20.635,220.9,0.29,0.0,1.4
2012,2,10,41,0.6486295610349814,0.7611042586607747,79.4,20.611,220.2,0.33,0.0,0.25
2012,2,10,41,0.6486295610349814,0.7611042586607747,100.1,20.61,221.2,0.23,0.0,0.86
2012,2,10,41,0.6486295610349814,0.7611042586607747,119.7,20.581,213.0,0.93,0.05,0.08
2012,3,29,89,0.9992500112396835,0.03872228089217446,4.7,20.442,225.0,0.05,0.0,2.17
2012,3,29,89,0.9992500112396835,0.03872228089217446,19.7,20.448,224.7,0.05,0.0,3.96
2012,3,29,89,0.9992500112396835,0.03872228089217446,38.4,20.454,225.0,0.0,0.0,3.87
2012,3,29,89,0.9992500112396835,0.03872228089217446,58.5,20.453,224.7,0.06,0.0,2.8
2012,3,29,89,0.9992500112396835,0.03872228089217446,78.0,20.454,224.4,0.08,0.0,1.06
2012,3,29,89,0.9992500112396835,0.03872228089217446,99.5,20.018,223.6,0.13,0.0,0.75
2012,3,29,89,0.9992500112396835,0.03872228089217446,119.5,19.74,224.1,0.35,0.0,0.19
2012,3,29,89,0.9992500112396835,0.03872228089217446,139.0,19.609,226.4,0.27,0.0,-0.01
2012,4,12,103,0.9796136916454901,-0.20089055513063506,5.5,20.431,225.2,0.13,0.0,2.23
2012,4,12,103,0.9796136916454901,-0.20089055513063506,19.4,20.276,225.1,0.08,0.0,3.21
2012,4,12,103,0.9796136916454901,-0.20089055513063506,39.4,20.229,225.4,0.07,0.0,3.26
2012,4,12,103,0.9796136916454901,-0.20089055513063506,60.3,20.204,225.7,0.08,0.0,3.02
2012,4,12,103,0.9796136916454901,-0.20089055513063506,78.8,20.179,223.7,0.08,0.0,1.77
2012,4,12,103,0.9796136916454901,-0.20089055513063506,100.1,20.177,225.0,0.1,0.0,0.94
2012,4,12,103,0.9796136916454901,-0.20089055513063506,120.2,20.096,224.3,0.17,0.0,0.35
2012,4,12,103,0.9796136916454901,-0.20089055513063506,139.2,19.98,223.1,0.27,0.0,0.13
2012,4,26,117,0.9033558023246845,-0.4288919379124835,5.1,20.672,226.0,0.0,0.0,1.33
2012,4,26,117,0.9033558023246845,-0.4288919379124835,20.2,20.673,225.5,0.0,0.0,1.87
2012,4,26,117,0.9033558023246845,-0.4288919379124835,39.7,20.545,226.0,0.0,0.0,1.88
2012,4,26,117,0.9033558023246845,-0.4288919379124835,59.9,20.408,223.9,0.08,0.0,1.4
2012,4,26,117,0.9033558023246845,-0.4288919379124835,80.8,20.308,224.2,0.05,0.0,1.15
2012,4,26,117,0.9033558023246845,-0.4288919379124835,103.5,20.044,223.4,0.12,0.0,1.5
2012,4,26,117,0.9033558023246845,-0.4288919379124835,120.2,20.033,222.4,0.3,0.0,0.57
2012,4,26,117,0.9033558023246845,-0.4288919379124835,139.5,19.817,220.4,0.54,0.0,0.21
2012,5,20,141,0.6551563572090853,-0.7554933140726803,6.0,21.188,226.2,0.07,0.0,3.45
2012,5,20,141,0.6551563572090853,-0.7554933140726803,21.2,20.64,227.6,0.07,0.0,6.25
2012,5,20,141,0.6551563572090853,-0.7554933140726803,38.9,20.337,230.4,0.07,0.0,4.94
2012,5,20,141,0.6551563572090853,-0.7554933140726803,61.0,19.666,231.0,0.07,0.0,8.77
2012,5,20,141,0.6551563572090853,-0.7554933140726803,80.3,19.345,226.1,0.18,0.0,3.03
2012,5,20,141,0.6551563572090853,-0.7554933140726803,100.0,19.322,218.6,1.14,0.0,0.38
2012,5,20,141,0.6551563572090853,-0.7554933140726803,119.8,19.19,217.8,1.15,0.0,0.0
2012,5,20,141,0.6551563572090853,-0.7554933140726803,139.3,19.341,217.3,1.2,0.0,0.08
2012,6,19,171,0.19667288979357647,-0.980469160361632,4.4,22.875,217.5,0.07,0.0,5.51
2012,6,19,171,0.19667288979357647,-0.980469160361632,21.1,22.863,218.0,0.07,0.0,3.7
2012,6,19,171,0.19667288979357647,-0.980469160361632,40.4,20.485,231.5,0.07,0.0,2.6
2012,6,19,171,0.19667288979357647,-0.980469160361632,60.5,19.738,234.2,0.07,0.05,5.14
2012,6,19,171,0.19667288979357647,-0.980469160361632,78.7,19.532,231.7,0.07,0.0,3.75
2012,6,19,171,0.19667288979357647,-0.980469160361632,100.3,19.508,220.4,0.6,0.0,0.99
2012,6,19,171,0.19667288979357647,-0.980469160361632,119.9,19.362,218.5,1.16,0.0,0.13
2012,6,19,171,0.19667288979357647,-0.980469160361632,140.8,19.329,218.5,1.18,0.0,0.01
2012,7,13,195,-0.2135209154397959,-0.9769384927771817,4.3,26.851,205.0,0.0,0.0,5.63
2012,7,13,195,-0.2135209154397959,-0.9769384927771817,19.7,24.815,216.4,0.0,0.0,2.31
2012,7,13,195,-0.2135209154397959,-0.9769384927771817,39.2,22.271,230.7,0.0,0.0,5.33
2012,7,13,195,-0.2135209154397959,-0.9769384927771817,60.0,20.299,227.5,0.0,0.0,4.32
2012,7,13,195,-0.2135209154397959,-0.9769384927771817,81.6,19.654,220.3,0.16,0.0,4.99
2012,7,13,195,-0.2135209154397959,-0.9769384927771817,98.6,19.367,218.2,0.62,0.0,1.52
2012,7,13,195,-0.2135209154397959,-0.9769384927771817,119.2,19.259,215.6,1.2,0.04,0.13
2012,7,13,195,-0.2135209154397959,-0.9769384927771817,140.2,19.166,213.3,1.62,0.05,-0.04
2012,8,21,234,-0.7748840413670406,-0.6321034111873488,4.5,28.549,197.4,0.0,0.0,4.74
2012,8,21,234,-0.7748840413670406,-0.6321034111873488,18.1,28.573,198.3,0.0,0.0,3.58
2012,8,21,234,-0.7748840413670406,-0.6321034111873488,38.4,24.929,225.4,0.0,0.0,2.18
2012,8,21,234,-0.7748840413670406,-0.6321034111873488,60.2,22.32,231.6,0.0,0.0,2.78
2012,8,21,234,-0.7748840413670406,-0.6321034111873488,78.4,20.759,225.3,0.0,0.0,2.67
2012,8,21,234,-0.7748840413670406,-0.6321034111873488,99.3,19.955,216.7,0.17,0.0,2.12
2012,8,21,234,-0.7748840413670406,-0.6321034111873488,120.2,19.506,209.5,1.28,0.05,0.43
2012,8,21,234,-0.7748840413670406,-0.6321034111873488,139.3,19.279,208.9,1.68,0.07,0.1
2012,9,13,257,-0.9587178169872964,-0.2843591872810036,7.1,27.564,200.6,0.0,0.0,4.17
2012,9,13,257,-0.9587178169872964,-0.2843591872810036,20.4,27.57,200.5,0.0,0.0,3.33
2012,9,13,257,-0.9587178169872964,-0.2843591872810036,40.7,27.443,224.9,0.0,0.0,2.08
2012,9,13,257,-0.9587178169872964,-0.2843591872810036,60.1,22.597,238.0,0.0,0.0,1.55
2012,9,13,257,-0.9587178169872964,-0.2843591872810036,80.5,21.329,230.4,0.0,0.0,1.01
2012,9,13,257,-0.9587178169872964,-0.2843591872810036,99.8,20.531,223.0,0.0,0.0,0.68
2012,9,13,257,-0.9587178169872964,-0.2843591872810036,121.2,20.053,216.6,0.05,0.0,0.29
2012,9,13,257,-0.9587178169872964,-0.2843591872810036,140.6,19.65,206.5,0.66,0.0,0.43
2012,10,20,294,-0.9398560579418953,0.341570769167856,5.8,25.743,204.0,0.0,0.0,3.52
2012,10,20,294,-0.9398560579418953,0.341570769167856,20.8,25.739,204.3,0.0,0.0,2.66
2012,10,20,294,-0.9398560579418953,0.341570769167856,39.7,25.692,204.3,0.0,0.0,3.2
2012,10,20,294,-0.9398560579418953,0.341570769167856,60.5,22.62,206.7,0.0,0.0,3.24
2012,10,20,294,-0.9398560579418953,0.341570769167856,79.9,20.846,230.2,0.0,0.0,1.75
2012,10,20,294,-0.9398560579418953,0.341570769167856,100.5,20.331,225.0,0.0,0.0,0.6
2012,10,20,294,-0.9398560579418953,0.341570769167856,120.2,20.06,218.6,0.31,0.0,0.23
2012,10,20,294,-0.9398560579418953,0.341570769167856,140.7,19.886,209.9,0.63,0.0,0.18
2012,11,15,320,-0.6994583270516471,0.7146733860429608,6.1,24.121,208.8,0.0,0.0,6.33
2012,11,15,320,-0.6994583270516471,0.7146733860429608,19.9,24.133,208.4,0.0,0.0,7.7
2012,11,15,320,-0.6994583270516471,0.7146733860429608,39.0,23.856,207.9,0.0,0.0,5.58
2012,11,15,320,-0.6994583270516471,0.7146733860429608,60.7,23.093,198.9,0.62,0.0,1.59
2012,11,15,320,-0.6994583270516471,0.7146733860429608,80.2,23.103,189.4,1.68,0.07,0.47
2012,11,15,320,-0.6994583270516471,0.7146733860429608,99.2,21.202,186.5,2.37,0.09,0.18
2012,11,15,320,-0.6994583270516471,0.7146733860429608,120.2,20.342,191.6,1.95,0.06,-0.02
2012,11,15,320,-0.6994583270516471,0.7146733860429608,139.4,19.848,197.9,1.82,0.07,-0.23
2012,12,12,347,-0.3049212246562894,0.9523775757303973,5.3,22.586,213.7,0.0,0.0,3.5
2012,12,12,347,-0.3049212246562894,0.9523775757303973,19.9,22.589,213.5,0.0,0.0,4.38
2012,12,12,347,-0.3049212246562894,0.9523775757303973,40.2,22.479,211.3,0.0,0.0,3.69
2012,12,12,347,-0.3049212246562894,0.9523775757303973,59.5,22.433,210.6,0.1,0.0,3.12
2012,12,12,347,-0.3049212246562894,0.9523775757303973,80.7,21.982,209.7,0.29,0.0,1.24
2012,12,12,347,-0.3049212246562894,0.9523775757303973,100.3,21.161,212.6,0.38,0.0,-0.12
2012,12,12,347,-0.3049212246562894,0.9523775757303973,119.7,20.418,207.9,0.39,0.0,-0.07
2012,12,12,347,-0.3049212246562894,0.9523775757303973,140.7,19.89,197.9,1.73,0.05,0.17
2013,1,23,23,0.38566340624360707,0.9226395488404876,6.6,20.892,218.5,0.0,0.0,10.34
2013,1,23,23,0.38566340624360707,0.9226395488404876,21.0,20.895,218.5,0.0,0.0,9.24
2013,1,23,23,0.38566340624360707,0.9226395488404876,41.2,20.901,218.5,0.0,0.0,5.5
2013,1,23,23,0.38566340624360707,0.9226395488404876,60.0,20.909,218.4,0.0,0.0,2.26
2013,1,23,23,0.38566340624360707,0.9226395488404876,80.7,20.494,218.5,0.0,0.0,0.83
2013,1,23,23,0.38566340624360707,0.9226395488404876,99.8,20.908,218.6,0.07,0.0,0.17
2013,1,23,23,0.38566340624360707,0.9226395488404876,119.8,20.695,213.4,0.33,0.0,0.11
2013,1,23,23,0.38566340624360707,0.9226395488404876,140.8,20.382,199.4,1.35,0.04,0.01
2013,2,13,44,0.6870527672236669,0.7266075247685656,6.5,19.599,222.6,0.15,0.0,15.11
2013,2,13,44,0.6870527672236669,0.7266075247685656,20.6,19.612,222.6,0.16,0.0,14.9
2013,2,13,44,0.6870527672236669,0.7266075247685656,39.9,19.615,222.4,0.15,0.0,10.05
2013,2,13,44,0.6870527672236669,0.7266075247685656,59.9,19.616,222.2,0.16,0.0,4.13
2013,2,13,44,0.6870527672236669,0.7266075247685656,79.6,19.619,222.0,0.2,0.0,1.48
2013,2,13,44,0.6870527672236669,0.7266075247685656,99.5,19.623,221.9,0.22,0.0,0.32
2013,2,13,44,0.6870527672236669,0.7266075247685656,120.5,19.609,221.3,0.25,0.0,0.1
2013,2,13,44,0.6870527672236669,0.7266075247685656,139.4,19.398,201.4,1.88,0.06,0.39
2013,4,7,97,0.9951053111006976,-0.09882013873287143,6.6,19.65,226.7,0.0,0.04,9.74
2013,4,7,97,0.9951053111006976,-0.09882013873287143,20.6,19.65,226.5,0.0,0.05,9.95
2013,4,7,97,0.9951053111006976,-0.09882013873287143,40.6,19.598,226.3,0.0,0.05,7.8
2013,4,7,97,0.9951053111006976,-0.09882013873287143,60.6,19.499,225.9,0.0,0.08,4.5
2013,4,7,97,0.9951053111006976,-0.09882013873287143,79.9,19.337,225.1,0.06,0.04,1.22
2013,4,7,97,0.9951053111006976,-0.09882013873287143,99.6,19.31,221.6,0.5,0.05,0.24
2013,4,7,97,0.9951053111006976,-0.09882013873287143,120.9,19.297,220.9,0.73,0.06,0.15
2013,4,7,97,0.9951053111006976,-0.09882013873287143,140.6,19.272,216.6,1.5,0.09,0.03
2013,4,24,114,0.9242907221930933,-0.3816892202666588,5.5,20.997,223.1,0.0,0.04,2.74
2013,4,24,114,0.9242907221930933,-0.3816892202666588,20.0,20.995,223.0,0.0,0.05,2.6
2013,4,24,114,0.9242907221930933,-0.3816892202666588,39.9,20.896,223.0,0.0,0.05,1.92
2013,4,24,114,0.9242907221930933,-0.3816892202666588,59.1,20.102,221.0,0.0,0.0,1.62
2013,4,24,114,0.9242907221930933,-0.3816892202666588,81.0,19.828,217.0,0.0,0.04,1.53
2013,4,24,114,0.9242907221930933,-0.3816892202666588,100.0,19.567,208.2,0.84,0.05,1.22
2013,4,24,114,0.9242907221930933,-0.3816892202666588,120.8,19.316,202.1,1.85,0.09,0.25
2013,4,24,114,0.9242907221930933,-0.3816892202666588,140.3,19.136,193.7,2.71,0.12,0.1
2013,6,16,167,0.26366549272800704,-0.9646141756912435,4.6,23.777,213.8,0.0,0.0,4.47
2013,6,16,167,0.26366549272800704,-0.9646141756912435,20.4,22.795,214.8,0.0,0.0,4.55
2013,6,16,167,0.26366549272800704,-0.9646141756912435,39.4,20.917,229.5,0.0,0.0,5.88
2013,6,16,167,0.26366549272800704,-0.9646141756912435,58.8,19.952,235.7,0.0,0.0,2.54
2013,6,16,167,0.26366549272800704,-0.9646141756912435,78.3,19.344,231.0,0.0,0.0,4.23
2013,6,16,167,0.26366549272800704,-0.9646141756912435,100.0,19.055,218.7,0.28,0.0,2.72
2013,6,16,167,0.26366549272800704,-0.9646141756912435,120.1,18.854,211.1,1.42,0.06,0.52
2013,6,16,167,0.26366549272800704,-0.9646141756912435,140.1,18.718,213.7,1.7,0.06,0.11
2013,7,6,187,-0.07738647923346322,-0.9970011699250151,4.5,26.975,204.3,0.0,0.0,2.2
2013,7,6,187,-0.07738647923346322,-0.9970011699250151,20.7,24.746,212.4,0.0,0.0,2.26
2013,7,6,187,-0.07738647923346322,-0.9970011699250151,41.1,21.936,232.1,0.0,0.0,2.15
2013,7,6,187,-0.07738647923346322,-0.9970011699250151,59.8,20.71,237.5,0.0,0.0,2.03
2013,7,6,187,-0.07738647923346322,-0.9970011699250151,79.7,19.77,227.0,0.0,0.0,1.66
2013,7,6,187,-0.07738647923346322,-0.9970011699250151,100.0,19.348,222.0,0.0,0.0,0.84
2013,7,6,187,-0.07738647923346322,-0.9970011699250151,119.7,19.019,208.9,0.87,0.0,0.33
2013,7,6,187,-0.07738647923346322,-0.9970011699250151,140.4,18.862,207.6,1.76,0.06,0.08
2013,8,3,215,-0.5307300481619331,-0.8475409228928312,3.6,28.882,198.6,0.0,0.0,5.15
2013,8,3,215,-0.5307300481619331,-0.8475409228928312,18.8,28.209,210.2,0.0,0.0,4.18
2013,8,3,215,-0.5307300481619331,-0.8475409228928312,39.4,23.36,237.8,0.0,0.0,3.33
2013,8,3,215,-0.5307300481619331,-0.8475409228928312,59.2,21.704,242.7,0.0,0.0,3.56
2013,8,3,215,-0.5307300481619331,-0.8475409228928312,80.3,20.102,233.2,0.0,0.0,3.07
2013,8,3,215,-0.5307300481619331,-0.8475409228928312,100.0,19.406,220.9,0.09,0.0,1.62
2013,8,3,215,-0.5307300481619331,-0.8475409228928312,119.2,19.147,205.9,0.94,0.0,1.1
2013,8,3,215,-0.5307300481619331,-0.8475409228928312,141.3,18.925,206.1,1.74,0.06,0.14
2013,9,18,261,-0.9760105506323682,-0.21772323039653224,3.7,27.677,220.7,0.0,0.0,1.35
2013,9,18,261,-0.9760105506323682,-0.21772323039653224,20.0,27.742,219.2,0.0,0.0,1.83
2013,9,18,261,-0.9760105506323682,-0.21772323039653224,40.2,25.073,246.1,0.0,0.0,2.05
2013,9,18,261,-0.9760105506323682,-0.21772323039653224,59.6,22.159,232.9,0.0,0.0,3.16
2013,9,18,261,-0.9760105506323682,-0.21772323039653224,79.7,20.923,224.0,0.0,0.0,1.99
2013,9,18,261,-0.9760105506323682,-0.21772323039653224,99.5,19.812,213.5,0.0,0.0,0.76
2013,9,18,261,-0.9760105506323682,-0.21772323039653224,119.8,19.281,207.9,0.14,0.0,0.29
2013,9,18,261,-0.9760105506323682,-0.21772323039653224,140.2,18.889,205.0,0.69,0.0,0.12
2013,10,20,293,-0.9455963874271428,0.3253420847119795,3.7,26.048,204.1,0.0,0.0,1.71
2013,10,20,293,-0.9455963874271428,0.3253420847119795,19.4,26.004,203.5,0.0,0.0,2.1
2013,10,20,293,-0.9455963874271428,0.3253420847119795,39.7,25.999,204.1,0.0,0.0,1.73
2013,10,20,293,-0.9455963874271428,0.3253420847119795,60.0,24.142,207.6,0.07,0.0,3.16
2013,10,20,293,-0.9455963874271428,0.3253420847119795,79.5,22.827,193.4,1.18,0.06,2.27
2013,10,20,293,-0.9455963874271428,0.3253420847119795,99.8,21.559,191.9,1.95,0.11,1.02
2013,10,20,293,-0.9455963874271428,0.3253420847119795,119.9,20.471,197.2,1.93,0.1,0.23
2013,10,20,293,-0.9455963874271428,0.3253420847119795,140.9,19.819,200.8,1.92,0.1,-0.06
2013,11,15,319,-0.711656622281775,0.7025274741691566,2.9,23.799,212.9,0.0,0.0,3.84
2013,11,15,319,-0.711656622281775,0.7025274741691566,20.3,23.818,211.6,0.0,0.0,4.77
2013,11,15,319,-0.711656622281775,0.7025274741691566,40.8,23.817,211.7,0.0,0.0,2.32
2013,11,15,319,-0.711656622281775,0.7025274741691566,59.7,23.802,234.5,0.0,0.0,4.25
2013,11,15,319,-0.711656622281775,0.7025274741691566,80.2,20.931,221.5,0.0,0.0,1.02
2013,11,15,319,-0.711656622281775,0.7025274741691566,99.1,19.67,208.1,0.68,0.0,2.72
2013,11,15,319,-0.711656622281775,0.7025274741691566,120.8,19.118,201.1,1.94,0.06,0.19
2013,12,10,344,-0.3536761221763721,0.935367949313148,3.6,22.52,218.8,0.0,0.0,4.16
2013,12,10,344,-0.3536761221763721,0.935367949313148,20.2,22.525,216.8,0.0,0.0,8.31
2013,12,10,344,-0.3536761221763721,0.935367949313148,40.1,22.53,216.5,0.0,0.0,2.23
2013,12,10,344,-0.3536761221763721,0.935367949313148,61.4,22.531,216.3,0.0,0.0,2.47
2013,12,10,344,-0.3536761221763721,0.935367949313148,81.1,22.526,216.9,0.0,0.0,5.26
2013,12,10,344,-0.3536761221763721,0.935367949313148,101.1,20.083,226.3,0.07,0.0,2.71
2013,12,10,344,-0.3536761221763721,0.935367949313148,121.6,19.298,211.8,0.55,0.0,1.04
2014,3,6,65,0.8996308696522433,0.43665123195606403,20.0,20.812,223.0,0.0,0.0,7.14
2014,3,6,65,0.8996308696522433,0.43665123195606403,40.0,20.797,222.8,0.0,0.0,5.01
2014,3,6,65,0.8996308696522433,0.43665123195606403,60.0,20.797,222.0,0.0,0.0,4.92
2014,3,6,65,0.8996308696522433,0.43665123195606403,80.0,20.778,222.0,0.0,0.0,3.58
2014,3,6,65,0.8996308696522433,0.43665123195606403,100.0,20.779,222.0,0.07,0.03,5.07
2014,3,6,65,0.8996308696522433,0.43665123195606403,120.0,20.783,214.6,0.6,0.04,0.0
2014,4,12,102,0.9829265519799822,-0.18399835165768005,4.3,20.78,222.7,0.0,0.0,5.11
2014,4,12,102,0.9829265519799822,-0.18399835165768005,19.7,20.754,223.1,0.0,0.0,6.17
2014,4,12,102,0.9829265519799822,-0.18399835165768005,41.1,20.762,222.7,0.0,0.0,4.07
2014,4,12,102,0.9829265519799822,-0.18399835165768005,59.8,20.491,222.2,0.0,0.0,7.33
2014,4,12,102,0.9829265519799822,-0.18399835165768005,79.6,20.355,222.4,0.0,0.0,2.52
2014,4,12,102,0.9829265519799822,-0.18399835165768005,100.0,20.234,220.5,0.09,0.0,0.83
2014,4,12,102,0.9829265519799822,-0.18399835165768005,119.8,20.136,221.2,0.12,0.0,1.53
2014,4,12,102,0.9829265519799822,-0.18399835165768005,140.4,20.006,218.8,0.41,0.0,0.54
2014,4,30,120,0.8800122039735357,-0.47495107206704995,3.8,21.068,222.3,0.0,0.0,7.18
2014,4,30,120,0.8800122039735357,-0.47495107206704995,19.5,21.088,221.9,0.0,0.0,14.09
2014,4,30,120,0.8800122039735357,-0.47495107206704995,39.4,21.096,221.3,0.0,0.0,8.34
2014,4,30,120,0.8800122039735357,-0.47495107206704995,60.8,21.085,221.3,0.0,0.0,12.82
2014,4,30,120,0.8800122039735357,-0.47495107206704995,79.8,20.896,221.6,0.0,0.0,7.42
2014,4,30,120,0.8800122039735357,-0.47495107206704995,100.8,20.614,219.6,0.0,0.0,4.02
2014,4,30,120,0.8800122039735357,-0.47495107206704995,121.2,20.319,217.6,0.34,0.0,0.76
2014,4,30,120,0.8800122039735357,-0.47495107206704995,160.7,19.974,205.1,1.16,0.04,-0.61
2014,6,13,164,0.3131070409358269,-0.9497178427914316,3.7,23.39,213.3,0.0,0.0,7.5
2014,6,13,164,0.3131070409358269,-0.9497178427914316,19.1,22.577,217.1,0.0,0.0,4.83
2014,6,13,164,0.3131070409358269,-0.9497178427914316,39.3,21.602,223.5,0.0,0.0,3.55
2014,6,13,164,0.3131070409358269,-0.9497178427914316,58.9,20.554,227.0,0.0,0.0,3.47
2014,6,13,164,0.3131070409358269,-0.9497178427914316,79.9,20.053,221.7,0.12,0.0,4.73
2014,6,13,164,0.3131070409358269,-0.9497178427914316,98.9,19.685,215.6,0.8,0.0,1.65
2014,6,13,164,0.3131070409358269,-0.9497178427914316,119.5,19.463,212.8,1.32,0.0,0.38
2014,6,13,164,0.3131070409358269,-0.9497178427914316,139.5,19.279,212.9,1.47,0.04,0.07
2014,7,11,192,-0.16280701293851646,-0.9866579328916572,3.1,27.334,203.2,0.0,0.0,6.89
2014,7,11,192,-0.16280701293851646,-0.9866579328916572,20.9,25.83,204.2,0.0,0.0,6.28
2014,7,11,192,-0.16280701293851646,-0.9866579328916572,40.0,22.629,222.5,0.0,0.0,4.5
2014,7,11,192,-0.16280701293851646,-0.9866579328916572,60.0,21.09,223.9,0.0,0.0,4.43
2014,7,11,192,-0.16280701293851646,-0.9866579328916572,80.5,20.451,215.4,0.0,0.0,6.37
2014,7,11,192,-0.16280701293851646,-0.9866579328916572,99.9,20.069,209.5,0.65,0.0,2.11
2014,7,11,192,-0.16280701293851646,-0.9866579328916572,120.1,19.687,218.8,0.69,0.04,0.5
2014,7,11,192,-0.16280701293851646,-0.9866579328916572,140.5,19.317,212.6,1.21,0.07,-0.27
2014,8,22,234,-0.7748840413670406,-0.6321034111873488,2.5,27.685,199.7,0.0,0.0,4.18
2014,8,22,234,-0.7748840413670406,-0.6321034111873488,18.9,27.681,199.2,0.0,0.0,2.73
2014,8,22,234,-0.7748840413670406,-0.6321034111873488,39.8,23.3,226.1,0.0,0.0,3.93
2014,8,22,234,-0.7748840413670406,-0.6321034111873488,60.5,21.592,231.7,0.0,0.0,2.9
2014,8,22,234,-0.7748840413670406,-0.6321034111873488,79.2,20.668,230.4,0.0,0.0,2.39
2014,8,22,234,-0.7748840413670406,-0.6321034111873488,100.0,19.988,225.7,0.0,0.0,1.25
2014,8,22,234,-0.7748840413670406,-0.6321034111873488,120.1,19.547,219.6,0.09,0.0,0.71
2014,8,22,234,-0.7748840413670406,-0.6321034111873488,140.5,19.287,212.8,0.69,0.0,0.21
2014,9,14,257,-0.9587178169872964,-0.2843591872810036,3.4,27.961,198.9,0.0,0.0,3.45
2014,9,14,257,-0.9587178169872964,-0.2843591872810036,19.8,28.003,199.3,0.0,0.0,1.7
2014,9,14,257,-0.9587178169872964,-0.2843591872810036,38.8,24.205,229.9,0.0,0.0,5.27
2014,9,14,257,-0.9587178169872964,-0.2843591872810036,59.4,22.083,230.6,0.0,0.0,3.16
2014,9,14,257,-0.9587178169872964,-0.2843591872810036,79.7,20.742,227.3,0.0,0.0,2.46
2014,9,14,257,-0.9587178169872964,-0.2843591872810036,99.7,20.1,221.9,0.0,0.0,1.77
2014,9,14,257,-0.9587178169872964,-0.2843591872810036,118.9,19.681,215.3,0.09,0.0,0.91
2014,9,14,257,-0.9587178169872964,-0.2843591872810036,140.7,19.345,208.0,0.73,0.0,0.05
2014,10,29,302,-0.8840675099433637,0.46735921715800205,4.0,24.741,210.1,0.0,0.0,2.69
2014,10,29,302,-0.8840675099433637,0.46735921715800205,20.7,24.71,209.9,0.0,0.0,4.05
2014,10,29,302,-0.8840675099433637,0.46735921715800205,40.7,24.292,210.6,0.0,0.0,2.36
2014,10,29,302,-0.8840675099433637,0.46735921715800205,60.9,23.543,211.0,0.0,0.0,2.51
2014,10,29,302,-0.8840675099433637,0.46735921715800205,80.0,22.891,214.3,0.0,0.0,1.74
2014,10,29,302,-0.8840675099433637,0.46735921715800205,99.0,21.282,195.4,0.0,0.0,0.78
2014,10,29,302,-0.8840675099433637,0.46735921715800205,121.4,19.542,187.7,0.0,0.0,-0.08
2014,10,29,302,-0.8840675099433637,0.46735921715800205,139.3,19.342,188.5,0.07,0.0,0.03
2014,11,21,325,-0.6354323008901775,0.7721565844991641,3.9,24.173,210.5,0.0,0.0,4.55
2014,11,21,325,-0.6354323008901775,0.7721565844991641,20.3,24.146,210.5,0.0,0.0,3.49
2014,11,21,325,-0.6354323008901775,0.7721565844991641,41.7,23.991,210.6,0.0,0.0,2.82
2014,11,21,325,-0.6354323008901775,0.7721565844991641,61.3,23.923,210.8,0.0,0.0,1.06
2014,11,21,325,-0.6354323008901775,0.7721565844991641,79.7,23.79,211.6,0.0,0.0,0.39
2014,11,21,325,-0.6354323008901775,0.7721565844991641,100.8,22.525,229.3,0.0,0.0,0.2
2014,11,21,325,-0.6354323008901775,0.7721565844991641,120.2,21.348,216.8,0.0,0.0,0.21
2014,11,21,325,-0.6354323008901775,0.7721565844991641,140.5,20.355,205.6,0.11,0.0,0.14
2014,12,11,345,-0.33752289959411347,0.941317317512847,3.7,23.449,213.2,0.0,0.04,3.57
2014,12,11,345,-0.33752289959411347,0.941317317512847,21.0,23.456,212.6,0.0,0.04,3.97
2014,12,11,345,-0.33752289959411347,0.941317317512847,40.7,23.456,212.8,0.0,0.0,3.0
2014,12,11,345,-0.33752289959411347,0.941317317512847,59.0,23.459,212.5,0.0,0.0,2.21
2014,12,11,345,-0.33752289959411347,0.941317317512847,80.6,23.457,213.5,0.0,0.0,0.86
2014,12,11,345,-0.33752289959411347,0.941317317512847,99.4,22.157,220.4,0.39,0.0,1.04
2014,12,11,345,-0.33752289959411347,0.941317317512847,120.4,20.587,210.5,0.67,0.0,0.25
2014,12,11,345,-0.33752289959411347,0.941317317512847,138.9,20.174,201.3,1.02,0.0,0.08
2015,2,4,35,0.5667017562911176,0.8239230057575542,4.3,20.907,220.3,0.18,0.07,7.76
2015,2,4,35,0.5667017562911176,0.8239230057575542,20.8,20.914,220.3,0.0,0.0,9.19
2015,2,4,35,0.5667017562911176,0.8239230057575542,40.0,20.915,220.3,0.0,0.0,5.34
2015,2,4,35,0.5667017562911176,0.8239230057575542,60.7,20.915,220.2,0.0,0.0,2.44
2015,2,4,35,0.5667017562911176,0.8239230057575542,81.2,20.911,220.2,0.0,0.0,1.15
2015,2,4,35,0.5667017562911176,0.8239230057575542,99.9,20.872,219.9,0.05,0.0,0.16
2015,2,4,35,0.5667017562911176,0.8239230057575542,122.1,20.643,220.3,0.05,0.0,0.11
2015,2,4,35,0.5667017562911176,0.8239230057575542,141.6,20.097,213.4,0.52,0.0,0.02
2015,3,13,72,0.9455963874271426,0.3253420847119801,5.1,20.093,228.0,0.0,0.0,8.25
2015,3,13,72,0.9455963874271426,0.3253420847119801,19.7,20.089,227.6,0.0,0.0,9.51
2015,3,13,72,0.9455963874271426,0.3253420847119801,41.4,19.963,227.6,0.0,0.04,14.59
2015,3,13,72,0.9455963874271426,0.3253420847119801,60.1,19.905,227.4,0.0,0.0,5.24
2015,3,13,72,0.9455963874271426,0.3253420847119801,80.1,19.897,227.1,0.0,0.0,1.42
2015,3,13,72,0.9455963874271426,0.3253420847119801,100.3,19.899,223.1,0.34,0.0,1.19
2015,3,13,72,0.9455963874271426,0.3253420847119801,120.3,19.9,222.3,0.43,0.0,0.27
2015,3,13,72,0.9455963874271426,0.3253420847119801,142.5,19.901,222.7,0.47,0.0,-0.06
2015,4,9,99,0.9911140639934547,-0.1330147065341959,3.3,21.435,221.6,0.0,0.0,6.44
2015,4,9,99,0.9911140639934547,-0.1330147065341959,20.2,21.352,219.9,0.0,0.0,4.81
2015,4,9,99,0.9911140639934547,-0.1330147065341959,40.1,21.179,222.9,0.0,0.0,4.33
2015,4,9,99,0.9911140639934547,-0.1330147065341959,60.3,20.181,225.1,0.0,0.0,5.39
2015,4,9,99,0.9911140639934547,-0.1330147065341959,79.7,20.006,225.9,0.0,0.0,7.26
2015,4,9,99,0.9911140639934547,-0.1330147065341959,99.9,19.876,223.9,0.09,0.0,2.51
2015,4,9,99,0.9911140639934547,-0.1330147065341959,119.5,19.799,222.8,0.2,0.0,0.36
2015,4,9,99,0.9911140639934547,-0.1330147065341959,141.3,19.765,219.3,0.37,0.0,-0.15
2015,4,24,114,0.9242907221930933,-0.3816892202666588,5.2,22.689,216.3,0.0,0.0,0.56
2015,4,24,114,0.9242907221930933,-0.3816892202666588,20.8,22.551,216.7,0.0,0.0,2.87
2015,4,24,114,0.9242907221930933,-0.3816892202666588,40.2,22.398,217.4,0.0,0.0,2.23
2015,4,24,114,0.9242907221930933,-0.3816892202666588,61.6,22.063,217.4,0.0,0.0,3.78
2015,4,24,114,0.9242907221930933,-0.3816892202666588,80.4,21.841,221.3,0.0,0.0,1.48
2015,4,24,114,0.9242907221930933,-0.3816892202666588,98.9,21.534,218.4,0.0,0.0,1.3
2015,4,24,114,0.9242907221930933,-0.3816892202666588,119.5,21.004,212.6,0.05,0.0,0.74
2015,4,24,114,0.9242907221930933,-0.3816892202666588,140.5,20.383,213.3,0.14,0.0,0.05
2015,5,13,133,0.7526668275320085,-0.6584015846980488,3.2,22.281,221.2,0.09,0.05,9.74
2015,5,13,133,0.7526668275320085,-0.6584015846980488,21.0,20.754,225.5,0.08,0.08,7.4
2015,5,13,133,0.7526668275320085,-0.6584015846980488,40.6,20.209,227.3,0.08,0.11,6.9
2015,5,13,133,0.7526668275320085,-0.6584015846980488,60.1,19.926,226.9,0.08,0.08,6.76
2015,5,13,133,0.7526668275320085,-0.6584015846980488,79.3,19.805,223.7,0.14,0.08,10.03
2015,5,13,133,0.7526668275320085,-0.6584015846980488,100.0,19.744,216.4,0.51,0.08,-1.06
2015,6,24,175,0.12874817745258132,-0.99167731989929,4.5,26.481,204.5,0.06,0.09,0.94
2015,6,24,175,0.12874817745258132,-0.99167731989929,19.2,24.543,217.9,0.05,0.04,3.81
2015,6,24,175,0.12874817745258132,-0.99167731989929,39.8,21.557,226.2,0.05,0.04,4.09
2015,6,24,175,0.12874817745258132,-0.99167731989929,59.3,20.37,230.3,0.05,0.08,2.71
2015,6,24,175,0.12874817745258132,-0.99167731989929,80.1,19.767,225.5,0.05,0.06,1.74
2015,6,24,175,0.12874817745258132,-0.99167731989929,100.0,19.494,217.9,0.2,0.06,2.68
2015,6,24,175,0.12874817745258132,-0.99167731989929,119.7,19.327,209.5,0.94,0.09,0.61
2015,6,24,175,0.12874817745258132,-0.99167731989929,139.2,19.221,208.6,1.44,0.13,-0.83
2015,7,17,198,-0.2636654927280072,-0.9646141756912435,4.2,27.59,200.4,0.09,0.05,3.98
2015,7,17,198,-0.2636654927280072,-0.9646141756912435,19.8,27.592,201.3,0.08,0.08,3.21
2015,7,17,198,-0.2636654927280072,-0.9646141756912435,40.4,23.516,222.4,0.08,0.11,2.94
2015,7,17,198,-0.2636654927280072,-0.9646141756912435,59.7,22.337,225.5,0.08,0.11,2.86
2015,7,17,198,-0.2636654927280072,-0.9646141756912435,79.2,21.414,223.7,0.14,0.08,2.0
2015,7,17,198,-0.2636654927280072,-0.9646141756912435,101.0,20.464,220.0,0.51,0.08,-0.69
2015,8,20,232,-0.7526668275320083,-0.6584015846980489,6.0,28.118,199.0,0.0,0.0,8.06
2015,8,20,232,-0.7526668275320083,-0.6584015846980489,20.2,27.729,199.5,0.0,0.0,3.57
2015,8,20,232,-0.7526668275320083,-0.6584015846980489,40.6,23.943,213.9,0.0,0.0,8.02
2015,8,20,232,-0.7526668275320083,-0.6584015846980489,60.0,22.216,216.9,0.0,0.0,5.5
2015,8,20,232,-0.7526668275320083,-0.6584015846980489,80.8,20.963,208.2,0.1,0.0,5.45
2015,8,20,232,-0.7526668275320083,-0.6584015846980489,101.6,20.73,204.3,0.6,0.0,1.44
2015,8,20,232,-0.7526668275320083,-0.6584015846980489,122.7,20.005,206.5,0.98,0.0,0.25
2015,8,20,232,-0.7526668275320083,-0.6584015846980489,139.9,19.863,207.4,0.97,0.0,0.25
2015,9,13,256,-0.9536809966304455,-0.300819807635668,4.2,28.426,197.8,0.0,0.0,2.34
2015,9,13,256,-0.9536809966304455,-0.300819807635668,21.2,28.438,197.2,0.0,0.0,2.2
2015,9,13,256,-0.9536809966304455,-0.300819807635668,40.1,24.846,226.0,0.0,0.0,3.31
2015,9,13,256,-0.9536809966304455,-0.300819807635668,61.2,22.294,235.7,0.0,0.0,3.21
2015,9,13,256,-0.9536809966304455,-0.300819807635668,80.4,20.804,225.6,0.0,0.0,2.89
2015,9,13,256,-0.9536809966304455,-0.300819807635668,101.5,20.084,214.4,0.07,0.0,1.79
2015,9,13,256,-0.9536809966304455,-0.300819807635668,120.6,19.999,201.4,0.9,0.0,0.62
2015,9,13,256,-0.9536809966304455,-0.300819807635668,140.4,19.414,199.7,2.17,0.07,0.21
2015,11,29,333,-0.5234156073655503,0.8520775211013093,4.0,23.449,212.1,0.0,0.0,1.35
2015,11,29,333,-0.5234156073655503,0.8520775211013093,19.3,23.456,212.2,0.0,0.0,1.22
2015,11,29,333,-0.5234156073655503,0.8520775211013093,39.9,23.464,212.1,0.0,0.0,0.85
2015,11,29,333,-0.5234156073655503,0.8520775211013093,60.4,23.463,211.8,0.0,0.0,1.15
2015,11,29,333,-0.5234156073655503,0.8520775211013093,79.6,22.285,206.9,0.49,0.0,0.82
2015,11,29,333,-0.5234156073655503,0.8520775211013093,99.7,20.379,205.2,0.82,0.0,0.19
2015,11,29,333,-0.5234156073655503,0.8520775211013093,142.5,19.437,201.4,1.77,0.05,-0.04
2015,12,13,347,-0.3049212246562894,0.9523775757303973,3.0,23.082,210.8,0.0,0.0,3.03
2015,12,13,347,-0.3049212246562894,0.9523775757303973,19.7,23.094,213.6,0.0,0.0,3.89
2015,12,13,347,-0.3049212246562894,0.9523775757303973,40.8,23.095,213.4,0.0,0.0,2.38
2015,12,13,347,-0.3049212246562894,0.9523775757303973,61.3,23.1,213.4,0.0,0.0,1.85
2015,12,13,347,-0.3049212246562894,0.9523775757303973,80.8,23.1,214.1,0.0,0.0,1.13
2015,12,13,347,-0.3049212246562894,0.9523775757303973,99.8,21.716,231.0,0.0,0.0,0.86
2015,12,13,347,-0.3049212246562894,0.9523775757303973,119.8,20.097,230.1,0.0,0.0,0.31
2015,12,13,347,-0.3049212246562894,0.9523775757303973,142.0,19.696,221.0,0.17,0.0,0.02
2016,3,9,69,0.9275416835791966,0.37371971479046906,5.4,20.941,219.5,0.0,0.0,2.91
2016,3,9,69,0.9275416835791966,0.37371971479046906,19.8,20.959,219.5,0.0,0.0,2.45
2016,3,9,69,0.9275416835791966,0.37371971479046906,38.9,20.964,219.5,0.0,0.0,1.9
2016,3,9,69,0.9275416835791966,0.37371971479046906,59.4,20.968,218.7,0.0,0.0,2.75
2016,3,9,69,0.9275416835791966,0.37371971479046906,80.0,20.967,218.6,0.0,0.0,0.91
2016,3,9,69,0.9275416835791966,0.37371971479046906,100.5,20.594,217.8,0.17,0.0,0.87
2016,3,9,69,0.9275416835791966,0.37371971479046906,123.3,19.967,202.0,1.05,0.0,0.08
2016,3,9,69,0.9275416835791966,0.37371971479046906,140.1,19.691,198.0,1.46,0.0,-0.08
2016,3,24,84,0.9922222094179323,0.12447926388678915,5.4,20.833,222.2,0.0,0.04,3.22
2016,3,24,84,0.9922222094179323,0.12447926388678915,18.6,20.832,222.5,0.0,0.0,2.32
2016,3,24,84,0.9922222094179323,0.12447926388678915,38.7,20.767,222.1,0.0,0.0,3.01
2016,3,24,84,0.9922222094179323,0.12447926388678915,60.8,20.755,222.2,0.0,0.0,2.52
2016,3,24,84,0.9922222094179323,0.12447926388678915,80.7,20.536,218.8,0.17,0.05,3.19
2016,3,24,84,0.9922222094179323,0.12447926388678915,100.3,20.507,217.2,0.41,0.08,1.72
2016,3,24,84,0.9922222094179323,0.12447926388678915,120.7,20.499,218.1,0.41,0.0,0.1
2016,3,24,84,0.9922222094179323,0.12447926388678915,140.5,20.458,218.1,0.41,0.0,0.43
2016,4,16,107,0.9634705485641488,-0.2678143051621742,4.3,21.443,221.1,0.0,0.0,2.87
2016,4,16,107,0.9634705485641488,-0.2678143051621742,20.2,21.454,220.4,0.0,0.0,1.72
2016,4,16,107,0.9634705485641488,-0.2678143051621742,39.7,21.442,220.3,0.0,0.0,2.38
2016,4,16,107,0.9634705485641488,-0.2678143051621742,59.4,21.086,220.6,0.0,0.0,2.11
2016,4,16,107,0.9634705485641488,-0.2678143051621742,79.5,20.738,222.2,0.0,0.0,1.67
2016,4,16,107,0.9634705485641488,-0.2678143051621742,99.2,20.705,221.7,0.0,0.0,1.39
2016,4,16,107,0.9634705485641488,-0.2678143051621742,119.2,20.575,220.3,0.06,0.0,1.02
2016,4,16,107,0.9634705485641488,-0.2678143051621742,141.9,20.124,217.9,0.33,0.0,0.51
2016,5,5,126,0.8263541987239096,-0.5631507242749186,5.0,21.914,220.9,0.0,0.05,4.08
2016,5,5,126,0.8263541987239096,-0.5631507242749186,19.6,21.293,221.7,0.0,0.07,3.03
2016,5,5,126,0.8263541987239096,-0.5631507242749186,40.2,20.775,221.4,0.0,0.07,2.5
2016,5,5,126,0.8263541987239096,-0.5631507242749186,60.4,20.521,223.8,0.0,0.07,3.23
2016,5,5,126,0.8263541987239096,-0.5631507242749186,80.7,20.369,221.8,0.0,0.08,2.05
2016,5,5,126,0.8263541987239096,-0.5631507242749186,143.4,20.059,214.1,0.77,0.12,0.13
2016,6,15,167,0.26366549272800704,-0.9646141756912435,4.2,25.159,208.7,0.0,0.07,4.75
2016,6,15,167,0.26366549272800704,-0.9646141756912435,20.5,25.164,207.4,0.0,0.07,2.56
2016,6,15,167,0.26366549272800704,-0.9646141756912435,39.7,22.393,227.0,0.0,0.07,2.23
2016,6,15,167,0.26366549272800704,-0.9646141756912435,60.2,21.493,228.4,0.0,0.06,1.43
2016,6,15,167,0.26366549272800704,-0.9646141756912435,78.8,21.226,224.9,0.0,0.06,2.97
2016,6,15,167,0.26366549272800704,-0.9646141756912435,101.0,20.863,222.6,0.0,0.06,2.2
2016,6,15,167,0.26366549272800704,-0.9646141756912435,119.1,20.273,214.6,0.0,0.06,1.57
2016,6,15,167,0.26366549272800704,-0.9646141756912435,140.8,19.676,207.3,0.36,0.09,0.92
2016,7,23,205,-0.37770796520396466,-0.9259247771938499,3.2,28.606,202.2,0.0,0.06,5.91
2016,7,23,205,-0.37770796520396466,-0.9259247771938499,20.4,26.386,212.4,0.0,0.08,3.47
2016,7,23,205,-0.37770796520396466,-0.9259247771938499,60.0,21.913,229.3,0.0,0.06,3.85
2016,7,23,205,-0.37770796520396466,-0.9259247771938499,80.7,21.358,226.1,0.0,0.07,2.63
2016,7,23,205,-0.37770796520396466,-0.9259247771938499,100.3,20.903,216.9,0.0,0.08,1.5
2016,7,23,205,-0.37770796520396466,-0.9259247771938499,120.4,20.384,214.5,0.0,0.07,1.18
2016,7,23,205,-0.37770796520396466,-0.9259247771938499,142.3,20.055,208.5,0.22,0.06,0.4
2016,8,19,232,-0.7526668275320083,-0.6584015846980489,4.8,29.425,196.6,0.0,0.0,3.6
2016,8,19,232,-0.7526668275320083,-0.6584015846980489,19.8,28.901,197.7,0.0,0.0,2.45
2016,8,19,232,-0.7526668275320083,-0.6584015846980489,39.6,24.878,222.9,0.0,0.0,2.66
2016,8,19,232,-0.7526668275320083,-0.6584015846980489,59.8,23.198,228.4,0.0,0.0,3.39
2016,8,19,232,-0.7526668275320083,-0.6584015846980489,79.7,21.61,229.3,0.0,0.0,2.89
2016,8,19,232,-0.7526668275320083,-0.6584015846980489,99.3,20.82,222.1,0.0,0.0,1.83
2016,8,19,232,-0.7526668275320083,-0.6584015846980489,120.8,20.402,209.7,0.21,0.0,1.15
2016,8,19,232,-0.7526668275320083,-0.6584015846980489,143.1,20.225,205.0,0.58,0.0,0.42
2016,9,21,265,-0.9886775902323404,-0.15005539834465262,4.5,28.901,195.5,0.0,0.0,3.02
2016,9,21,265,-0.9886775902323404,-0.15005539834465262,20.3,28.765,196.2,0.0,0.0,3.3
2016,9,21,265,-0.9886775902323404,-0.15005539834465262,39.5,25.665,225.8,0.0,0.04,2.32
2016,9,21,265,-0.9886775902323404,-0.15005539834465262,59.7,23.806,229.7,0.0,0.0,2.18
2016,9,21,265,-0.9886775902323404,-0.15005539834465262,80.3,22.57,218.6,0.0,0.0,1.74
2016,9,21,265,-0.9886775902323404,-0.15005539834465262,99.7,21.628,218.6,0.0,0.0,1.94
2016,9,21,265,-0.9886775902323404,-0.15005539834465262,120.5,20.956,216.6,0.0,0.0,0.9
2016,9,21,265,-0.9886775902323404,-0.15005539834465262,141.5,20.461,211.9,0.16,0.0,0.42
2016,10,19,293,-0.9455963874271428,0.3253420847119795,5.4,25.38,207.7,0.0,0.0,4.44
2016,10,19,293,-0.9455963874271428,0.3253420847119795,20.5,25.383,206.2,0.0,0.04,3.98
2016,10,19,293,-0.9455963874271428,0.3253420847119795,39.7,25.392,205.9,0.0,0.0,2.48
2016,10,19,293,-0.9455963874271428,0.3253420847119795,58.4,25.353,207.6,0.0,0.0,1.97
2016,10,19,293,-0.9455963874271428,0.3253420847119795,81.1,24.193,220.5,0.0,0.0,3.02
2016,10,19,293,-0.9455963874271428,0.3253420847119795,102.1,22.447,227.2,0.0,0.0,2.37
2016,10,19,293,-0.9455963874271428,0.3253420847119795,121.3,21.747,219.0,0.0,0.0,1.35
2016,10,19,293,-0.9455963874271428,0.3253420847119795,145.5,20.636,209.5,0.45,0.0,0.63
2016,11,20,325,-0.6354323008901775,0.7721565844991641,5.5,22.943,212.0,0.0,0.0,4.7
2016,11,20,325,-0.6354323008901775,0.7721565844991641,18.9,22.942,212.4,0.0,0.0,5.28
2016,11,20,325,-0.6354323008901775,0.7721565844991641,41.5,22.947,212.2,0.0,0.0,4.84
2016,11,20,325,-0.6354323008901775,0.7721565844991641,59.6,22.845,212.2,0.0,0.0,3.02
2016,11,20,325,-0.6354323008901775,0.7721565844991641,78.2,22.837,212.5,0.0,0.0,1.52
2016,11,20,325,-0.6354323008901775,0.7721565844991641,99.6,21.011,216.4,0.05,0.0,1.48
2016,11,20,325,-0.6354323008901775,0.7721565844991641,121.7,20.433,206.1,0.6,0.0,0.34
2016,11,20,325,-0.6354323008901775,0.7721565844991641,141.2,20.183,203.8,0.91,0.0,1.0
2016,12,14,349,-0.27195815753410524,0.9623090774541487,3.7,21.693,216.7,0.0,0.0,1.7
2016,12,14,349,-0.27195815753410524,0.9623090774541487,19.8,21.703,216.7,0.0,0.0,1.42
2016,12,14,349,-0.27195815753410524,0.9623090774541487,40.5,21.7,216.7,0.0,0.0,0.94
2016,12,14,349,-0.27195815753410524,0.9623090774541487,59.1,21.693,215.7,0.0,0.0,0.6
2016,12,14,349,-0.27195815753410524,0.9623090774541487,80.7,21.69,215.8,0.0,0.0,0.65
2016,12,14,349,-0.27195815753410524,0.9623090774541487,100.3,20.477,215.5,0.0,0.0,0.51
2016,12,14,349,-0.27195815753410524,0.9623090774541487,120.8,20.186,206.6,0.48,0.0,0.08
2016,12,14,349,-0.27195815753410524,0.9623090774541487,142.0,19.868,205.6,1.06,0.0,-0.14
2017,1,7,7,0.1202080448993527,0.9927487224577402,3.2,21.561,215.4,0.0,0.0,4.5
2017,1,7,7,0.1202080448993527,0.9927487224577402,19.9,21.572,218.5,0.0,0.0,3.78
2017,1,7,7,0.1202080448993527,0.9927487224577402,40.5,21.559,218.3,0.0,0.0,3.75
2017,1,7,7,0.1202080448993527,0.9927487224577402,59.2,21.546,217.4,0.0,0.0,2.55
2017,1,7,7,0.1202080448993527,0.9927487224577402,80.6,21.544,219.2,0.0,0.0,1.05
2017,1,7,7,0.1202080448993527,0.9927487224577402,101.6,21.492,219.2,0.0,0.0,0.73
2017,1,7,7,0.1202080448993527,0.9927487224577402,119.6,21.462,219.2,0.05,0.0,0.03
2017,1,7,7,0.1202080448993527,0.9927487224577402,141.9,20.886,200.9,0.2,0.0,0.25
2017,2,19,50,0.7583058084785624,0.6518989958787126,3.4,21.048,217.2,0.05,0.0,5.02
2017,2,19,50,0.7583058084785624,0.6518989958787126,21.7,21.058,217.5,0.0,0.0,6.57
2017,2,19,50,0.7583058084785624,0.6518989958787126,41.4,21.046,217.8,0.05,0.0,5.42
2017,2,19,50,0.7583058084785624,0.6518989958787126,60.2,21.02,217.5,0.07,0.0,3.66
2017,2,19,50,0.7583058084785624,0.6518989958787126,80.2,20.953,218.4,0.14,0.0,1.91
2017,2,19,50,0.7583058084785624,0.6518989958787126,101.0,20.903,217.7,0.18,0.0,0.65
2017,2,19,50,0.7583058084785624,0.6518989958787126,121.0,20.768,217.7,0.16,0.0,0.12
2017,2,19,50,0.7583058084785624,0.6518989958787126,143.5,20.68,218.6,0.18,0.0,0.12
2017,4,10,100,0.9886775902323405,-0.1500553983446526,4.9,20.5,225.0,0.0,0.0,10.73
2017,4,10,100,0.9886775902323405,-0.1500553983446526,21.2,20.501,224.0,0.0,0.0,8.9
2017,4,10,100,0.9886775902323405,-0.1500553983446526,40.9,20.27,223.7,0.0,0.0,5.86
2017,4,10,100,0.9886775902323405,-0.1500553983446526,59.8,20.131,223.4,0.0,0.0,5.09
2017,4,10,100,0.9886775902323405,-0.1500553983446526,80.1,20.01,217.7,0.46,0.0,1.02
2017,4,10,100,0.9886775902323405,-0.1500553983446526,100.6,19.928,220.3,0.26,0.0,1.09
2017,4,10,100,0.9886775902323405,-0.1500553983446526,119.1,19.862,219.2,0.41,0.0,0.3
2017,4,10,100,0.9886775902323405,-0.1500553983446526,140.1,19.822,212.0,1.08,0.0,0.63
2017,5,10,130,0.7856498550787147,-0.6186714032625031,5.9,22.723,216.9,0.0,0.0,2.07
2017,5,10,130,0.7856498550787147,-0.6186714032625031,20.9,22.729,216.2,0.0,0.0,2.76
2017,5,10,130,0.7856498550787147,-0.6186714032625031,40.9,21.655,219.9,0.0,0.0,2.36
2017,5,10,130,0.7856498550787147,-0.6186714032625031,61.1,21.27,219.9,0.0,0.0,3.01
2017,5,10,130,0.7856498550787147,-0.6186714032625031,81.1,21.073,218.9,0.0,0.0,2.59
2017,5,10,130,0.7856498550787147,-0.6186714032625031,99.0,20.845,207.7,0.32,0.0,3.65
2017,5,10,130,0.7856498550787147,-0.6186714032625031,120.2,20.528,204.5,0.67,0.0,0.95
2017,5,10,130,0.7856498550787147,-0.6186714032625031,142.9,20.076,223.4,0.75,0.0,1.13
2017,5,30,150,0.5307300481619334,-0.8475409228928311,4.8,24.013,213.2,0.0,0.0,6.35
2017,5,30,150,0.5307300481619334,-0.8475409228928311,20.5,23.444,217.0,0.0,0.0,6.75
2017,5,30,150,0.5307300481619334,-0.8475409228928311,40.8,21.731,224.5,0.0,0.0,5.34
2017,5,30,150,0.5307300481619334,-0.8475409228928311,59.6,20.554,228.6,0.0,0.0,5.26
2017,5,30,150,0.5307300481619334,-0.8475409228928311,80.0,20.035,225.8,0.0,0.0,3.53
2017,5,30,150,0.5307300481619334,-0.8475409228928311,100.3,19.731,212.9,1.12,0.04,2.25
2017,5,30,150,0.5307300481619334,-0.8475409228928311,119.7,19.671,213.7,1.28,0.0,0.34
2017,5,30,150,0.5307300481619334,-0.8475409228928311,141.2,19.57,215.1,1.27,0.0,0.03
2017,6,14,165,0.29671281927349075,-0.9549667548552551,4.9,25.197,209.8,0.0,0.0,7.86
2017,6,14,165,0.29671281927349075,-0.9549667548552551,20.7,24.926,217.9,0.0,0.0,7.54
2017,6,14,165,0.29671281927349075,-0.9549667548552551,41.0,22.004,223.4,0.0,0.0,7.55
2017,6,14,165,0.29671281927349075,-0.9549667548552551,60.2,20.603,217.9,0.0,0.0,8.81
2017,6,14,165,0.29671281927349075,-0.9549667548552551,81.3,20.109,219.2,0.08,0.0,8.8
2017,6,14,165,0.29671281927349075,-0.9549667548552551,99.6,19.83,210.2,1.03,0.0,1.58
2017,6,14,165,0.29671281927349075,-0.9549667548552551,120.9,19.605,212.9,1.22,0.0,0.54
2017,6,14,165,0.29671281927349075,-0.9549667548552551,140.7,19.492,212.2,1.45,0.05,0.18
2017,7,19,200,-0.2967128192734901,-0.9549667548552553,3.5,27.949,199.4,0.0,0.0,5.4
2017,7,19,200,-0.2967128192734901,-0.9549667548552553,20.5,26.371,204.7,0.0,0.0,6.2
2017,7,19,200,-0.2967128192734901,-0.9549667548552553,40.4,23.555,220.4,0.0,0.0,3.89
2017,7,19,200,-0.2967128192734901,-0.9549667548552553,59.5,21.626,224.5,0.0,0.0,2.83
2017,7,19,200,-0.2967128192734901,-0.9549667548552553,80.2,20.78,220.7,0.0,0.0,2.65
2017,7,19,200,-0.2967128192734901,-0.9549667548552553,99.9,20.224,221.1,0.0,0.0,0.91
2017,7,19,200,-0.2967128192734901,-0.9549667548552553,119.1,19.85,212.4,0.68,0.0,1.37
2017,7,19,200,-0.2967128192734901,-0.9549667548552553,140.5,19.591,211.1,1.08,0.0,0.64
2017,8,16,228,-0.7055836101071774,-0.70862667826446,3.8,28.987,196.2,0.0,0.05,2.35
2017,8,16,228,-0.7055836101071774,-0.70862667826446,19.9,28.987,197.7,0.0,0.0,4.19
2017,8,16,228,-0.7055836101071774,-0.70862667826446,39.5,23.904,231.3,0.0,0.0,5.18
2017,8,16,228,-0.7055836101071774,-0.70862667826446,59.8,21.635,229.6,0.0,0.04,3.75
2017,8,16,228,-0.7055836101071774,-0.70862667826446,80.7,20.762,221.9,0.0,0.04,4.07
2017,8,16,228,-0.7055836101071774,-0.70862667826446,100.3,20.283,216.6,0.0,0.04,2.47
2017,8,16,228,-0.7055836101071774,-0.70862667826446,118.4,19.883,210.9,0.5,0.0,1.1
2017,8,16,228,-0.7055836101071774,-0.70862667826446,140.7,19.669,211.4,0.75,0.0,1.14
2017,9,13,256,-0.9536809966304455,-0.300819807635668,3.5,28.301,196.9,0.0,0.0,5.3
2017,9,13,256,-0.9536809966304455,-0.300819807635668,20.2,28.317,196.8,0.0,0.0,4.75
2017,9,13,256,-0.9536809966304455,-0.300819807635668,39.9,27.222,223.7,0.0,0.0,2.83
2017,9,13,256,-0.9536809966304455,-0.300819807635668,58.9,23.555,225.2,0.0,0.0,4.02
2017,9,13,256,-0.9536809966304455,-0.300819807635668,81.3,21.843,219.8,0.0,0.0,1.92
2017,9,13,256,-0.9536809966304455,-0.300819807635668,98.8,20.888,209.6,0.2,0.0,0.45
2017,9,13,256,-0.9536809966304455,-0.300819807635668,121.9,20.247,205.3,1.26,0.0,1.03
2017,9,13,256,-0.9536809966304455,-0.300819807635668,141.0,19.782,204.9,1.46,0.05,2.5
2017,10,18,291,-0.9562348265919058,0.2926003356333479,3.9,26.798,205.2,0.0,0.0,6.03
2017,10,18,291,-0.9562348265919058,0.2926003356333479,19.2,25.822,206.2,0.0,0.0,5.92
2017,10,18,291,-0.9562348265919058,0.2926003356333479,41.3,25.576,205.8,0.0,0.0,4.92
2017,10,18,291,-0.9562348265919058,0.2926003356333479,59.6,24.627,216.5,0.0,0.0,2.78
2017,10,18,291,-0.9562348265919058,0.2926003356333479,79.4,22.606,215.1,0.0,0.0,2.95
2017,10,18,291,-0.9562348265919058,0.2926003356333479,100.8,21.525,209.1,0.36,0.0,3.02
2017,10,18,291,-0.9562348265919058,0.2926003356333479,119.5,20.79,205.2,0.94,0.0,0.22
2017,10,18,291,-0.9562348265919058,0.2926003356333479,140.0,20.173,204.1,1.2,0.0,0.51
2017,11,18,322,-0.6744436188329457,0.7383263540031063,3.3,24.464,206.5,0.0,0.0,6.97
2017,11,18,322,-0.6744436188329457,0.7383263540031063,20.1,24.472,206.3,0.0,0.0,6.81
2017,11,18,322,-0.6744436188329457,0.7383263540031063,41.0,24.469,206.1,0.0,0.06,4.58
2017,11,18,322,-0.6744436188329457,0.7383263540031063,59.9,24.476,206.5,0.0,0.0,1.31
2017,11,18,322,-0.6744436188329457,0.7383263540031063,80.2,24.539,205.8,0.09,0.0,0.32
2017,11,18,322,-0.6744436188329457,0.7383263540031063,101.3,22.79,201.2,0.73,0.0,0.49
2017,11,18,322,-0.6744436188329457,0.7383263540031063,121.2,21.403,200.3,0.96,0.0,-0.57
2017,11,18,322,-0.6744436188329457,0.7383263540031063,143.0,20.452,200.2,1.24,0.0,-1.26
2017,12,13,347,-0.3049212246562894,0.9523775757303973,4.1,23.147,207.8,0.0,0.0,2.68
2017,12,13,347,-0.3049212246562894,0.9523775757303973,21.2,23.157,209.6,0.0,0.0,0.36
2017,12,13,347,-0.3049212246562894,0.9523775757303973,40.1,23.16,208.5,0.0,0.0,2.16
2017,12,13,347,-0.3049212246562894,0.9523775757303973,60.7,23.154,209.6,0.0,0.0,0.97
2017,12,13,347,-0.3049212246562894,0.9523775757303973,80.4,23.128,209.4,0.0,0.0,0.63
2017,12,13,347,-0.3049212246562894,0.9523775757303973,100.5,23.124,208.3,0.0,0.0,-0.59
2017,12,13,347,-0.3049212246562894,0.9523775757303973,121.2,21.827,209.2,0.05,0.0,-0.67
2017,12,13,347,-0.3049212246562894,0.9523775757303973,140.9,20.842,210.5,0.32,0.0,-0.38
2018,1,16,16,0.2719581575341055,0.9623090774541486,3.9,21.722,217.5,0.0,0.0,6.44
2018,1,16,16,0.2719581575341055,0.9623090774541486,20.5,21.688,217.9,0.0,0.0,6.37
2018,1,16,16,0.2719581575341055,0.9623090774541486,39.1,21.691,216.9,0.0,0.0,6.45
2018,1,16,16,0.2719581575341055,0.9623090774541486,59.2,21.681,216.9,0.0,0.0,1.62
2018,1,16,16,0.2719581575341055,0.9623090774541486,80.0,21.385,216.2,0.05,0.0,0.24
2018,1,16,16,0.2719581575341055,0.9623090774541486,101.2,21.277,215.2,0.2,0.0,0.65
2018,1,16,16,0.2719581575341055,0.9623090774541486,120.3,20.977,215.1,0.22,0.0,0.13
2018,1,16,16,0.2719581575341055,0.9623090774541486,139.8,20.89,213.3,0.35,0.0,0.45
2018,2,11,42,0.6616346182422783,0.7498264012045686,3.4,20.853,221.5,0.0,0.0,8.13
2018,2,11,42,0.6616346182422783,0.7498264012045686,20.0,20.853,222.2,0.0,0.0,9.22
2018,2,11,42,0.6616346182422783,0.7498264012045686,39.4,20.805,220.4,0.0,0.0,4.06
2018,2,11,42,0.6616346182422783,0.7498264012045686,59.5,20.769,219.8,0.0,0.0,2.43
2018,2,11,42,0.6616346182422783,0.7498264012045686,79.9,20.737,218.5,0.06,0.0,1.61
2018,2,11,42,0.6616346182422783,0.7498264012045686,99.8,20.7,219.1,0.0,0.0,0.3
2018,2,11,42,0.6616346182422783,0.7498264012045686,119.1,20.437,219.6,0.0,0.0,0.7
2018,2,11,42,0.6616346182422783,0.7498264012045686,142.0,19.732,209.3,0.88,0.0,-0.15
2018,2,27,58,0.8406184056344782,0.5416278206559814,4.1,20.999,222.0,0.0,0.0,1.57
2018,2,27,58,0.8406184056344782,0.5416278206559814,20.0,21.01,221.7,0.0,0.0,0.48
2018,2,27,58,0.8406184056344782,0.5416278206559814,39.3,20.974,222.0,0.0,0.0,0.5
2018,2,27,58,0.8406184056344782,0.5416278206559814,59.1,20.898,221.1,0.0,0.0,2.1
2018,2,27,58,0.8406184056344782,0.5416278206559814,79.5,20.736,220.3,0.0,0.0,0.62
2018,2,27,58,0.8406184056344782,0.5416278206559814,100.6,20.611,218.2,0.0,0.0,2.48
2018,2,27,58,0.8406184056344782,0.5416278206559814,119.5,20.535,216.1,0.26,0.0,1.23
2018,2,27,58,0.8406184056344782,0.5416278206559814,141.5,19.609,198.8,2.03,0.04,-1.97
2018,3,15,74,0.9562348265919056,0.29260033563334836,7.2,20.223,220.8,0.05,0.0,3.81
2018,3,15,74,0.9562348265919056,0.29260033563334836,19.0,20.238,221.5,0.05,0.0,5.44
2018,3,15,74,0.9562348265919056,0.29260033563334836,38.7,20.244,220.5,0.05,0.0,4.57
2018,3,15,74,0.9562348265919056,0.29260033563334836,61.6,20.261,220.5,0.07,0.0,2.47
2018,3,15,74,0.9562348265919056,0.29260033563334836,78.3,20.252,220.6,0.07,0.0,-0.1
2018,3,15,74,0.9562348265919056,0.29260033563334836,98.6,20.268,219.8,0.12,0.0,-0.09
2018,3,15,74,0.9562348265919056,0.29260033563334836,123.8,20.223,219.4,0.15,0.0,2.31
2018,3,15,74,0.9562348265919056,0.29260033563334836,138.4,20.196,217.7,0.31,0.0,0.35
2018,3,24,83,0.989932495087353,0.141540295217043,5.4,20.072,222.1,0.09,0.0,5.49
2018,3,24,83,0.989932495087353,0.141540295217043,20.2,20.084,220.4,0.08,0.0,11.69
2018,3,24,83,0.989932495087353,0.141540295217043,40.0,20.09,221.6,0.1,0.0,6.98
2018,3,24,83,0.989932495087353,0.141540295217043,60.3,20.092,221.2,0.11,0.0,6.79
2018,3,24,83,0.989932495087353,0.141540295217043,80.0,20.087,220.4,0.12,0.0,5.05
2018,3,24,83,0.989932495087353,0.141540295217043,99.6,20.084,220.7,0.12,0.0,3.95
2018,3,24,83,0.989932495087353,0.141540295217043,119.7,20.079,221.6,0.12,0.0,3.18
2018,3,24,83,0.989932495087353,0.141540295217043,140.9,19.96,220.2,0.14,0.0,-1.14
2018,4,14,104,0.9760105506323683,-0.21772323039653177,4.2,20.775,224.0,0.0,0.0,6.5
2018,4,14,104,0.9760105506323683,-0.21772323039653177,19.2,20.78,224.2,0.0,0.0,5.76
2018,4,14,104,0.9760105506323683,-0.21772323039653177,38.7,20.437,224.1,0.0,0.0,5.36
2018,4,14,104,0.9760105506323683,-0.21772323039653177,59.9,20.041,224.8,0.0,0.0,5.02
2018,4,14,104,0.9760105506323683,-0.21772323039653177,79.8,19.985,223.9,0.47,0.0,2.72
2018,4,14,104,0.9760105506323683,-0.21772323039653177,101.1,19.911,212.6,1.03,0.04,0.34
2018,4,14,104,0.9760105506323683,-0.21772323039653177,119.5,19.896,202.4,2.33,0.1,-1.01
2018,4,14,104,0.9760105506323683,-0.21772323039653177,142.0,19.227,201.9,2.58,0.1,0.15
2018,4,26,116,0.9106046300942162,-0.4132786077829042,3.0,21.173,224.1,0.0,0.0,4.76
2018,4,26,116,0.9106046300942162,-0.4132786077829042,18.3,20.98,224.2,0.0,0.0,7.32
2018,4,26,116,0.9106046300942162,-0.4132786077829042,39.1,20.981,224.8,0.0,0.0,3.59
2018,4,26,116,0.9106046300942162,-0.4132786077829042,60.2,20.346,227.6,0.0,0.0,4.53
2018,4,26,116,0.9106046300942162,-0.4132786077829042,79.0,19.97,223.7,0.0,0.0,3.87
2018,4,26,116,0.9106046300942162,-0.4132786077829042,101.6,19.93,218.2,0.38,0.0,-1.11
2018,4,26,116,0.9106046300942162,-0.4132786077829042,119.5,19.893,217.7,0.48,0.0,0.36
2018,4,26,116,0.9106046300942162,-0.4132786077829042,142.0,19.88,217.1,0.55,0.0,-0.02
2018,5,24,144,0.6152845999633276,-0.7883050558305255,4.4,24.682,211.3,0.0,0.0,3.73
2018,5,24,144,0.6152845999633276,-0.7883050558305255,20.3,22.447,218.3,0.0,0.0,3.9
2018,5,24,144,0.6152845999633276,-0.7883050558305255,40.1,22.702,232.2,0.0,0.0,-3.11
2018,5,24,144,0.6152845999633276,-0.7883050558305255,60.0,20.202,233.3,0.0,0.0,-1.96
2018,5,24,144,0.6152845999633276,-0.7883050558305255,80.2,19.923,230.1,0.0,0.0,2.27
2018,5,24,144,0.6152845999633276,-0.7883050558305255,100.5,19.677,224.3,0.0,0.0,1.49
2018,5,24,144,0.6152845999633276,-0.7883050558305255,120.9,19.507,214.5,1.01,0.0,0.31
2018,5,24,144,0.6152845999633276,-0.7883050558305255,141.3,19.451,213.2,1.41,0.0,0.36
2018,6,15,166,0.28023067519921585,-0.9599326896597447,3.7,25.431,207.8,0.0,0.0,4.61
2018,6,15,166,0.28023067519921585,-0.9599326896597447,20.0,25.29,207.9,0.0,0.0,5.38
2018,6,15,166,0.28023067519921585,-0.9599326896597447,39.8,22.533,228.2,0.0,0.0,4.43
2018,6,15,166,0.28023067519921585,-0.9599326896597447,59.9,20.995,230.4,0.0,0.0,3.53
2018,6,15,166,0.28023067519921585,-0.9599326896597447,79.5,20.355,214.9,0.57,0.0,5.27
2018,6,15,166,0.28023067519921585,-0.9599326896597447,99.7,19.972,216.2,0.6,0.0,1.56
2018,6,15,166,0.28023067519921585,-0.9599326896597447,123.0,19.761,213.9,0.82,0.0,0.28
2018,6,15,166,0.28023067519921585,-0.9599326896597447,143.3,19.534,211.8,1.35,0.04,0.96
2018,7,21,202,-0.3294084822245302,-0.9441875088341994,3.7,27.033,203.1,0.0,0.0,3.02
2018,7,21,202,-0.3294084822245302,-0.9441875088341994,19.8,26.918,203.9,0.0,0.0,2.61
2018,7,21,202,-0.3294084822245302,-0.9441875088341994,40.2,22.926,223.8,0.0,0.0,0.91
2018,7,21,202,-0.3294084822245302,-0.9441875088341994,59.8,21.243,229.8,0.0,0.0,2.58
2018,7,21,202,-0.3294084822245302,-0.9441875088341994,80.3,20.501,223.8,0.0,0.0,1.76
2018,7,21,202,-0.3294084822245302,-0.9441875088341994,99.8,20.117,217.6,0.14,0.0,1.44
2018,7,21,202,-0.3294084822245302,-0.9441875088341994,119.4,19.627,212.9,0.72,0.0,-0.77
2018,7,21,202,-0.3294084822245302,-0.9441875088341994,140.4,19.385,209.6,1.37,0.05,0.09
2018,8,14,226,-0.6807734094770159,-0.7324940716135792,4.1,28.284,197.9,0.0,0.0,4.59
2018,8,14,226,-0.6807734094770159,-0.7324940716135792,20.2,28.17,199.7,0.0,0.0,4.4
2018,8,14,226,-0.6807734094770159,-0.7324940716135792,39.3,27.28,215.4,0.0,0.0,4.3
2018,8,14,226,-0.6807734094770159,-0.7324940716135792,60.5,23.927,232.5,0.0,0.0,3.94
2018,8,14,226,-0.6807734094770159,-0.7324940716135792,79.5,21.953,234.9,0.0,0.0,2.29
2018,8,14,226,-0.6807734094770159,-0.7324940716135792,99.9,21.059,226.9,0.0,0.0,1.78
2018,8,14,226,-0.6807734094770159,-0.7324940716135792,119.8,20.328,220.4,0.06,0.0,0.81
2018,8,14,226,-0.6807734094770159,-0.7324940716135792,140.5,19.767,211.7,0.8,0.0,1.07
2018,9,12,255,-0.9483615800121716,-0.31719128858910595,4.9,28.671,197.6,0.0,0.0,6.0
2018,9,12,255,-0.9483615800121716,-0.31719128858910595,18.8,28.676,198.1,0.0,0.0,4.27
2018,9,12,255,-0.9483615800121716,-0.31719128858910595,39.3,24.697,222.0,0.0,0.0,4.72
2018,9,12,255,-0.9483615800121716,-0.31719128858910595,59.3,22.667,230.2,0.0,0.0,5.68
2018,9,12,255,-0.9483615800121716,-0.31719128858910595,79.4,21.57,228.0,0.0,0.0,2.83
2018,9,12,255,-0.9483615800121716,-0.31719128858910595,98.6,20.621,201.5,0.17,0.0,3.57
2018,9,12,255,-0.9483615800121716,-0.31719128858910595,119.8,19.87,207.0,0.48,0.0,0.39
2018,9,12,255,-0.9483615800121716,-0.31719128858910595,139.7,19.594,204.2,1.22,0.0,0.51
2018,10,21,294,-0.9398560579418953,0.341570769167856,2.8,26.01,204.6,0.0,0.0,0.83
2018,10,21,294,-0.9398560579418953,0.341570769167856,18.0,26.026,204.3,0.0,0.0,4.55
2018,10,21,294,-0.9398560579418953,0.341570769167856,37.4,26.03,204.5,0.0,0.0,2.93
2018,10,21,294,-0.9398560579418953,0.341570769167856,57.2,25.987,212.8,0.0,0.0,1.42
2018,10,21,294,-0.9398560579418953,0.341570769167856,77.7,22.556,234.1,0.0,0.0,0.08
2018,10,21,294,-0.9398560579418953,0.341570769167856,96.4,21.782,234.1,0.0,0.0,6.47
2018,10,21,294,-0.9398560579418953,0.341570769167856,118.1,20.98,215.8,0.0,0.0,2.23
2018,10,21,294,-0.9398560579418953,0.341570769167856,138.2,20.289,210.5,0.08,0.0,2.5
2018,11,7,311,-0.801361088174677,0.5981809144059158,3.4,24.107,208.6,0.0,0.0,2.56
2018,11,7,311,-0.801361088174677,0.5981809144059158,17.0,24.103,208.7,0.0,0.0,2.74
2018,11,7,311,-0.801361088174677,0.5981809144059158,36.7,24.243,208.6,0.0,0.0,2.98
2018,11,7,311,-0.801361088174677,0.5981809144059158,57.3,22.533,206.5,0.09,0.0,7.72
2018,11,7,311,-0.801361088174677,0.5981809144059158,77.1,21.72,221.9,0.06,0.0,1.2
2018,11,7,311,-0.801361088174677,0.5981809144059158,96.4,20.917,199.1,1.39,0.05,3.36
2018,11,7,311,-0.801361088174677,0.5981809144059158,116.9,20.198,200.7,1.22,0.0,1.04
2018,11,7,311,-0.801361088174677,0.5981809144059158,137.7,19.816,202.1,1.0,0.0,-1.69
2018,12,15,349,-0.27195815753410524,0.9623090774541487,2.2,22.508,214.0,0.0,0.0,4.68
2018,12,15,349,-0.27195815753410524,0.9623090774541487,20.3,22.538,214.1,0.0,0.0,1.97
2018,12,15,349,-0.27195815753410524,0.9623090774541487,39.2,22.321,214.3,0.0,0.0,1.35
2018,12,15,349,-0.27195815753410524,0.9623090774541487,58.9,22.147,214.2,0.0,0.0,-0.3
2018,12,15,349,-0.27195815753410524,0.9623090774541487,79.2,22.106,214.9,0.0,0.0,1.01
2018,12,15,349,-0.27195815753410524,0.9623090774541487,101.1,21.72,213.9,0.0,0.0,0.36
2018,12,15,349,-0.27195815753410524,0.9623090774541487,119.0,20.421,208.1,0.53,0.0,0.77
2018,12,15,349,-0.27195815753410524,0.9623090774541487,140.6,19.868,201.4,1.34,0.0,-1.2
2019,1,12,12,0.2051044998686192,0.9787400799669153,3.5,21.223,217.3,0.07,0.0,8.77
2019,1,12,12,0.2051044998686192,0.9787400799669153,19.8,21.228,217.7,0.08,0.0,5.94
2019,1,12,12,0.2051044998686192,0.9787400799669153,40.1,21.221,217.4,0.09,0.0,4.65
2019,1,12,12,0.2051044998686192,0.9787400799669153,60.3,21.218,216.8,0.12,0.0,0.34
2019,1,12,12,0.2051044998686192,0.9787400799669153,79.5,21.217,216.8,0.14,0.0,7.7
2019,1,12,12,0.2051044998686192,0.9787400799669153,100.4,21.218,218.2,0.2,0.0,5.24
2019,1,12,12,0.2051044998686192,0.9787400799669153,120.7,21.191,197.9,1.85,0.06,0.7
2019,1,12,12,0.2051044998686192,0.9787400799669153,142.5,19.866,201.6,2.11,0.07,0.14
2019,2,18,49,0.7469720876965552,0.6648553979642865,19.7,20.115,223.5,0.0,0.0,10.79
2019,2,18,49,0.7469720876965552,0.6648553979642865,39.8,20.102,225.3,0.0,0.0,10.43
2019,2,18,49,0.7469720876965552,0.6648553979642865,60.3,20.08,225.0,0.07,0.0,7.83
2019,2,18,49,0.7469720876965552,0.6648553979642865,80.2,20.109,222.2,0.38,0.0,1.02
2019,2,18,49,0.7469720876965552,0.6648553979642865,99.7,20.049,217.2,0.61,0.0,-0.06
2019,2,18,49,0.7469720876965552,0.6648553979642865,119.9,19.966,217.6,0.68,0.0,-0.49
2019,2,18,49,0.7469720876965552,0.6648553979642865,141.8,19.932,217.7,0.93,0.0,0.93
2019,4,11,101,0.9859481499638304,-0.16705162550211924,3.7,22.215,217.1,0.0,0.0,1.92
2019,4,11,101,0.9859481499638304,-0.16705162550211924,20.1,22.218,217.2,0.0,0.0,2.27
2019,4,11,101,0.9859481499638304,-0.16705162550211924,40.1,22.203,217.5,0.0,0.0,1.44
2019,4,11,101,0.9859481499638304,-0.16705162550211924,59.0,21.107,217.9,0.0,0.0,0.86
2019,4,11,101,0.9859481499638304,-0.16705162550211924,77.8,20.609,214.9,0.13,0.0,1.71
2019,4,11,101,0.9859481499638304,-0.16705162550211924,100.4,20.016,215.3,0.45,0.0,1.0
2019,4,11,101,0.9859481499638304,-0.16705162550211924,118.8,19.894,219.5,0.47,0.0,0.3
2019,4,11,101,0.9859481499638304,-0.16705162550211924,144.5,19.826,220.3,0.45,0.0,-0.05
2019,4,22,112,0.9368813462954315,-0.3496474552512284,3.6,21.398,220.8,0.0,0.0,3.24
2019,4,22,112,0.9368813462954315,-0.3496474552512284,20.2,21.408,221.5,0.0,0.0,3.74
2019,4,22,112,0.9368813462954315,-0.3496474552512284,41.2,20.599,221.5,0.0,0.0,3.63
2019,4,22,112,0.9368813462954315,-0.3496474552512284,60.0,20.22,224.9,0.0,0.0,3.75
2019,4,22,112,0.9368813462954315,-0.3496474552512284,80.3,19.922,225.2,0.0,0.0,3.36
2019,4,22,112,0.9368813462954315,-0.3496474552512284,98.3,19.838,212.7,0.64,0.0,2.37
2019,4,22,112,0.9368813462954315,-0.3496474552512284,120.7,19.694,211.0,1.33,0.04,0.72
2019,4,22,112,0.9368813462954315,-0.3496474552512284,140.9,19.558,208.8,1.69,0.05,0.62
2019,6,8,159,0.39359027665646673,-0.9192859697186104,3.1,23.668,213.4,0.0,0.0,2.9
2019,6,8,159,0.39359027665646673,-0.9192859697186104,19.9,23.673,212.8,0.05,0.0,3.02
2019,6,8,159,0.39359027665646673,-0.9192859697186104,39.8,22.446,217.0,0.06,0.0,2.95
2019,6,8,159,0.39359027665646673,-0.9192859697186104,60.4,21.482,222.1,0.05,0.0,3.66
2019,6,8,159,0.39359027665646673,-0.9192859697186104,81.0,21.262,221.9,0.0,0.0,2.77
2019,6,8,159,0.39359027665646673,-0.9192859697186104,101.4,20.655,220.1,0.0,0.0,3.48
2019,6,8,159,0.39359027665646673,-0.9192859697186104,120.1,20.132,215.4,0.45,0.0,0.79
2019,6,8,159,0.39359027665646673,-0.9192859697186104,142.1,19.9,214.4,0.87,0.0,0.31
2019,7,17,198,-0.2636654927280072,-0.9646141756912435,3.3,27.688,200.3,0.0,0.0,2.99
2019,7,17,198,-0.2636654927280072,-0.9646141756912435,19.6,25.72,203.1,0.0,0.0,4.84
2019,7,17,198,-0.2636654927280072,-0.9646141756912435,39.6,21.858,227.8,0.0,0.0,4.29
2019,7,17,198,-0.2636654927280072,-0.9646141756912435,59.1,20.689,226.3,0.0,0.0,4.33
2019,7,17,198,-0.2636654927280072,-0.9646141756912435,79.7,20.131,224.9,0.0,0.0,2.8
2019,7,17,198,-0.2636654927280072,-0.9646141756912435,99.7,19.789,217.3,0.2,0.0,2.75
2019,7,17,198,-0.2636654927280072,-0.9646141756912435,119.0,19.651,212.7,1.09,0.0,0.4
2019,7,17,198,-0.2636654927280072,-0.9646141756912435,139.6,19.554,212.7,1.55,0.06,-0.73
2019,8,19,231,-0.7412220108485957,-0.6712599575675315,3.9,28.955,198.0,0.0,0.0,4.76
2019,8,19,231,-0.7412220108485957,-0.6712599575675315,19.3,27.973,199.1,0.0,0.0,4.76
2019,8,19,231,-0.7412220108485957,-0.6712599575675315,39.0,27.207,202.3,0.0,0.0,4.77
2019,8,19,231,-0.7412220108485957,-0.6712599575675315,59.6,26.536,202.1,0.0,0.0,4.96
2019,8,19,231,-0.7412220108485957,-0.6712599575675315,80.6,24.232,199.4,0.14,0.0,4.91
2019,8,19,231,-0.7412220108485957,-0.6712599575675315,100.1,23.008,194.4,0.96,0.0,2.43
2019,8,19,231,-0.7412220108485957,-0.6712599575675315,119.5,21.931,197.5,1.13,0.0,0.87
2019,8,19,231,-0.7412220108485957,-0.6712599575675315,140.2,21.293,202.3,1.0,0.0,-0.1
2019,9,10,253,-0.9368813462954315,-0.34964745525122826,2.6,28.795,196.3,0.0,0.0,3.08
2019,9,10,253,-0.9368813462954315,-0.34964745525122826,20.3,28.683,196.1,0.0,0.0,3.11
2019,9,10,253,-0.9368813462954315,-0.34964745525122826,40.9,25.948,220.4,0.0,0.0,3.87
2019,9,10,253,-0.9368813462954315,-0.34964745525122826,60.0,23.428,227.7,0.0,0.0,3.21
2019,9,10,253,-0.9368813462954315,-0.34964745525122826,79.4,21.738,223.4,0.0,0.0,2.91
2019,9,10,253,-0.9368813462954315,-0.34964745525122826,99.8,20.589,218.8,0.05,0.0,2.2
2019,9,10,253,-0.9368813462954315,-0.34964745525122826,120.0,20.048,204.7,0.29,0.0,0.52
2019,9,10,253,-0.9368813462954315,-0.34964745525122826,141.2,19.791,200.2,1.13,0.0,0.09
2019,10,23,296,-0.9275416835791965,0.3737197147904692,3.3,26.017,203.5,0.0,0.0,1.37
2019,10,23,296,-0.9275416835791965,0.3737197147904692,20.2,26.084,204.1,0.0,0.0,2.46
2019,10,23,296,-0.9275416835791965,0.3737197147904692,40.7,26.085,204.0,0.0,0.0,2.77
2019,10,23,296,-0.9275416835791965,0.3737197147904692,60.8,23.633,233.3,0.0,0.0,3.62
2019,10,23,296,-0.9275416835791965,0.3737197147904692,81.4,22.341,230.9,0.0,0.0,2.26
2019,10,23,296,-0.9275416835791965,0.3737197147904692,99.9,21.415,219.0,0.0,0.0,1.1
2019,10,23,296,-0.9275416835791965,0.3737197147904692,119.8,20.63,208.8,0.08,0.0,0.43
2019,10,23,296,-0.9275416835791965,0.3737197147904692,139.6,20.257,193.3,0.63,0.0,0.08
2019,11,19,323,-0.661634618242279,0.749826401204568,7.2,23.855,209.0,0.0,0.0,3.83
2019,11,19,323,-0.661634618242279,0.749826401204568,19.6,23.857,209.2,0.0,0.0,4.2
2019,11,19,323,-0.661634618242279,0.749826401204568,38.3,23.846,209.2,0.0,0.0,2.89
2019,11,19,323,-0.661634618242279,0.749826401204568,59.8,23.844,209.6,0.0,0.0,1.76
2019,11,19,323,-0.661634618242279,0.749826401204568,79.2,22.197,206.0,0.44,0.0,2.32
2019,11,19,323,-0.661634618242279,0.749826401204568,98.7,20.935,198.7,1.25,0.04,0.27
2019,11,19,323,-0.661634618242279,0.749826401204568,121.0,20.247,203.4,1.01,0.0,0.07
2019,11,19,323,-0.661634618242279,0.749826401204568,140.4,19.774,201.2,1.32,0.04,-0.17
2019,12,12,346,-0.32126966169236515,0.9469877530760751,4.3,22.99,213.8,0.0,0.0,4.78
2019,12,12,346,-0.32126966169236515,0.9469877530760751,20.1,22.996,212.5,0.0,0.0,4.54
2019,12,12,346,-0.32126966169236515,0.9469877530760751,39.5,22.969,212.2,0.0,0.0,3.3
2019,12,12,346,-0.32126966169236515,0.9469877530760751,59.9,22.968,212.8,0.05,0.0,1.69
2019,12,12,346,-0.32126966169236515,0.9469877530760751,80.8,22.962,212.0,0.0,0.0,1.29
2019,12,12,346,-0.32126966169236515,0.9469877530760751,101.5,22.087,208.5,0.39,0.0,0.58
2019,12,12,346,-0.32126966169236515,0.9469877530760751,120.0,20.727,202.2,0.65,0.0,0.39
2019,12,12,346,-0.32126966169236515,0.9469877530760751,140.5,19.796,199.6,1.41,0.04,-0.11
2020,1,26,26,0.4327755925504312,0.901501684131884,3.9,21.355,218.4,0.0,0.0,5.86
2020,1,26,26,0.4327755925504312,0.901501684131884,20.1,21.363,217.1,0.0,0.0,6.26
2020,1,26,26,0.4327755925504312,0.901501684131884,39.3,21.351,217.2,0.0,0.0,6.22
2020,1,26,26,0.4327755925504312,0.901501684131884,61.3,21.331,217.0,0.0,0.0,3.52
2020,1,26,26,0.4327755925504312,0.901501684131884,80.5,21.097,215.8,0.07,0.0,1.88
2020,1,26,26,0.4327755925504312,0.901501684131884,101.3,20.892,216.1,0.0,0.0,0.53
2020,1,26,26,0.4327755925504312,0.901501684131884,119.4,20.832,217.5,0.35,0.0,0.29
2020,1,26,26,0.4327755925504312,0.901501684131884,140.8,20.127,217.4,0.4,0.0,-0.07
2020,2,28,59,0.8498170915275278,0.5270777086423722,60.0,20.543,221.2,0.0,0.0,16.73
2020,2,28,59,0.8498170915275278,0.5270777086423722,80.8,20.477,220.6,0.0,0.0,7.57
2020,2,28,59,0.8498170915275278,0.5270777086423722,99.6,20.196,221.4,0.14,0.0,2.47
2020,2,28,59,0.8498170915275278,0.5270777086423722,120.1,20.068,217.4,0.23,0.0,-0.89
2020,2,28,59,0.8498170915275278,0.5270777086423722,142.7,19.756,203.4,0.61,0.0,-0.39
2020,7,9,191,-0.14579919691987442,-0.9893142039703664,5.1,26.883,203.4,0.0,0.0,4.38
2020,7,9,191,-0.14579919691987442,-0.9893142039703664,19.9,25.886,214.4,0.0,0.0,3.67
2020,7,9,191,-0.14579919691987442,-0.9893142039703664,40.2,24.128,220.3,0.0,0.0,2.37
2020,7,9,191,-0.14579919691987442,-0.9893142039703664,59.9,22.923,224.1,0.0,0.0,1.53
2020,7,9,191,-0.14579919691987442,-0.9893142039703664,80.5,22.107,220.8,0.0,0.0,2.59
2020,7,9,191,-0.14579919691987442,-0.9893142039703664,99.1,21.74,220.6,0.0,0.0,1.54
2020,7,9,191,-0.14579919691987442,-0.9893142039703664,120.6,21.119,218.2,0.0,0.0,1.18
2020,7,9,191,-0.14579919691987442,-0.9893142039703664,141.6,20.702,212.5,0.15,0.0,0.72
2020,7,30,212,-0.4862727071086902,-0.8738071036110807,4.2,28.887,197.5,0.0,0.0,5.26
2020,7,30,212,-0.4862727071086902,-0.8738071036110807,19.6,26.939,198.3,0.0,0.0,4.06
2020,7,30,212,-0.4862727071086902,-0.8738071036110807,40.0,23.852,213.8,0.0,0.0,3.43
2020,7,30,212,-0.4862727071086902,-0.8738071036110807,60.1,21.967,226.4,0.0,0.0,4.39
2020,7,30,212,-0.4862727071086902,-0.8738071036110807,79.6,20.834,224.2,0.0,0.0,3.58
2020,7,30,212,-0.4862727071086902,-0.8738071036110807,99.7,20.236,213.8,0.14,0.0,5.34
2020,7,30,212,-0.4862727071086902,-0.8738071036110807,120.7,20.021,213.1,0.68,0.0,0.51
2020,7,30,212,-0.4862727071086902,-0.8738071036110807,140.3,19.712,207.9,1.41,0.04,-0.27
2020,8,18,231,-0.7412220108485957,-0.6712599575675315,4.9,29.212,194.6,0.0,0.0,8.89
2020,8,18,231,-0.7412220108485957,-0.6712599575675315,20.1,28.471,200.6,0.0,0.0,5.67
2020,8,18,231,-0.7412220108485957,-0.6712599575675315,39.9,26.612,210.7,0.0,0.0,6.27
2020,8,18,231,-0.7412220108485957,-0.6712599575675315,60.0,24.673,205.6,0.0,0.0,4.96
2020,8,18,231,-0.7412220108485957,-0.6712599575675315,80.1,23.431,209.9,0.0,0.0,4.12
2020,8,18,231,-0.7412220108485957,-0.6712599575675315,100.6,22.219,206.2,0.09,0.0,2.46
2020,8,18,231,-0.7412220108485957,-0.6712599575675315,120.5,21.226,200.2,1.52,0.07,1.48
2020,8,18,231,-0.7412220108485957,-0.6712599575675315,141.3,20.465,204.1,1.15,0.04,0.27
2020,9,24,268,-0.9951053111006974,-0.09882013873287211,3.7,26.045,205.6,0.0,0.0,7.98
2020,9,24,268,-0.9951053111006974,-0.09882013873287211,19.0,26.052,206.0,0.0,0.0,8.24
2020,9,24,268,-0.9951053111006974,-0.09882013873287211,41.8,26.051,206.4,0.0,0.0,6.85
2020,9,24,268,-0.9951053111006974,-0.09882013873287211,58.2,23.513,206.4,0.0,0.0,9.6
2020,9,24,268,-0.9951053111006974,-0.09882013873287211,79.4,20.856,232.6,0.0,0.0,7.7
2020,9,24,268,-0.9951053111006974,-0.09882013873287211,100.0,20.204,227.9,0.0,0.0,4.1
2020,9,24,268,-0.9951053111006974,-0.09882013873287211,120.1,19.885,219.8,0.0,0.0,1.93
2020,9,24,268,-0.9951053111006974,-0.09882013873287211,140.0,19.608,210.6,0.14,0.0,0.36
2020,10,26,300,-0.8996308696522434,0.4366512319560638,4.6,25.526,205.1,0.0,0.0,3.26
2020,10,26,300,-0.8996308696522434,0.4366512319560638,19.1,25.53,204.7,0.0,0.0,3.27
2020,10,26,300,-0.8996308696522434,0.4366512319560638,40.7,25.539,204.7,0.0,0.0,1.4
2020,10,26,300,-0.8996308696522434,0.4366512319560638,60.6,25.019,225.3,0.0,0.0,2.11
2020,10,26,300,-0.8996308696522434,0.4366512319560638,79.9,22.197,225.0,0.0,0.0,-0.08
2020,10,26,300,-0.8996308696522434,0.4366512319560638,100.4,20.616,211.8,0.0,0.0,0.53
2020,10,26,300,-0.8996308696522434,0.4366512319560638,120.5,20.063,205.3,0.0,0.0,0.53
2020,10,26,300,-0.8996308696522434,0.4366512319560638,141.1,19.614,204.5,1.67,0.05,0.09
2020,11,19,324,-0.6486295610349818,0.7611042586607742,5.3,23.852,210.3,0.0,0.0,4.22
2020,11,19,324,-0.6486295610349818,0.7611042586607742,19.5,23.865,210.4,0.0,0.0,3.74
2020,11,19,324,-0.6486295610349818,0.7611042586607742,40.1,23.877,210.4,0.0,0.0,4.33
2020,11,19,324,-0.6486295610349818,0.7611042586607742,40.1,23.877,210.4,0.0,0.0,2.23
2020,11,19,324,-0.6486295610349818,0.7611042586607742,80.7,23.881,211.0,0.0,0.0,0.94
2020,11,19,324,-0.6486295610349818,0.7611042586607742,100.7,21.234,222.7,0.0,0.0,0.57
2020,11,19,324,-0.6486295610349818,0.7611042586607742,121.4,20.402,211.3,0.21,0.0,-0.34
2020,11,19,324,-0.6486295610349818,0.7611042586607742,144.1,19.761,205.1,0.48,0.0,0.38
2020,12,12,347,-0.3049212246562894,0.9523775757303973,5.1,22.538,213.4,0.0,0.0,4.63
2020,12,12,347,-0.3049212246562894,0.9523775757303973,20.2,22.547,213.0,0.0,0.0,5.19
2020,12,12,347,-0.3049212246562894,0.9523775757303973,40.2,22.55,213.0,0.0,0.0,3.92
2020,12,12,347,-0.3049212246562894,0.9523775757303973,60.6,22.558,212.8,0.0,0.0,2.29
2020,12,12,347,-0.3049212246562894,0.9523775757303973,79.7,22.633,212.8,0.0,0.0,0.83
2020,12,12,347,-0.3049212246562894,0.9523775757303973,100.2,20.446,210.4,0.26,0.0,1.21
2020,12,12,347,-0.3049212246562894,0.9523775757303973,119.3,20.336,203.5,1.09,0.04,0.02
2020,12,12,347,-0.3049212246562894,0.9523775757303973,140.4,19.581,203.6,1.75,0.06,-0.24
2021,2,14,45,0.699458327051647,0.7146733860429609,40.1,19.905,222.3,0.38,0.0,16.8
2021,2,14,45,0.699458327051647,0.7146733860429609,60.4,19.888,220.6,0.0,0.0,6.13
2021,2,14,45,0.699458327051647,0.7146733860429609,80.7,19.871,219.9,0.08,0.0,0.14
2021,2,14,45,0.699458327051647,0.7146733860429609,100.0,19.868,220.3,0.65,0.0,0.43
2021,2,14,45,0.699458327051647,0.7146733860429609,120.9,19.847,220.1,0.73,0.0,1.4
2021,2,14,45,0.699458327051647,0.7146733860429609,140.9,19.845,219.9,0.71,0.0,0.66
2021,3,18,77,0.9700639218515071,0.2428497220959356,5.0,19.775,223.2,0.14,0.0,12.16
2021,3,18,77,0.9700639218515071,0.2428497220959356,19.2,19.778,223.4,0.13,0.0,17.1
2021,3,18,77,0.9700639218515071,0.2428497220959356,39.9,19.782,223.6,0.12,0.0,14.0
2021,3,18,77,0.9700639218515071,0.2428497220959356,60.7,19.784,223.7,0.13,0.0,8.22
2021,3,18,77,0.9700639218515071,0.2428497220959356,77.8,19.79,223.4,0.12,0.0,2.34
2021,3,18,77,0.9700639218515071,0.2428497220959356,100.5,19.797,223.0,0.13,0.0,0.9
2021,3,18,77,0.9700639218515071,0.2428497220959356,118.1,19.799,222.9,0.14,0.0,0.94
2021,3,18,77,0.9700639218515071,0.2428497220959356,140.5,19.801,223.0,0.14,0.0,0.97
2021,3,25,84,0.9922222094179323,0.12447926388678915,3.9,20.666,225.9,0.0,0.0,7.39
2021,3,25,84,0.9922222094179323,0.12447926388678915,20.2,20.094,226.3,0.0,0.0,5.1
2021,3,25,84,0.9922222094179323,0.12447926388678915,40.4,19.847,225.6,0.0,0.0,6.47
2021,3,25,84,0.9922222094179323,0.12447926388678915,59.8,19.8,225.3,0.0,0.0,9.47
2021,3,25,84,0.9922222094179323,0.12447926388678915,80.3,19.77,224.2,0.0,0.0,3.17
2021,3,25,84,0.9922222094179323,0.12447926388678915,98.5,19.764,223.3,0.2,0.0,1.13
2021,3,25,84,0.9922222094179323,0.12447926388678915,120.5,19.763,221.7,0.25,0.0,0.12
2021,3,25,84,0.9922222094179323,0.12447926388678915,140.7,19.769,222.1,0.26,0.0,0.29
2021,4,29,119,0.8880573226294932,-0.45973273945210397,6.0,21.793,219.2,0.0,0.0,5.29
2021,4,29,119,0.8880573226294932,-0.45973273945210397,19.9,21.684,219.0,0.0,0.0,5.08
2021,4,29,119,0.8880573226294932,-0.45973273945210397,39.8,21.285,219.1,0.0,0.0,4.67
2021,4,29,119,0.8880573226294932,-0.45973273945210397,59.1,20.436,218.0,0.0,0.0,6.7
2021,4,29,119,0.8880573226294932,-0.45973273945210397,79.9,20.051,198.4,0.0,0.0,4.62
2021,4,29,119,0.8880573226294932,-0.45973273945210397,100.4,19.784,198.4,1.1,0.0,0.62
2021,4,29,119,0.8880573226294932,-0.45973273945210397,120.6,19.584,209.1,1.27,0.0,0.56
2021,4,29,119,0.8880573226294932,-0.45973273945210397,141.3,19.5,202.4,1.75,0.05,0.12
2021,5,14,134,0.7412220108485958,-0.6712599575675313,5.8,21.937,220.1,0.0,0.0,10.05
2021,5,14,134,0.7412220108485958,-0.6712599575675313,19.8,21.766,222.4,0.0,0.0,5.62
2021,5,14,134,0.7412220108485958,-0.6712599575675313,39.9,20.732,224.4,0.0,0.0,4.97
2021,5,14,134,0.7412220108485958,-0.6712599575675313,60.2,20.288,224.7,0.0,0.0,3.95
2021,5,14,134,0.7412220108485958,-0.6712599575675313,80.1,20.165,220.9,0.0,0.0,2.14
2021,5,14,134,0.7412220108485958,-0.6712599575675313,99.0,20.019,218.4,0.34,0.0,1.75
2021,5,14,134,0.7412220108485958,-0.6712599575675313,120.2,19.827,212.6,1.02,0.0,0.11
2021,5,14,134,0.7412220108485958,-0.6712599575675313,140.1,19.608,209.8,1.55,0.06,0.19
2021,6,16,167,0.26366549272800704,-0.9646141756912435,4.4,25.666,207.7,0.0,0.0,3.77
2021,6,16,167,0.26366549272800704,-0.9646141756912435,19.0,25.59,207.5,0.0,0.0,4.09
2021,6,16,167,0.26366549272800704,-0.9646141756912435,39.9,22.37,222.9,0.0,0.0,3.84
2021,6,16,167,0.26366549272800704,-0.9646141756912435,61.3,21.434,228.1,0.0,0.0,3.16
2021,6,16,167,0.26366549272800704,-0.9646141756912435,80.1,20.84,213.6,0.29,0.0,1.59
2021,6,16,167,0.26366549272800704,-0.9646141756912435,99.2,20.272,220.3,0.0,0.0,0.8
2021,6,16,167,0.26366549272800704,-0.9646141756912435,119.9,19.821,204.1,0.0,0.0,0.67
2021,6,16,167,0.26366549272800704,-0.9646141756912435,139.9,19.567,210.1,1.71,0.07,-0.23
2021,7,10,191,-0.14579919691987442,-0.9893142039703664,4.1,26.809,201.4,0.0,0.0,5.69
2021,7,10,191,-0.14579919691987442,-0.9893142039703664,19.8,27.098,203.6,0.0,0.0,4.43
2021,7,10,191,-0.14579919691987442,-0.9893142039703664,39.7,23.838,221.9,0.0,0.0,4.75
2021,7,10,191,-0.14579919691987442,-0.9893142039703664,59.7,22.059,228.7,0.0,0.0,4.55
2021,7,10,191,-0.14579919691987442,-0.9893142039703664,79.9,20.928,224.3,0.0,0.0,4.96
2021,7,10,191,-0.14579919691987442,-0.9893142039703664,100.3,20.188,213.6,0.0,0.0,2.87
2021,7,10,191,-0.14579919691987442,-0.9893142039703664,119.9,19.741,207.6,0.0,0.0,0.96
2021,7,10,191,-0.14579919691987442,-0.9893142039703664,139.4,19.407,200.1,2.32,0.1,-0.16
2021,8,20,232,-0.7526668275320083,-0.6584015846980489,4.3,28.086,199.1,0.0,0.0,4.72
2021,8,20,232,-0.7526668275320083,-0.6584015846980489,20.6,27.951,199.4,0.0,0.0,5.71
2021,8,20,232,-0.7526668275320083,-0.6584015846980489,39.8,24.048,209.0,0.0,0.0,5.02
2021,8,20,232,-0.7526668275320083,-0.6584015846980489,59.6,22.243,232.5,0.0,0.0,4.55
2021,8,20,232,-0.7526668275320083,-0.6584015846980489,79.8,21.03,222.0,0.0,0.0,2.97
2021,8,20,232,-0.7526668275320083,-0.6584015846980489,99.6,20.208,205.3,0.63,0.0,2.31
2021,8,20,232,-0.7526668275320083,-0.6584015846980489,120.2,19.792,198.5,0.15,0.0,0.85
2021,8,20,232,-0.7526668275320083,-0.6584015846980489,140.3,19.468,198.0,2.61,0.11,0.19
2021,9,13,256,-0.9536809966304455,-0.300819807635668,4.4,28.53,188.3,0.0,0.0,2.68
2021,9,13,256,-0.9536809966304455,-0.300819807635668,20.3,28.455,197.0,0.0,0.0,3.43
2021,9,13,256,-0.9536809966304455,-0.300819807635668,39.8,28.424,197.5,0.0,0.0,1.63
2021,9,13,256,-0.9536809966304455,-0.300819807635668,60.7,24.795,236.2,0.0,0.0,2.43
2021,9,13,256,-0.9536809966304455,-0.300819807635668,80.0,22.218,233.4,0.0,0.0,1.6
2021,9,13,256,-0.9536809966304455,-0.300819807635668,100.3,21.598,227.1,0.0,0.0,1.64
2021,9,13,256,-0.9536809966304455,-0.300819807635668,120.3,20.642,210.6,0.08,0.0,0.9
2021,9,13,256,-0.9536809966304455,-0.300819807635668,140.8,20.073,202.3,0.61,0.0,0.27
2021,10,6,279,-0.9959189961471792,0.0902516100310407,5.5,27.468,199.3,0.0,0.0,3.69
2021,10,6,279,-0.9959189961471792,0.0902516100310407,19.4,27.469,199.4,0.0,0.0,4.58
2021,10,6,279,-0.9959189961471792,0.0902516100310407,38.5,27.469,199.3,0.0,0.0,4.19
2021,10,6,279,-0.9959189961471792,0.0902516100310407,59.9,24.188,232.7,0.0,0.0,3.95
2021,10,6,279,-0.9959189961471792,0.0902516100310407,80.4,22.014,231.2,0.0,0.0,3.05
2021,10,6,279,-0.9959189961471792,0.0902516100310407,100.1,20.266,219.1,0.0,0.0,1.58
2021,10,6,279,-0.9959189961471792,0.0902516100310407,119.5,20.217,205.7,0.49,0.0,0.58
2021,10,6,279,-0.9959189961471792,0.0902516100310407,141.9,19.679,205.0,0.83,0.04,0.41
2021,11,18,322,-0.6744436188329457,0.7383263540031063,4.4,24.273,208.0,0.0,0.0,6.11
2021,11,18,322,-0.6744436188329457,0.7383263540031063,20.1,24.275,207.8,0.0,0.0,6.35
2021,11,18,322,-0.6744436188329457,0.7383263540031063,40.0,24.272,207.7,0.0,0.0,3.87
2021,11,18,322,-0.6744436188329457,0.7383263540031063,59.0,24.284,207.8,0.0,0.0,2.72
2021,11,18,322,-0.6744436188329457,0.7383263540031063,79.5,23.823,206.6,0.0,0.0,2.15
2021,11,18,322,-0.6744436188329457,0.7383263540031063,99.6,22.438,202.3,0.52,0.06,0.44
2021,11,18,322,-0.6744436188329457,0.7383263540031063,120.0,20.967,202.7,0.47,0.04,0.7
2021,11,18,322,-0.6744436188329457,0.7383263540031063,140.5,20.048,199.1,1.52,0.05,0.24
2021,12,14,348,-0.2884824328806098,0.9574851883550389,4.3,22.532,211.1,0.0,0.0,14.43
2021,12,14,348,-0.2884824328806098,0.9574851883550389,19.4,22.541,211.0,0.0,0.0,11.88
2021,12,14,348,-0.2884824328806098,0.9574851883550389,39.3,22.552,212.8,0.0,0.0,6.86
2021,12,14,348,-0.2884824328806098,0.9574851883550389,58.8,22.553,212.6,0.06,0.0,2.43
2021,12,14,348,-0.2884824328806098,0.9574851883550389,80.0,22.447,211.3,0.0,0.06,0.61
2021,12,14,348,-0.2884824328806098,0.9574851883550389,99.9,22.352,210.8,0.16,0.0,-0.09
2021,12,14,348,-0.2884824328806098,0.9574851883550389,118.7,22.27,203.3,0.69,0.0,0.1
2021,12,14,348,-0.2884824328806098,0.9574851883550389,141.1,21.527,190.0,1.84,0.07,0.11
2022,1,13,13,0.2219215130041655,0.9750645322571948,5.4,22.942,211.6,0.0,0.0,3.33
2022,1,13,13,0.2219215130041655,0.9750645322571948,19.2,22.941,211.5,0.0,0.0,3.33
2022,1,13,13,0.2219215130041655,0.9750645322571948,39.3,22.943,211.4,0.0,0.0,3.31
2022,1,13,13,0.2219215130041655,0.9750645322571948,59.4,22.953,211.6,0.0,0.0,2.01
2022,1,13,13,0.2219215130041655,0.9750645322571948,79.8,22.955,211.4,0.0,0.0,1.39
2022,1,13,13,0.2219215130041655,0.9750645322571948,98.9,22.939,211.6,0.0,0.0,0.41
2022,1,13,13,0.2219215130041655,0.9750645322571948,119.3,20.948,211.4,0.43,0.0,0.66
2022,1,13,13,0.2219215130041655,0.9750645322571948,139.3,20.36,203.4,0.24,0.0,0.15
2022,4,7,97,0.9951053111006976,-0.09882013873287143,4.6,21.033,221.1,0.0,0.0,10.46
2022,4,7,97,0.9951053111006976,-0.09882013873287143,19.7,20.82,222.2,0.0,0.0,11.49
2022,4,7,97,0.9951053111006976,-0.09882013873287143,40.2,20.337,225.9,0.0,0.0,7.13
2022,4,7,97,0.9951053111006976,-0.09882013873287143,80.0,20.102,222.4,0.15,0.0,5.61
2022,4,7,97,0.9951053111006976,-0.09882013873287143,98.9,19.955,218.3,0.64,0.0,1.71
2022,4,7,97,0.9951053111006976,-0.09882013873287143,120.0,19.92,217.6,0.77,0.0,0.46
2022,4,7,97,0.9951053111006976,-0.09882013873287143,140.5,19.904,217.4,0.75,0.0,0.05
2022,5,2,122,0.8631421280499114,-0.5049610547215204,4.4,20.787,221.7,0.0,0.0,4.23
2022,5,2,122,0.8631421280499114,-0.5049610547215204,19.7,20.797,222.4,0.0,0.0,5.56
2022,5,2,122,0.8631421280499114,-0.5049610547215204,39.6,20.797,222.8,0.0,0.0,3.85
2022,5,2,122,0.8631421280499114,-0.5049610547215204,61.5,20.8,222.4,0.0,0.0,4.32
2022,5,2,122,0.8631421280499114,-0.5049610547215204,80.4,20.767,222.3,0.0,0.0,2.69
2022,5,2,122,0.8631421280499114,-0.5049610547215204,100.0,20.282,222.4,0.06,0.0,3.86
2022,5,2,122,0.8631421280499114,-0.5049610547215204,121.7,19.998,219.9,0.93,0.0,0.58
2022,5,2,122,0.8631421280499114,-0.5049610547215204,140.5,19.907,215.1,0.89,0.0,0.58
2022,5,24,144,0.6152845999633276,-0.7883050558305255,4.5,24.192,210.4,0.0,0.0,4.48
2022,5,24,144,0.6152845999633276,-0.7883050558305255,19.7,23.506,214.7,0.0,0.0,3.74
2022,5,24,144,0.6152845999633276,-0.7883050558305255,40.5,23.05,216.3,0.0,0.0,3.33
2022,5,24,144,0.6152845999633276,-0.7883050558305255,60.5,22.42,217.0,0.0,0.0,3.1
2022,5,24,144,0.6152845999633276,-0.7883050558305255,81.2,21.26,216.6,0.0,0.0,3.04
2022,5,24,144,0.6152845999633276,-0.7883050558305255,98.6,21.091,223.0,0.0,0.0,2.17
2022,5,24,144,0.6152845999633276,-0.7883050558305255,119.7,20.423,215.2,0.2,0.0,1.72
2022,5,24,144,0.6152845999633276,-0.7883050558305255,141.7,20.076,214.4,0.17,0.0,1.0
2022,6,29,180,0.04302223300453059,-0.99907411510223,4.7,24.415,211.7,0.0,0.0,5.12
2022,6,29,180,0.04302223300453059,-0.99907411510223,19.0,24.178,210.5,0.0,0.0,4.55
2022,6,29,180,0.04302223300453059,-0.99907411510223,39.5,22.136,220.7,0.0,0.0,5.23
2022,6,29,180,0.04302223300453059,-0.99907411510223,60.6,20.668,224.7,0.0,0.0,6.68
2022,6,29,180,0.04302223300453059,-0.99907411510223,79.8,20.373,218.1,0.0,0.0,3.86
2022,6,29,180,0.04302223300453059,-0.99907411510223,99.4,20.193,216.4,0.58,0.0,1.14
2022,6,29,180,0.04302223300453059,-0.99907411510223,119.9,20.011,210.6,0.81,0.0,-0.18
2022,6,29,180,0.04302223300453059,-0.99907411510223,140.3,19.923,210.6,1.01,0.04,-0.8
2022,7,15,196,-0.23030567023061196,-0.973118337233262,4.7,26.493,205.6,0.0,0.0,4.41
2022,7,15,196,-0.23030567023061196,-0.973118337233262,19.5,25.81,217.6,0.0,0.0,3.7
2022,7,15,196,-0.23030567023061196,-0.973118337233262,40.8,22.617,224.9,0.0,0.0,5.07
2022,7,15,196,-0.23030567023061196,-0.973118337233262,60.4,20.975,227.6,0.0,0.0,4.26
2022,7,15,196,-0.23030567023061196,-0.973118337233262,79.1,20.237,225.9,0.0,0.0,2.74
2022,7,15,196,-0.23030567023061196,-0.973118337233262,100.3,19.657,218.1,0.72,0.0,1.99
2022,7,15,196,-0.23030567023061196,-0.973118337233262,120.1,19.439,213.1,0.85,0.0,0.39
2022,7,15,196,-0.23030567023061196,-0.973118337233262,139.9,19.374,210.9,1.4,0.04,-0.41
2022,8,14,226,-0.6807734094770159,-0.7324940716135792,4.3,29.324,196.9,0.0,0.0,5.7
2022,8,14,226,-0.6807734094770159,-0.7324940716135792,20.1,27.012,210.7,0.0,0.0,5.97
2022,8,14,226,-0.6807734094770159,-0.7324940716135792,40.9,23.703,226.1,0.0,0.0,5.6
2022,8,14,226,-0.6807734094770159,-0.7324940716135792,60.3,21.53,232.9,0.0,0.0,4.49
2022,8,14,226,-0.6807734094770159,-0.7324940716135792,80.1,20.16,224.1,0.1,0.0,3.54
2022,8,14,226,-0.6807734094770159,-0.7324940716135792,100.1,19.828,215.8,0.0,0.0,2.97
2022,8,14,226,-0.6807734094770159,-0.7324940716135792,120.2,19.442,214.9,0.75,0.0,0.45
2022,8,14,226,-0.6807734094770159,-0.7324940716135792,143.3,19.313,207.7,1.25,0.0,-0.47
2022,9,17,260,-0.9721181966290612,-0.23449138957041052,5.7,26.899,204.1,0.0,0.0,3.59
2022,9,17,260,-0.9721181966290612,-0.23449138957041052,20.5,26.574,209.4,0.0,0.0,2.23
2022,9,17,260,-0.9721181966290612,-0.23449138957041052,39.9,26.115,211.6,0.0,0.0,4.47
2022,9,17,260,-0.9721181966290612,-0.23449138957041052,60.1,23.54,218.9,0.0,0.0,3.6
2022,9,17,260,-0.9721181966290612,-0.23449138957041052,80.1,20.209,222.6,0.0,0.0,3.58
2022,9,17,260,-0.9721181966290612,-0.23449138957041052,100.1,19.903,205.1,0.7,0.0,1.99
2022,9,17,260,-0.9721181966290612,-0.23449138957041052,119.4,19.664,194.9,1.66,0.0,0.11
2022,9,17,260,-0.9721181966290612,-0.23449138957041052,140.2,19.392,202.4,2.11,0.07,-0.25
2022,11,25,329,-0.5808002734538013,0.8140460935082175,6.1,24.82,206.8,0.0,0.0,3.61
2022,11,25,329,-0.5808002734538013,0.8140460935082175,20.4,24.831,206.7,0.0,0.0,4.56
2022,11,25,329,-0.5808002734538013,0.8140460935082175,39.5,24.834,206.5,0.1,0.0,3.41
2022,11,25,329,-0.5808002734538013,0.8140460935082175,59.9,24.845,206.7,0.0,0.0,2.77
2022,11,25,329,-0.5808002734538013,0.8140460935082175,80.2,22.527,217.8,0.0,0.0,1.91
2022,11,25,329,-0.5808002734538013,0.8140460935082175,100.9,21.07,212.6,0.0,0.0,0.59
2022,11,25,329,-0.5808002734538013,0.8140460935082175,119.5,20.477,205.8,0.2,0.0,0.4
2022,11,25,329,-0.5808002734538013,0.8140460935082175,140.3,19.944,200.7,1.0,0.0,0.27
2022,12,16,350,-0.2553532951161881,0.9668478136052773,6.1,22.657,211.6,0.0,0.0,8.12
2022,12,16,350,-0.2553532951161881,0.9668478136052773,20.0,22.66,211.3,0.0,0.0,8.92
2022,12,16,350,-0.2553532951161881,0.9668478136052773,39.1,22.637,211.5,0.0,0.0,4.82
2022,12,16,350,-0.2553532951161881,0.9668478136052773,61.5,22.645,211.3,0.0,0.0,2.01
2022,12,16,350,-0.2553532951161881,0.9668478136052773,79.7,22.639,211.3,0.0,0.0,-1.46
2022,12,16,350,-0.2553532951161881,0.9668478136052773,101.8,22.558,209.2,0.17,0.0,-0.67
2022,12,16,350,-0.2553532951161881,0.9668478136052773,122.5,20.726,203.9,0.7,0.0,-0.59
2022,12,16,350,-0.2553532951161881,0.9668478136052773,137.4,20.1,201.8,1.2,0.0,-2.18
2023,1,12,12,0.2051044998686192,0.9787400799669153,4.3,21.548,215.3,0.0,0.0,7.28
2023,1,12,12,0.2051044998686192,0.9787400799669153,19.9,21.779,215.1,0.0,0.0,6.41
2023,1,12,12,0.2051044998686192,0.9787400799669153,39.9,21.771,215.1,0.0,0.0,5.18
2023,1,12,12,0.2051044998686192,0.9787400799669153,59.9,21.763,215.2,0.0,0.0,4.87
2023,1,12,12,0.2051044998686192,0.9787400799669153,80.0,21.812,215.1,0.0,0.0,1.31
2023,1,12,12,0.2051044998686192,0.9787400799669153,99.1,21.757,215.1,0.34,0.0,-0.2
2023,1,12,12,0.2051044998686192,0.9787400799669153,118.9,20.401,212.7,0.49,0.0,0.08
2023,1,12,12,0.2051044998686192,0.9787400799669153,141.1,19.845,201.8,0.99,0.0,-0.4
2023,2,5,36,0.5808002734538009,0.8140460935082178,4.2,20.696,219.6,0.06,0.0,3.96
2023,2,5,36,0.5808002734538009,0.8140460935082178,19.2,20.691,219.4,0.05,0.0,7.19
2023,2,5,36,0.5808002734538009,0.8140460935082178,39.3,20.704,219.4,0.06,0.0,4.3
2023,2,5,36,0.5808002734538009,0.8140460935082178,61.6,20.711,219.4,0.07,0.0,4.55
2023,2,5,36,0.5808002734538009,0.8140460935082178,78.9,20.729,220.1,0.06,0.0,0.28
2023,2,5,36,0.5808002734538009,0.8140460935082178,100.5,20.72,219.2,0.09,0.0,-0.22
2023,2,5,36,0.5808002734538009,0.8140460935082178,121.6,20.64,215.1,0.39,0.0,-1.24
2023,2,5,36,0.5808002734538009,0.8140460935082178,143.1,20.299,201.1,1.33,0.04,0.21
2023,3,20,79,0.9778483415056568,0.20931464596304847,4.8,20.463,219.8,0.39,0.0,5.38
2023,3,20,79,0.9778483415056568,0.20931464596304847,21.1,20.436,219.8,0.37,0.0,6.63
2023,3,20,79,0.9778483415056568,0.20931464596304847,39.0,20.441,219.7,0.09,0.0,6.28
2023,3,20,79,0.9778483415056568,0.20931464596304847,59.5,20.446,219.6,0.41,0.0,4.13
2023,3,20,79,0.9778483415056568,0.20931464596304847,80.2,20.448,219.4,0.0,0.0,1.55
2023,3,20,79,0.9778483415056568,0.20931464596304847,99.2,20.422,219.0,0.08,0.0,0.3
2023,3,20,79,0.9778483415056568,0.20931464596304847,119.2,20.351,218.4,0.16,0.0,0.85
2023,3,20,79,0.9778483415056568,0.20931464596304847,139.8,20.33,218.4,0.16,0.0,-0.97
2023,4,15,105,0.9721181966290613,-0.23449138957040985,4.7,21.186,225.6,0.0,0.0,6.95
2023,4,15,105,0.9721181966290613,-0.23449138957040985,20.3,20.884,224.4,0.0,0.0,5.7
2023,4,15,105,0.9721181966290613,-0.23449138957040985,39.3,20.788,224.8,0.0,0.0,5.5
2023,4,15,105,0.9721181966290613,-0.23449138957040985,59.8,20.258,225.0,0.0,0.0,5.99
2023,4,15,105,0.9721181966290613,-0.23449138957040985,79.2,20.064,226.2,0.38,0.0,3.52
2023,4,15,105,0.9721181966290613,-0.23449138957040985,119.7,19.972,222.0,0.13,0.0,0.93
2023,4,15,105,0.9721181966290613,-0.23449138957040985,140.1,19.881,221.0,0.4,0.0,0.88
2023,5,13,133,0.7526668275320085,-0.6584015846980488,3.4,22.122,218.4,0.0,0.0,3.38
2023,5,13,133,0.7526668275320085,-0.6584015846980488,19.7,22.119,218.1,0.0,0.0,4.41
2023,5,13,133,0.7526668275320085,-0.6584015846980488,39.6,22.126,218.1,0.0,0.0,3.47
2023,5,13,133,0.7526668275320085,-0.6584015846980488,60.2,20.996,225.1,0.0,0.0,3.37
2023,5,13,133,0.7526668275320085,-0.6584015846980488,80.4,20.456,222.0,0.0,0.0,3.81
2023,5,13,133,0.7526668275320085,-0.6584015846980488,100.4,20.032,218.7,0.23,0.0,3.08
2023,5,13,133,0.7526668275320085,-0.6584015846980488,120.0,19.876,214.7,0.67,0.0,0.91
2023,5,13,133,0.7526668275320085,-0.6584015846980488,141.7,19.634,210.7,1.02,0.0,-0.87
2023,6,22,173,0.16280701293851715,-0.986657932891657,3.3,25.548,211.8,0.0,0.0,17.83
2023,6,22,173,0.16280701293851715,-0.986657932891657,20.0,23.327,214.9,0.0,0.0,7.27
2023,6,22,173,0.16280701293851715,-0.986657932891657,40.2,21.114,228.7,0.0,0.0,5.81
2023,6,22,173,0.16280701293851715,-0.986657932891657,59.9,20.593,227.6,0.0,0.0,6.18
2023,6,22,173,0.16280701293851715,-0.986657932891657,79.4,20.16,223.5,0.0,0.0,1.58
2023,6,22,173,0.16280701293851715,-0.986657932891657,99.9,19.825,218.3,0.52,0.0,1.18
2023,6,22,173,0.16280701293851715,-0.986657932891657,120.5,19.446,213.3,1.15,0.0,-0.26
2023,6,22,173,0.16280701293851715,-0.986657932891657,139.8,19.395,213.2,1.37,0.04,1.4
